\\Hourly Demand Report,,,,,,,
\\Created at 2020-03-13 07:30:12,,,,,,,
\\For 2020,,,,,,,
Date,Hour,Market Demand,Ontario Demand,Forecast,,abs,MAPE
01/01/2020,1,16565,13219,13305,,0.006505787,7.467994472
01/01/2020,2,16193,12895,12870,,0.001938736,
01/01/2020,3,16072,12554,12512,,0.003345547,
01/01/2020,4,15930,12360,12370,,0.000809061,
01/01/2020,5,15963,12353,12469,,0.009390431,
01/01/2020,6,16057,12458,12584,,0.010113983,
01/01/2020,7,16249,12729,12874,,0.011391311,
01/01/2020,8,16498,13180,13174,,0.000455235,
01/01/2020,9,16686,13406,13488,,0.006116664,
01/01/2020,10,16973,13765,13837,,0.005230657,
01/01/2020,11,17340,14078,14121,,0.003054411,
01/01/2020,12,17537,14373,14372,,6.95749E-05,
01/01/2020,13,17756,14495,14560,,0.004484305,
01/01/2020,14,17764,14513,14727,,0.014745401,
01/01/2020,15,17857,14690,15011,,0.0218516,
01/01/2020,16,17162,14753,15794,,0.07056192,
01/01/2020,17,17654,15490,16593,,0.07120723,
01/01/2020,18,18537,16324,16990,,0.040798824,
01/01/2020,19,18574,16208,16854,,0.039856861,
01/01/2020,20,18332,15911,16561,,0.040852241,
01/01/2020,21,18314,15535,16185,,0.041841004,
01/01/2020,22,18638,15222,15668,,0.029299698,
01/01/2020,23,17964,14426,14978,,0.038264245,
01/01/2020,24,17201,13698,14250,,0.040297854,
02/01/2020,1,16449,12996,13637,,0.049322869,
02/01/2020,2,16373,12662,13173,,0.040356974,
02/01/2020,3,16031,12435,12862,,0.034338561,
02/01/2020,4,15872,12365,12771,,0.032834614,
02/01/2020,5,16082,12481,12887,,0.032529445,
02/01/2020,6,16587,12940,13996,,0.081607419,
02/01/2020,7,17671,13999,15005,,0.071862276,
02/01/2020,8,19065,15238,15462,,0.014700092,
02/01/2020,9,19484,15655,15679,,0.001533057,
02/01/2020,10,19585,15819,15665,,0.009735129,
02/01/2020,11,19086,15839,15579,,0.016415178,
02/01/2020,12,19024,15846,15555,,0.018364256,
02/01/2020,13,18568,15685,15544,,0.00898948,
02/01/2020,14,19147,15926,15646,,0.017581314,
02/01/2020,15,19114,15932,15820,,0.007029877,
02/01/2020,16,19113,16048,16460,,0.025672981,
02/01/2020,17,19141,16846,17145,,0.017749021,
02/01/2020,18,19784,17621,17470,,0.008569321,
02/01/2020,19,19768,17331,17391,,0.003462005,
02/01/2020,20,19623,17099,17132,,0.001929937,
02/01/2020,21,19173,16784,16802,,0.00107245,
02/01/2020,22,18611,16005,16258,,0.01580756,
02/01/2020,23,18223,15145,15421,,0.018223836,
02/01/2020,24,17277,14154,14478,,0.022891056,
03/01/2020,1,16372,13369,13758,,0.029097165,
03/01/2020,2,16181,12976,13202,,0.017416769,
03/01/2020,3,15810,12588,12811,,0.017715284,
03/01/2020,4,15853,12570,12666,,0.007637232,
03/01/2020,5,16420,12759,12690,,0.005407947,
03/01/2020,6,16798,13419,13068,,0.026156942,
03/01/2020,7,16773,14323,13944,,0.026460937,
03/01/2020,8,17414,15321,14984,,0.021995953,
03/01/2020,9,17897,15941,15503,,0.027476319,
03/01/2020,10,17624,16053,15704,,0.021740485,
03/01/2020,11,18203,16339,15739,,0.036721954,
03/01/2020,12,18034,16358,15776,,0.035578922,
03/01/2020,13,18700,16684,15752,,0.055861904,
03/01/2020,14,18644,16744,15772,,0.058050645,
03/01/2020,15,18323,16516,15809,,0.042806975,
03/01/2020,16,18446,16491,15882,,0.036929234,
03/01/2020,17,18943,16991,16360,,0.037137308,
03/01/2020,18,19776,17675,17058,,0.034908062,
03/01/2020,19,19422,17228,17000,,0.01323427,
03/01/2020,20,19160,16918,16768,,0.008866296,
03/01/2020,21,18590,16669,16511,,0.009478673,
03/01/2020,22,18078,16091,16054,,0.002299422,
03/01/2020,23,17147,15254,15334,,0.005244526,
03/01/2020,24,16388,14304,14411,,0.007480425,
04/01/2020,1,16073,13670,13642,,0.002048281,
04/01/2020,2,15942,13237,13107,,0.009820956,
04/01/2020,3,15583,12942,12774,,0.012980992,
04/01/2020,4,15651,12814,12630,,0.014359295,
04/01/2020,5,15610,12814,12607,,0.016154206,
04/01/2020,6,15984,13030,12781,,0.019109747,
04/01/2020,7,16248,13623,13298,,0.023856713,
04/01/2020,8,16696,14289,14166,,0.00860802,
04/01/2020,9,17290,14854,14933,,0.005318433,
04/01/2020,10,17811,15432,15528,,0.00622084,
04/01/2020,11,18313,15880,15892,,0.000755668,
04/01/2020,12,19004,16125,16064,,0.003782946,
04/01/2020,13,19023,16131,16118,,0.000805902,
04/01/2020,14,18780,16123,16031,,0.005706134,
04/01/2020,15,18824,16082,16006,,0.00472578,
04/01/2020,16,19010,16139,16075,,0.003965549,
04/01/2020,17,19659,16640,16522,,0.007091346,
04/01/2020,18,20309,17273,17206,,0.003878886,
04/01/2020,19,20004,16885,17072,,0.011074919,
04/01/2020,20,19638,16579,16624,,0.002714277,
04/01/2020,21,19243,16251,16242,,0.000553812,
04/01/2020,22,18718,15788,15824,,0.002280213,
04/01/2020,23,17774,15023,15274,,0.016707715,
04/01/2020,24,17073,14213,14567,,0.024906775,
05/01/2020,1,17067,13678,13981,,0.022152361,
05/01/2020,2,17138,13156,13551,,0.030024324,
05/01/2020,3,16853,12831,13306,,0.037019718,
05/01/2020,4,17164,12827,13212,,0.030014813,
05/01/2020,5,17015,12822,13234,,0.032132273,
05/01/2020,6,17168,12994,13373,,0.029167308,
05/01/2020,7,16897,13468,13724,,0.019008019,
05/01/2020,8,16862,13991,14317,,0.023300693,
05/01/2020,9,17097,14406,14893,,0.033805359,
05/01/2020,10,17559,14727,15302,,0.039043933,
05/01/2020,11,17630,14913,15547,,0.042513243,
05/01/2020,12,17804,14979,15703,,0.048334335,
05/01/2020,13,18123,15208,15826,,0.040636507,
05/01/2020,14,18507,15412,15831,,0.027186608,
05/01/2020,15,18812,15750,15965,,0.013650794,
05/01/2020,16,18988,15992,16335,,0.021448224,
05/01/2020,17,19492,16846,17143,,0.017630298,
05/01/2020,18,20677,17885,18013,,0.007156835,
05/01/2020,19,20700,17617,17969,,0.0199807,
05/01/2020,20,20547,17288,17585,,0.017179547,
05/01/2020,21,20094,16853,17120,,0.015842877,
05/01/2020,22,19499,16207,16515,,0.019004134,
05/01/2020,23,18616,15354,15775,,0.027419565,
05/01/2020,24,18268,14477,14980,,0.034744768,
06/01/2020,1,18079,13928,14399,,0.033816772,
06/01/2020,2,17963,13629,14038,,0.030009538,
06/01/2020,3,17719,13484,13896,,0.030554732,
06/01/2020,4,17792,13454,13898,,0.033001338,
06/01/2020,5,17828,13602,14103,,0.036832819,
06/01/2020,6,17906,14206,14726,,0.036604252,
06/01/2020,7,18635,15539,15994,,0.029281164,
06/01/2020,8,20196,16992,17446,,0.026718456,
06/01/2020,9,20243,17125,17934,,0.047240876,
06/01/2020,10,20168,17055,17992,,0.0549399,
06/01/2020,11,20222,16949,18016,,0.062953567,
06/01/2020,12,19842,16846,18036,,0.070639915,
06/01/2020,13,19684,16738,18017,,0.076412953,
06/01/2020,14,19692,16548,18012,,0.088469906,
06/01/2020,15,19497,16419,18106,,0.102746818,
06/01/2020,16,19767,16723,18338,,0.096573581,
06/01/2020,17,20833,17668,18948,,0.072447362,
06/01/2020,18,22021,18680,19661,,0.05251606,
06/01/2020,19,21367,18368,19594,,0.066746516,
06/01/2020,20,21199,18196,19325,,0.062046604,
06/01/2020,21,20134,17817,18963,,0.064320593,
06/01/2020,22,19766,17122,18291,,0.068274734,
06/01/2020,23,18724,16078,17333,,0.078056972,
06/01/2020,24,17914,14881,16324,,0.09696929,
07/01/2020,1,17202,14347,15578,,0.08580191,
07/01/2020,2,17177,14010,15124,,0.079514632,
07/01/2020,3,16608,13781,14884,,0.080037733,
07/01/2020,4,16643,13867,14828,,0.069301219,
07/01/2020,5,16639,14074,14990,,0.065084553,
07/01/2020,6,17245,14606,15558,,0.065178694,
07/01/2020,7,18854,15931,16771,,0.052727387,
07/01/2020,8,19690,17335,18108,,0.044591866,
07/01/2020,9,19963,17547,18447,,0.051290819,
07/01/2020,10,19789,17363,18391,,0.059206358,
07/01/2020,11,19599,17155,18292,,0.066278053,
07/01/2020,12,19720,16869,18197,,0.078724287,
07/01/2020,13,19163,16508,18076,,0.09498425,
07/01/2020,14,18633,16333,18031,,0.103961305,
07/01/2020,15,18913,16439,18152,,0.104203419,
07/01/2020,16,19431,16715,18437,,0.103021238,
07/01/2020,17,20354,17399,19034,,0.093970918,
07/01/2020,18,21012,18266,19711,,0.079108727,
07/01/2020,19,21349,18118,19640,,0.084004857,
07/01/2020,20,21208,18010,19389,,0.076568573,
07/01/2020,21,20820,17686,19023,,0.075596517,
07/01/2020,22,20278,16970,18338,,0.080612846,
07/01/2020,23,19134,16024,17364,,0.083624563,
07/01/2020,24,18605,14916,16348,,0.096004291,
08/01/2020,1,18269,14222,15592,,0.09632963,
08/01/2020,2,17423,13877,15118,,0.089428551,
08/01/2020,3,17717,13682,14843,,0.084856015,
08/01/2020,4,17839,13733,14756,,0.074492099,
08/01/2020,5,17999,13914,14878,,0.069282737,
08/01/2020,6,18314,14500,15422,,0.063586207,
08/01/2020,7,18748,15743,16611,,0.055135616,
08/01/2020,8,20466,17297,17956,,0.038099092,
08/01/2020,9,20417,17549,18298,,0.042680495,
08/01/2020,10,20510,17465,18273,,0.046263956,
08/01/2020,11,20526,17360,18203,,0.048559908,
08/01/2020,12,20088,17291,18119,,0.047886184,
08/01/2020,13,20320,17134,18012,,0.051243142,
08/01/2020,14,20167,17035,17957,,0.054123863,
08/01/2020,15,19713,17162,18043,,0.051334343,
08/01/2020,16,20433,17606,18299,,0.039361581,
08/01/2020,17,21196,18465,18955,,0.026536691,
08/01/2020,18,21888,19597,19703,,0.005408991,
08/01/2020,19,22118,19786,19662,,0.006267058,
08/01/2020,20,21947,19688,19451,,0.01203779,
08/01/2020,21,21568,19503,19118,,0.019740553,
08/01/2020,22,20430,18598,18450,,0.007957845,
08/01/2020,23,19083,17607,17471,,0.007724201,
08/01/2020,24,18029,16503,16432,,0.004302248,
09/01/2020,1,17652,15786,15649,,0.008678576,
09/01/2020,2,17664,15456,15155,,0.019474638,
09/01/2020,3,17554,15165,14860,,0.0201121,
09/01/2020,4,17702,15115,14760,,0.023486603,
09/01/2020,5,18189,15348,14865,,0.031469898,
09/01/2020,6,18630,15751,15388,,0.023046156,
09/01/2020,7,19843,16969,16553,,0.024515293,
09/01/2020,8,20690,18288,17865,,0.023129921,
09/01/2020,9,21101,18448,18160,,0.015611448,
09/01/2020,10,20720,17980,18079,,0.005506118,
09/01/2020,11,20470,17776,17968,,0.01080108,
09/01/2020,12,20310,17618,17833,,0.012203428,
09/01/2020,13,20543,17638,17690,,0.00294818,
09/01/2020,14,21212,17858,17636,,0.012431403,
09/01/2020,15,21472,17896,17751,,0.008102369,
09/01/2020,16,21440,18289,18016,,0.014927005,
09/01/2020,17,21888,18887,18667,,0.011648224,
09/01/2020,18,22831,19758,19384,,0.018929041,
09/01/2020,19,22517,19587,19318,,0.013733599,
09/01/2020,20,22134,19294,19068,,0.011713486,
09/01/2020,21,21508,18842,18712,,0.00689948,
09/01/2020,22,20462,17985,18039,,0.003002502,
09/01/2020,23,19405,16785,17044,,0.015430444,
09/01/2020,24,18505,15603,15996,,0.025187464,
10/01/2020,1,18263,14871,15203,,0.022325331,
10/01/2020,2,17742,14289,14688,,0.027923578,
10/01/2020,3,17436,13879,14406,,0.037971035,
10/01/2020,4,17265,13714,14307,,0.043240484,
10/01/2020,5,17321,13789,14404,,0.044600769,
10/01/2020,6,17927,14350,14799,,0.031289199,
10/01/2020,7,18853,15546,15799,,0.016274283,
10/01/2020,8,19929,16947,17027,,0.0047206,
10/01/2020,9,20307,17492,17474,,0.001029042,
10/01/2020,10,20289,17355,17510,,0.008931144,
10/01/2020,11,20293,17425,17512,,0.004992826,
10/01/2020,12,20364,17529,17510,,0.001083918,
10/01/2020,13,20014,17451,17495,,0.002521345,
10/01/2020,14,20034,17486,17565,,0.0045179,
10/01/2020,15,19574,17396,17708,,0.017935158,
10/01/2020,16,19590,17520,17857,,0.01923516,
10/01/2020,17,20033,17951,18502,,0.030694669,
10/01/2020,18,20700,18297,19232,,0.051101273,
10/01/2020,19,19826,17691,19157,,0.082866995,
10/01/2020,20,18966,17317,18845,,0.088236993,
10/01/2020,21,18487,16996,18515,,0.08937397,
10/01/2020,22,18516,16443,17951,,0.091710758,
10/01/2020,23,17887,15623,17152,,0.097868527,
10/01/2020,24,16451,14421,16189,,0.122598988,
11/01/2020,1,16267,13665,15453,,0.130845225,
11/01/2020,2,16377,13151,14968,,0.138164398,
11/01/2020,3,16734,12932,14696,,0.136405815,
11/01/2020,4,16960,12680,14579,,0.149763407,
11/01/2020,5,16833,12642,14588,,0.15393134,
11/01/2020,6,16970,12836,14790,,0.152228108,
11/01/2020,7,17466,13526,15308,,0.131746266,
11/01/2020,8,17758,14171,16124,,0.137816668,
11/01/2020,9,18331,14770,16877,,0.142654028,
11/01/2020,10,19084,15641,17438,,0.114890352,
11/01/2020,11,19317,16397,17720,,0.080685491,
11/01/2020,12,19471,16638,17814,,0.070681572,
11/01/2020,13,19359,16955,17786,,0.049012091,
11/01/2020,14,19244,17318,17650,,0.019170805,
11/01/2020,15,19011,17352,17626,,0.015790687,
11/01/2020,16,19004,17160,17789,,0.036655012,
11/01/2020,17,19530,17613,18427,,0.046215863,
11/01/2020,18,20170,18052,19261,,0.066973189,
11/01/2020,19,19916,17561,19162,,0.091167929,
11/01/2020,20,19493,17039,18665,,0.095428135,
11/01/2020,21,18956,16771,18228,,0.086876155,
11/01/2020,22,18412,16237,17717,,0.091149843,
11/01/2020,23,17674,15427,17058,,0.105723731,
11/01/2020,24,17350,14601,16258,,0.113485378,
12/01/2020,1,16953,14042,14813,,0.054906708,
12/01/2020,2,17236,13671,14419,,0.054714359,
12/01/2020,3,17584,13474,14156,,0.050616001,
12/01/2020,4,17305,13440,14002,,0.041815476,
12/01/2020,5,17389,13387,13844,,0.034137596,
12/01/2020,6,17797,13709,13764,,0.004011963,
12/01/2020,7,18187,14288,13987,,0.021066629,
12/01/2020,8,18670,14948,14649,,0.020002676,
12/01/2020,9,18632,15583,15123,,0.029519348,
12/01/2020,10,18673,16179,15477,,0.043389579,
12/01/2020,11,19202,16759,15649,,0.066233069,
12/01/2020,12,18943,16970,16008,,0.056688273,
12/01/2020,13,18673,17134,16092,,0.060814754,
12/01/2020,14,18722,16996,15953,,0.061367381,
12/01/2020,15,18655,17032,16138,,0.052489432,
12/01/2020,16,18432,17278,16379,,0.052031485,
12/01/2020,17,19285,17983,17123,,0.047822944,
12/01/2020,18,20026,19012,18288,,0.038081212,
12/01/2020,19,19831,18687,18253,,0.023224702,
12/01/2020,20,19527,18112,18117,,0.00027606,
12/01/2020,21,19522,17642,17675,,0.001870536,
12/01/2020,22,18911,17063,17025,,0.002227041,
12/01/2020,23,18003,16240,16138,,0.006280788,
12/01/2020,24,17160,15448,15247,,0.013011393,
13/01/2020,1,16563,14740,14999,,0.017571235,
13/01/2020,2,16095,14359,14675,,0.022007104,
13/01/2020,3,16426,14339,14543,,0.014226934,
13/01/2020,4,16297,14488,14534,,0.003175041,
13/01/2020,5,16098,14462,14688,,0.015627161,
13/01/2020,6,16857,15178,15304,,0.008301489,
13/01/2020,7,18167,16554,16620,,0.003986952,
13/01/2020,8,19491,17968,18004,,0.002003562,
13/01/2020,9,20096,18421,18218,,0.011020031,
13/01/2020,10,20283,18480,18202,,0.01504329,
13/01/2020,11,20448,18391,18138,,0.013756729,
13/01/2020,12,20374,18249,18217,,0.001753521,
13/01/2020,13,19886,18132,18125,,0.000386058,
13/01/2020,14,20152,18049,18027,,0.001218904,
13/01/2020,15,20153,18005,18211,,0.011441266,
13/01/2020,16,20467,18108,18483,,0.020709079,
13/01/2020,17,21038,18642,19046,,0.021671494,
13/01/2020,18,21085,19271,19983,,0.036946707,
13/01/2020,19,20389,19041,20097,,0.055459272,
13/01/2020,20,20475,18771,20162,,0.074103671,
13/01/2020,21,20001,18349,19790,,0.07853289,
13/01/2020,22,19449,17631,19088,,0.082638534,
13/01/2020,23,18164,16486,18114,,0.098750455,
13/01/2020,24,16820,15353,17015,,0.108252459,
14/01/2020,1,15707,14611,16352,,0.1191568,
14/01/2020,2,15135,14013,16034,,0.144223221,
14/01/2020,3,15119,13792,15890,,0.152117169,
14/01/2020,4,15521,13749,15869,,0.154193032,
14/01/2020,5,15448,14068,15949,,0.133707705,
14/01/2020,6,17035,14668,16404,,0.118352877,
14/01/2020,7,18875,15920,17409,,0.093530151,
14/01/2020,8,20429,17457,18628,,0.067079109,
14/01/2020,9,20454,17751,18733,,0.055320827,
14/01/2020,10,20295,17680,18538,,0.048529412,
14/01/2020,11,20276,18022,18330,,0.017090223,
14/01/2020,12,20420,18070,18351,,0.015550636,
14/01/2020,13,19958,17884,18256,,0.020800716,
14/01/2020,14,19820,17809,18139,,0.018529957,
14/01/2020,15,19779,17716,18191,,0.026811921,
14/01/2020,16,19896,17905,18474,,0.031778833,
14/01/2020,17,20459,18392,19135,,0.040397999,
14/01/2020,18,21233,19128,20198,,0.055938938,
14/01/2020,19,21095,18766,20405,,0.087338804,
14/01/2020,20,21215,18361,20498,,0.116387996,
14/01/2020,21,20696,17992,20134,,0.119052912,
14/01/2020,22,20321,17376,19390,,0.115906998,
14/01/2020,23,19152,16401,18321,,0.117066033,
14/01/2020,24,17847,15098,17304,,0.146112068,
15/01/2020,1,16502,14319,17049,,0.190655772,
15/01/2020,2,16512,14114,16666,,0.180813377,
15/01/2020,3,16366,13952,16505,,0.182984518,
15/01/2020,4,16271,13742,16462,,0.197933343,
15/01/2020,5,16206,13900,16556,,0.191079137,
15/01/2020,6,16815,14569,17054,,0.170567644,
15/01/2020,7,18024,15852,18200,,0.148120111,
15/01/2020,8,19633,17223,19461,,0.129942519,
15/01/2020,9,19557,17405,19457,,0.117897156,
15/01/2020,10,19674,17378,19137,,0.101219933,
15/01/2020,11,19724,17460,19011,,0.088831615,
15/01/2020,12,19847,17284,18950,,0.096389725,
15/01/2020,13,19739,17361,18795,,0.082598929,
15/01/2020,14,19393,17128,18791,,0.09709248,
15/01/2020,15,19240,17157,18843,,0.098268928,
15/01/2020,16,19696,17428,19196,,0.101445949,
15/01/2020,17,20014,17933,19785,,0.103273295,
15/01/2020,18,20948,18573,20781,,0.118882248,
15/01/2020,19,21092,18667,20985,,0.124176354,
15/01/2020,20,20512,18315,21120,,0.153153153,
15/01/2020,21,20201,17972,20769,,0.155630982,
15/01/2020,22,19264,17284,20017,,0.15812312,
15/01/2020,23,18139,16197,18915,,0.167808853,
15/01/2020,24,17104,15070,17791,,0.180557399,
16/01/2020,1,16062,14258,16782,,0.177023425,
16/01/2020,2,16371,13938,16447,,0.180011479,
16/01/2020,3,16620,13913,16275,,0.169769281,
16/01/2020,4,17288,13919,16185,,0.162799052,
16/01/2020,5,17560,14069,16254,,0.155305992,
16/01/2020,6,17463,14603,16682,,0.142368007,
16/01/2020,7,18530,15811,17608,,0.11365505,
16/01/2020,8,19906,17207,18740,,0.089091649,
16/01/2020,9,20287,17574,18749,,0.066860134,
16/01/2020,10,20204,17430,18479,,0.060183592,
16/01/2020,11,19991,17317,18135,,0.047236819,
16/01/2020,12,19999,17288,18114,,0.047778806,
16/01/2020,13,19865,17150,18082,,0.054344023,
16/01/2020,14,19838,17148,17928,,0.045486354,
16/01/2020,15,19843,17100,18137,,0.060643275,
16/01/2020,16,20105,17340,18436,,0.063206459,
16/01/2020,17,20758,18021,19013,,0.05504689,
16/01/2020,18,21636,18926,20017,,0.057645567,
16/01/2020,19,21883,19155,20206,,0.054868181,
16/01/2020,20,21660,18982,20313,,0.07011906,
16/01/2020,21,21369,18730,19875,,0.061131874,
16/01/2020,22,20689,18135,19064,,0.051226909,
16/01/2020,23,19429,17174,17917,,0.043263072,
16/01/2020,24,18603,16097,16971,,0.054295832,
17/01/2020,1,18234,15653,15953,,0.019165655,
17/01/2020,2,18015,15442,15560,,0.007641497,
17/01/2020,3,17911,15353,15350,,0.000195402,
17/01/2020,4,17743,15340,15280,,0.003911343,
17/01/2020,5,17867,15597,15329,,0.017182792,
17/01/2020,6,18361,16202,15782,,0.025922726,
17/01/2020,7,19197,17401,16866,,0.030745359,
17/01/2020,8,20593,18891,18098,,0.041977661,
17/01/2020,9,20897,19202,18178,,0.053327778,
17/01/2020,10,20531,18835,17923,,0.048420494,
17/01/2020,11,20419,18544,17619,,0.049881363,
17/01/2020,12,20244,18312,17655,,0.035878113,
17/01/2020,13,20538,18110,17479,,0.034842628,
17/01/2020,14,20280,17936,17296,,0.035682426,
17/01/2020,15,20145,17859,17343,,0.028892995,
17/01/2020,16,20382,18142,17545,,0.032907066,
17/01/2020,17,21214,18877,18047,,0.043968851,
17/01/2020,18,22076,19928,19059,,0.043606985,
17/01/2020,19,21785,19739,19237,,0.025431886,
17/01/2020,20,21689,19617,19367,,0.012744049,
17/01/2020,21,21376,19277,18997,,0.014525082,
17/01/2020,22,20217,18508,18270,,0.012859304,
17/01/2020,23,19158,17646,17255,,0.022157996,
17/01/2020,24,17800,16227,16201,,0.001602268,
18/01/2020,1,17840,15466,15180,,0.018492176,
18/01/2020,2,17597,14990,14805,,0.012341561,
18/01/2020,3,17695,14615,14571,,0.003010606,
18/01/2020,4,17636,14543,14456,,0.00598226,
18/01/2020,5,17833,14504,14356,,0.010204082,
18/01/2020,6,18380,14832,14392,,0.029665588,
18/01/2020,7,18928,15442,14750,,0.044812848,
18/01/2020,8,19027,16040,15393,,0.040336658,
18/01/2020,9,19740,16995,15924,,0.063018535,
18/01/2020,10,20261,17692,16280,,0.079810084,
18/01/2020,11,20998,18189,16349,,0.101160042,
18/01/2020,12,20680,18524,16486,,0.110019434,
18/01/2020,13,20974,18721,16459,,0.120826879,
18/01/2020,14,21200,18640,16261,,0.127628755,
18/01/2020,15,21327,18462,16238,,0.120463655,
18/01/2020,16,21449,18449,16409,,0.110575099,
18/01/2020,17,21871,18798,16976,,0.096925205,
18/01/2020,18,22490,19417,17895,,0.07838492,
18/01/2020,19,22271,19030,17817,,0.063741461,
18/01/2020,20,21477,18305,17648,,0.035891833,
18/01/2020,21,20677,17667,17181,,0.027508915,
18/01/2020,22,19753,16926,16609,,0.018728583,
18/01/2020,23,18989,16157,15846,,0.019248623,
18/01/2020,24,18010,15280,15164,,0.007591623,
19/01/2020,1,17645,14570,14164,,0.027865477,
19/01/2020,2,17510,14154,13766,,0.027412746,
19/01/2020,3,17728,14034,13562,,0.033632607,
19/01/2020,4,17603,13813,13442,,0.026858756,
19/01/2020,5,17169,13669,13331,,0.024727486,
19/01/2020,6,17210,14012,13287,,0.051741365,
19/01/2020,7,17814,14457,13588,,0.06010929,
19/01/2020,8,17670,15025,14159,,0.057637271,
19/01/2020,9,18546,15781,14626,,0.073189278,
19/01/2020,10,19421,16458,14943,,0.092052497,
19/01/2020,11,19560,16809,15080,,0.102861562,
19/01/2020,12,19682,16880,15347,,0.090817536,
19/01/2020,13,19595,17063,15428,,0.095821368,
19/01/2020,14,19689,17003,15235,,0.10398165,
19/01/2020,15,19784,16974,15453,,0.089607635,
19/01/2020,16,19998,17145,15702,,0.084164479,
19/01/2020,17,20537,17771,16490,,0.072083732,
19/01/2020,18,21857,18939,17615,,0.069908654,
19/01/2020,19,21855,19032,17796,,0.064943253,
19/01/2020,20,21546,18742,17794,,0.050581581,
19/01/2020,21,21242,18487,17414,,0.058040785,
19/01/2020,22,20652,17852,16803,,0.058760923,
19/01/2020,23,19072,16806,15970,,0.049744139,
19/01/2020,24,18122,15911,15064,,0.053233612,
20/01/2020,1,17610,15390,15402,,0.000779727,
20/01/2020,2,17564,15211,15024,,0.012293735,
20/01/2020,3,17241,14957,14845,,0.007488133,
20/01/2020,4,17125,15020,14822,,0.013182423,
20/01/2020,5,17079,15346,14994,,0.022937573,
20/01/2020,6,18150,16068,15710,,0.022280309,
20/01/2020,7,19424,17245,17154,,0.005276892,
20/01/2020,8,20628,18571,18478,,0.005007808,
20/01/2020,9,20940,18897,18695,,0.010689527,
20/01/2020,10,21136,18798,18743,,0.002925843,
20/01/2020,11,21118,18562,18702,,0.007542291,
20/01/2020,12,20643,18230,18794,,0.030938014,
20/01/2020,13,20093,17876,18789,,0.051074066,
20/01/2020,14,20077,17571,18715,,0.065107279,
20/01/2020,15,19891,17457,18848,,0.079681503,
20/01/2020,16,20009,17708,19040,,0.075220239,
20/01/2020,17,21002,18472,19571,,0.059495453,
20/01/2020,18,22261,19522,20312,,0.040467165,
20/01/2020,19,22568,19756,20393,,0.032243369,
20/01/2020,20,22433,19560,20432,,0.044580777,
20/01/2020,21,21978,19233,20026,,0.041231217,
20/01/2020,22,21005,18500,19318,,0.044216216,
20/01/2020,23,19549,17419,18346,,0.053217751,
20/01/2020,24,18638,16452,17217,,0.046498906,
21/01/2020,1,18128,15764,16456,,0.043897488,
21/01/2020,2,17812,15360,16118,,0.049348958,
21/01/2020,3,17553,15140,15969,,0.054755614,
21/01/2020,4,17452,15053,15917,,0.057397197,
21/01/2020,5,17501,15250,16028,,0.051016393,
21/01/2020,6,17932,15744,16543,,0.050749492,
21/01/2020,7,19982,17087,17637,,0.032188213,
21/01/2020,8,21470,18481,18820,,0.018343163,
21/01/2020,9,21449,18793,18909,,0.006172511,
21/01/2020,10,21452,18750,18750,,0,
21/01/2020,11,21399,18684,18573,,0.005940912,
21/01/2020,12,21330,18435,18611,,0.009547057,
21/01/2020,13,20816,18297,18547,,0.013663442,
21/01/2020,14,20777,18253,18434,,0.009916178,
21/01/2020,15,20629,18155,18622,,0.025722941,
21/01/2020,16,20593,18202,18816,,0.033732557,
21/01/2020,17,19787,18003,19435,,0.079542299,
21/01/2020,18,20538,18600,20393,,0.096397849,
21/01/2020,19,20512,18721,20658,,0.103466695,
21/01/2020,20,20228,18485,20807,,0.125615364,
21/01/2020,21,19542,18278,20429,,0.11768246,
21/01/2020,22,19800,17954,19701,,0.097304222,
21/01/2020,23,18782,16841,18686,,0.109554064,
21/01/2020,24,17749,15864,17643,,0.112140696,
22/01/2020,1,17318,15152,17226,,0.13687962,
22/01/2020,2,17435,14807,16881,,0.140068886,
22/01/2020,3,17096,14595,16732,,0.146420007,
22/01/2020,4,16791,14546,16711,,0.148838169,
22/01/2020,5,16941,14642,16817,,0.148545281,
22/01/2020,6,17783,15234,17345,,0.138571616,
22/01/2020,7,19083,16552,18458,,0.115152247,
22/01/2020,8,20621,17946,19609,,0.09266689,
22/01/2020,9,20527,18091,19572,,0.08186391,
22/01/2020,10,20487,17938,19215,,0.071189653,
22/01/2020,11,20787,17848,18952,,0.06185567,
22/01/2020,12,20380,17549,18967,,0.080802325,
22/01/2020,13,19999,17149,18878,,0.100822205,
22/01/2020,14,19718,17026,18759,,0.101785505,
22/01/2020,15,19727,17195,18839,,0.095609189,
22/01/2020,16,20079,17559,19135,,0.089754542,
22/01/2020,17,20532,18236,19747,,0.082858083,
22/01/2020,18,21426,19013,20784,,0.093146794,
22/01/2020,19,21606,19126,21194,,0.108125065,
22/01/2020,20,21154,18932,21403,,0.130519755,
22/01/2020,21,20763,18649,21113,,0.132125047,
22/01/2020,22,20203,18042,20424,,0.132025274,
22/01/2020,23,19111,16925,19414,,0.147060561,
22/01/2020,24,17857,15684,18342,,0.169472073,
23/01/2020,1,16886,14807,17633,,0.190855676,
23/01/2020,2,16608,14377,17195,,0.196007512,
23/01/2020,3,16370,14111,16989,,0.203954362,
23/01/2020,4,16438,14079,16903,,0.200582428,
23/01/2020,5,16757,14479,17007,,0.174597693,
23/01/2020,6,17153,14918,17569,,0.177704786,
23/01/2020,7,18465,16102,18755,,0.164762141,
23/01/2020,8,19835,17458,19869,,0.138102875,
23/01/2020,9,20034,17729,19841,,0.119126854,
23/01/2020,10,19889,17593,19560,,0.111805832,
23/01/2020,11,20190,17667,19320,,0.093564272,
23/01/2020,12,20140,17576,19298,,0.097974511,
23/01/2020,13,20039,17314,19190,,0.108351623,
23/01/2020,14,19856,17271,19043,,0.102599734,
23/01/2020,15,19812,17317,19173,,0.107177918,
23/01/2020,16,19869,17453,19462,,0.11510915,
23/01/2020,17,20297,17946,19981,,0.113395743,
23/01/2020,18,20628,18537,20790,,0.121540702,
23/01/2020,19,20667,18559,21028,,0.133035185,
23/01/2020,20,20910,18382,21173,,0.151833315,
23/01/2020,21,20492,18038,20826,,0.15456259,
23/01/2020,22,19682,17462,20123,,0.152388043,
23/01/2020,23,18954,16359,19110,,0.168164313,
23/01/2020,24,17579,15204,17943,,0.180149961,
24/01/2020,1,17084,14418,16591,,0.150714385,
24/01/2020,2,16639,14039,16171,,0.151862668,
24/01/2020,3,16515,13841,15934,,0.151217398,
24/01/2020,4,16848,13800,15836,,0.147536232,
24/01/2020,5,16767,13817,15927,,0.152710429,
24/01/2020,6,16926,14305,16442,,0.149388326,
24/01/2020,7,18094,15469,17529,,0.133169565,
24/01/2020,8,19426,16851,18722,,0.111031986,
24/01/2020,9,19660,17138,18908,,0.103279262,
24/01/2020,10,19681,17171,18783,,0.093879215,
24/01/2020,11,19336,16958,18584,,0.095883949,
24/01/2020,12,19133,16825,18586,,0.104665676,
24/01/2020,13,19161,16611,18468,,0.11179339,
24/01/2020,14,18654,16380,18199,,0.111050061,
24/01/2020,15,19017,16417,18056,,0.099835536,
24/01/2020,16,19255,16602,18305,,0.102578003,
24/01/2020,17,19860,17128,18865,,0.101412891,
24/01/2020,18,20603,17720,19699,,0.111681716,
24/01/2020,19,20473,17768,19856,,0.117514633,
24/01/2020,20,20365,17639,19924,,0.129542491,
24/01/2020,21,20096,17408,19482,,0.119140625,
24/01/2020,22,19605,16876,18763,,0.111815596,
24/01/2020,23,18689,15881,17707,,0.114980165,
24/01/2020,24,17826,14747,16652,,0.129178816,
25/01/2020,1,17610,14282,15671,,0.097255286,
25/01/2020,2,16958,13691,15253,,0.114089548,
25/01/2020,3,16856,13305,14989,,0.126568959,
25/01/2020,4,16570,13151,14857,,0.129723975,
25/01/2020,5,16844,13372,14787,,0.105818127,
25/01/2020,6,16842,13732,14890,,0.084328576,
25/01/2020,7,16486,14111,15322,,0.085819573,
25/01/2020,8,17106,14877,16017,,0.076628352,
25/01/2020,9,17257,15642,16632,,0.063291139,
25/01/2020,10,18077,16237,16981,,0.045821272,
25/01/2020,11,18552,16738,17066,,0.019596129,
25/01/2020,12,18978,16961,17251,,0.017098048,
25/01/2020,13,19069,17037,17211,,0.010213066,
25/01/2020,14,18957,16948,16951,,0.000177012,
25/01/2020,15,18857,16846,16928,,0.004867624,
25/01/2020,16,19081,16844,17084,,0.014248397,
25/01/2020,17,19641,17178,17610,,0.025148446,
25/01/2020,18,20050,17629,18562,,0.052924159,
25/01/2020,19,19786,17417,18624,,0.069300109,
25/01/2020,20,18947,16868,18438,,0.093075646,
25/01/2020,21,18336,16414,17937,,0.092786646,
25/01/2020,22,18019,15823,17320,,0.094609113,
25/01/2020,23,17313,15118,16574,,0.096309036,
25/01/2020,24,16595,14379,15798,,0.098685583,
26/01/2020,1,16836,13852,15090,,0.089373376,
26/01/2020,2,16777,13376,14635,,0.094123804,
26/01/2020,3,16622,13013,14359,,0.103435027,
26/01/2020,4,16523,12964,14203,,0.095572354,
26/01/2020,5,16549,12913,14102,,0.092077751,
26/01/2020,6,16651,13096,14145,,0.080100794,
26/01/2020,7,17000,13482,14489,,0.074692182,
26/01/2020,8,17107,14048,15132,,0.077164009,
26/01/2020,9,17622,14612,15611,,0.068368464,
26/01/2020,10,17941,15261,16028,,0.05025883,
26/01/2020,11,18174,15664,16129,,0.029685904,
26/01/2020,12,18322,15867,16301,,0.027352367,
26/01/2020,13,18365,16037,16401,,0.022697512,
26/01/2020,14,18430,16007,16183,,0.01099519,
26/01/2020,15,18477,16116,16317,,0.012472077,
26/01/2020,16,19064,16313,16628,,0.019309753,
26/01/2020,17,19557,16871,17331,,0.027265722,
26/01/2020,18,20179,17646,18334,,0.038989006,
26/01/2020,19,20358,17669,18604,,0.052917539,
26/01/2020,20,19691,17260,18672,,0.081807648,
26/01/2020,21,19406,16886,18347,,0.086521379,
26/01/2020,22,18828,16303,17761,,0.089431393,
26/01/2020,23,18085,15576,16988,,0.090652286,
26/01/2020,24,17428,14754,16111,,0.091975058,
27/01/2020,1,17162,14172,15809,,0.115509455,
27/01/2020,2,16921,13761,15430,,0.12128479,
27/01/2020,3,16999,13654,15295,,0.120184561,
27/01/2020,4,17033,13591,15268,,0.123390479,
27/01/2020,5,17105,13751,15486,,0.126172642,
27/01/2020,6,17486,14296,16210,,0.133883604,
27/01/2020,7,17970,15433,17684,,0.145856282,
27/01/2020,8,19604,16895,18995,,0.124297129,
27/01/2020,9,19975,17259,19206,,0.112810707,
27/01/2020,10,19983,17324,19227,,0.10984761,
27/01/2020,11,20208,17418,19165,,0.100298542,
27/01/2020,12,20163,17374,19253,,0.108150109,
27/01/2020,13,20047,17312,19255,,0.112234288,
27/01/2020,14,19966,17265,19175,,0.110628439,
27/01/2020,15,19793,17229,19275,,0.118753265,
27/01/2020,16,19978,17471,19444,,0.112929998,
27/01/2020,17,20405,17990,19929,,0.107782101,
27/01/2020,18,21043,18722,20652,,0.103087277,
27/01/2020,19,21189,18772,20843,,0.110323887,
27/01/2020,20,21164,18574,20904,,0.125444169,
27/01/2020,21,20861,18112,20477,,0.130576413,
27/01/2020,22,20072,17475,19752,,0.130300429,
27/01/2020,23,19082,16489,18771,,0.138395294,
27/01/2020,24,17742,15337,17623,,0.149051314,
28/01/2020,1,16600,14547,17247,,0.185605279,
28/01/2020,2,16240,14105,16913,,0.199078341,
28/01/2020,3,16189,13912,16763,,0.204930995,
28/01/2020,4,16541,13861,16736,,0.207416492,
28/01/2020,5,16996,14041,16854,,0.200341856,
28/01/2020,6,17496,14600,17436,,0.194246575,
28/01/2020,7,18702,15950,18717,,0.173479624,
28/01/2020,8,19901,17504,19904,,0.137111517,
28/01/2020,9,20032,17631,19806,,0.12336226,
28/01/2020,10,19661,17502,19505,,0.114444064,
28/01/2020,11,19910,17523,19240,,0.097985505,
28/01/2020,12,19746,17430,19234,,0.103499713,
28/01/2020,13,19635,17409,19103,,0.097305991,
28/01/2020,14,20002,17478,19058,,0.090399359,
28/01/2020,15,20140,17446,19252,,0.103519431,
28/01/2020,16,20245,17678,19502,,0.103179093,
28/01/2020,17,20730,18150,20125,,0.108815427,
28/01/2020,18,21445,18800,21005,,0.117287234,
28/01/2020,19,21646,18937,21405,,0.130326873,
28/01/2020,20,21289,18757,21659,,0.154715573,
28/01/2020,21,20937,18367,21353,,0.162574182,
28/01/2020,22,19973,17629,20637,,0.170627943,
28/01/2020,23,18909,16686,19613,,0.175416517,
28/01/2020,24,17862,15678,18477,,0.178530425,
29/01/2020,1,17385,14971,17557,,0.172733952,
29/01/2020,2,16969,14701,17209,,0.170600639,
29/01/2020,3,16903,14548,17018,,0.169782788,
29/01/2020,4,17015,14619,17012,,0.163691087,
29/01/2020,5,17355,14795,17101,,0.155863467,
29/01/2020,6,18148,15401,17721,,0.150639569,
29/01/2020,7,19231,16509,19025,,0.15240172,
29/01/2020,8,20151,17764,20232,,0.138932673,
29/01/2020,9,20573,18127,20184,,0.113477134,
29/01/2020,10,20018,17630,19692,,0.116959728,
29/01/2020,11,19795,17247,19346,,0.121702325,
29/01/2020,12,19485,16907,19325,,0.143017685,
29/01/2020,13,19166,16714,19177,,0.147361493,
29/01/2020,14,18987,16587,18971,,0.143727015,
29/01/2020,15,18727,16555,19073,,0.152099064,
29/01/2020,16,19194,16903,19506,,0.153996332,
29/01/2020,17,20072,17660,20112,,0.138844847,
29/01/2020,18,21494,18729,21045,,0.123658498,
29/01/2020,19,21834,19340,21544,,0.113960703,
29/01/2020,20,21459,19176,21791,,0.136368377,
29/01/2020,21,21112,18784,21468,,0.142887564,
29/01/2020,22,20570,18005,20721,,0.150846987,
29/01/2020,23,19356,17050,19640,,0.151906158,
29/01/2020,24,18280,16013,18419,,0.15025292,
30/01/2020,1,17447,15430,17460,,0.131561892,
30/01/2020,2,17143,15101,17103,,0.132574002,
30/01/2020,3,17050,14918,16927,,0.134669527,
30/01/2020,4,17209,14920,16857,,0.129825737,
30/01/2020,5,17337,15050,16946,,0.125980066,
30/01/2020,6,18330,15582,17452,,0.120010268,
30/01/2020,7,19522,16837,18398,,0.092712478,
30/01/2020,8,20630,18151,19328,,0.064844912,
30/01/2020,9,20506,18369,19378,,0.054929501,
30/01/2020,10,20579,18113,19038,,0.051068293,
30/01/2020,11,20304,17934,18749,,0.045444407,
30/01/2020,12,20005,17759,18666,,0.051072696,
30/01/2020,13,19573,17424,18601,,0.067550505,
30/01/2020,14,19500,17271,18514,,0.071970355,
30/01/2020,15,19447,17295,18670,,0.079502746,
30/01/2020,16,19715,17575,18816,,0.070611664,
30/01/2020,17,20261,18182,19280,,0.060389396,
30/01/2020,18,21198,18860,20112,,0.066383881,
30/01/2020,19,21476,19160,20514,,0.070668058,
30/01/2020,20,21423,18972,20704,,0.091292431,
30/01/2020,21,21207,18655,20353,,0.091021174,
30/01/2020,22,20379,17993,19619,,0.090368477,
30/01/2020,23,18994,17000,18598,,0.094,
30/01/2020,24,17882,15973,17705,,0.108432981,
31/01/2020,1,17393,15253,16928,,0.109814463,
31/01/2020,2,16916,14887,16543,,0.111237993,
31/01/2020,3,16546,14648,16339,,0.115442381,
31/01/2020,4,16821,14542,16246,,0.11717783,
31/01/2020,5,17123,14639,16338,,0.11605984,
31/01/2020,6,18003,15300,16880,,0.103267974,
31/01/2020,7,19287,16511,17946,,0.086911756,
31/01/2020,8,20018,17790,19266,,0.08296796,
31/01/2020,9,20406,18067,19491,,0.078817734,
31/01/2020,10,20366,18047,19422,,0.076189948,
31/01/2020,11,20477,18020,19247,,0.06809101,
31/01/2020,12,20709,18004,19289,,0.071373028,
31/01/2020,13,20552,17886,19231,,0.075198479,
31/01/2020,14,20377,17842,19020,,0.066023988,
31/01/2020,15,20071,17854,19141,,0.072084687,
31/01/2020,16,20202,17828,19188,,0.076284496,
31/01/2020,17,20587,18209,19606,,0.076720303,
31/01/2020,18,21049,18723,20282,,0.083266571,
31/01/2020,19,21305,18902,20455,,0.082160618,
31/01/2020,20,20700,18555,20497,,0.104661816,
31/01/2020,21,20511,18119,19992,,0.103372151,
31/01/2020,22,19745,17533,19212,,0.095762277,
31/01/2020,23,18567,16515,18137,,0.098213745,
31/01/2020,24,17224,15458,17144,,0.109069737,
01/02/2020,1,17113,14714,16192,,0.100448552,
01/02/2020,2,16754,14250,15726,,0.103578947,
01/02/2020,3,16386,13927,15473,,0.111007396,
01/02/2020,4,16079,13816,15310,,0.108135495,
01/02/2020,5,16244,13835,15257,,0.102782797,
01/02/2020,6,16741,14162,15347,,0.083674622,
01/02/2020,7,17111,14548,15810,,0.086747319,
01/02/2020,8,17477,15137,16470,,0.088062364,
01/02/2020,9,17942,15812,16992,,0.074626866,
01/02/2020,10,18756,16276,17403,,0.069243057,
01/02/2020,11,19130,16452,17492,,0.063214199,
01/02/2020,12,19106,16357,17610,,0.076603289,
01/02/2020,13,18939,16289,17505,,0.074651605,
01/02/2020,14,19037,16302,17204,,0.055330634,
01/02/2020,15,18821,16059,17260,,0.074786724,
01/02/2020,16,18972,16150,17320,,0.07244582,
01/02/2020,17,19385,16742,17756,,0.060566241,
01/02/2020,18,20299,17522,18505,,0.056100902,
01/02/2020,19,20414,17687,18792,,0.062475264,
01/02/2020,20,19482,17070,18641,,0.092032806,
01/02/2020,21,19421,16634,18200,,0.094144523,
01/02/2020,22,18676,16069,17705,,0.10181094,
01/02/2020,23,17995,15353,17034,,0.109490002,
01/02/2020,24,17670,14925,16274,,0.09038526,
02/02/2020,1,17297,14209,15332,,0.079034415,
02/02/2020,2,16790,13732,14906,,0.085493737,
02/02/2020,3,16328,13464,14689,,0.090983363,
02/02/2020,4,16132,13259,14546,,0.097066144,
02/02/2020,5,16210,13239,14441,,0.090792356,
02/02/2020,6,16505,13409,14400,,0.073905586,
02/02/2020,7,16611,13590,14731,,0.083958793,
02/02/2020,8,17205,14127,15203,,0.076166207,
02/02/2020,9,17818,14840,15494,,0.044070081,
02/02/2020,10,18399,15409,15672,,0.017067947,
02/02/2020,11,19048,15947,15711,,0.014799022,
02/02/2020,12,19293,16182,15848,,0.020640218,
02/02/2020,13,19273,16265,15809,,0.028035659,
02/02/2020,14,19015,16157,15720,,0.0270471,
02/02/2020,15,18953,16194,15821,,0.023033222,
02/02/2020,16,19164,16400,16095,,0.018597561,
02/02/2020,17,19250,16767,16776,,0.000536769,
02/02/2020,18,19493,17463,17713,,0.014315982,
02/02/2020,19,19847,17696,18271,,0.032493219,
02/02/2020,20,19342,16990,18442,,0.085462036,
02/02/2020,21,18503,16442,18168,,0.104975064,
02/02/2020,22,18293,15865,17585,,0.108414749,
02/02/2020,23,17523,15048,16807,,0.11689261,
02/02/2020,24,16842,14245,15940,,0.118989119,
03/02/2020,1,16705,13607,16039,,0.178731535,
03/02/2020,2,16408,13249,15723,,0.186731074,
03/02/2020,3,15871,13174,15596,,0.183846971,
03/02/2020,4,15819,13173,15585,,0.183101799,
03/02/2020,5,16106,13325,15726,,0.180187617,
03/02/2020,6,16726,13934,16271,,0.167719248,
03/02/2020,7,18052,15304,17455,,0.14055149,
03/02/2020,8,19215,16651,18564,,0.114887995,
03/02/2020,9,19169,16849,18753,,0.113003739,
03/02/2020,10,19208,16643,18739,,0.125938833,
03/02/2020,11,19225,16635,18629,,0.119867749,
03/02/2020,12,18938,16414,18575,,0.131655903,
03/02/2020,13,18488,16085,18511,,0.150823749,
03/02/2020,14,18391,15846,18421,,0.162501578,
03/02/2020,15,17914,15889,18514,,0.165208635,
03/02/2020,16,18315,16213,18612,,0.14796768,
03/02/2020,17,18176,16849,19098,,0.133479732,
03/02/2020,18,18525,17741,19864,,0.11966631,
03/02/2020,19,19382,18137,20374,,0.123339031,
03/02/2020,20,19362,17922,20502,,0.143957148,
03/02/2020,21,19130,17606,20170,,0.145632171,
03/02/2020,22,18505,16878,19485,,0.154461429,
03/02/2020,23,17579,15877,18578,,0.1701203,
03/02/2020,24,16705,14796,17600,,0.189510679,
04/02/2020,1,16448,14274,16993,,0.190486199,
04/02/2020,2,15989,13907,16628,,0.195656863,
04/02/2020,3,15532,13654,16447,,0.204555442,
04/02/2020,4,15379,13542,16423,,0.212745532,
04/02/2020,5,15918,13720,16546,,0.205976676,
04/02/2020,6,16519,14133,17122,,0.211490837,
04/02/2020,7,17556,15290,18423,,0.204905167,
04/02/2020,8,18700,16510,19560,,0.184736523,
04/02/2020,9,19100,17072,19670,,0.152179007,
04/02/2020,10,19486,17174,19465,,0.133399325,
04/02/2020,11,19631,17187,19272,,0.12131262,
04/02/2020,12,19444,17052,19159,,0.123563218,
04/02/2020,13,19447,16878,19133,,0.133605877,
04/02/2020,14,18952,16617,19064,,0.147258831,
04/02/2020,15,19153,16649,19070,,0.145414139,
04/02/2020,16,19231,17023,19274,,0.132232861,
04/02/2020,17,19881,17504,19794,,0.130827239,
04/02/2020,18,20855,18154,20581,,0.133689545,
04/02/2020,19,20711,18373,21147,,0.15098242,
04/02/2020,20,20355,18188,21335,,0.173026171,
04/02/2020,21,20172,17851,21024,,0.177749146,
04/02/2020,22,19664,17253,20363,,0.180258506,
04/02/2020,23,18638,16247,19442,,0.19665169,
04/02/2020,24,17762,15307,18357,,0.199255243,
05/02/2020,1,17217,14740,,,,
05/02/2020,2,16896,14317,,,,
05/02/2020,3,16826,14155,,,,
05/02/2020,4,16684,14082,,,,
05/02/2020,5,17042,14338,,,,
05/02/2020,6,17806,14999,,,,
05/02/2020,7,19225,16454,,,,
05/02/2020,8,20315,18047,,,,
05/02/2020,9,19857,17900,,,,
05/02/2020,10,19087,17052,,,,
05/02/2020,11,18807,16627,,,,
05/02/2020,12,18706,16509,,,,
05/02/2020,13,18620,16326,,,,
05/02/2020,14,18599,16309,,,,
05/02/2020,15,18591,16270,,,,
05/02/2020,16,19043,16761,,,,
05/02/2020,17,20151,17734,,,,
05/02/2020,18,21049,18626,,,,
05/02/2020,19,21714,19198,,,,
05/02/2020,20,21401,18945,,,,
05/02/2020,21,20926,18509,,,,
05/02/2020,22,19880,17712,,,,
05/02/2020,23,18769,16647,,,,
05/02/2020,24,17642,15586,,,,
06/02/2020,1,17074,14922,,,,
06/02/2020,2,16782,14536,,,,
06/02/2020,3,16513,14298,,,,
06/02/2020,4,16561,14252,,,,
06/02/2020,5,17079,14529,,,,
06/02/2020,6,18003,15019,,,,
06/02/2020,7,19104,16176,,,,
06/02/2020,8,20207,17629,,,,
06/02/2020,9,20377,17990,,,,
06/02/2020,10,20299,18047,,,,
06/02/2020,11,20433,18195,,,,
06/02/2020,12,20624,18307,,,,
06/02/2020,13,20581,18296,,,,
06/02/2020,14,20457,18257,,,,
06/02/2020,15,20774,18189,,,,
06/02/2020,16,20742,18172,,,,
06/02/2020,17,21127,18552,,,,
06/02/2020,18,21792,19051,,,,
06/02/2020,19,21965,19211,,,,
06/02/2020,20,21590,18971,,,,
06/02/2020,21,21361,18587,,,,
06/02/2020,22,20805,17801,,,,
06/02/2020,23,19595,16830,,,,
06/02/2020,24,18579,15929,,,,
07/02/2020,1,17824,15095,,,,
07/02/2020,2,17514,14610,,,,
07/02/2020,3,17181,14473,,,,
07/02/2020,4,17298,14349,,,,
07/02/2020,5,17264,14474,,,,
07/02/2020,6,17273,15075,,,,
07/02/2020,7,18676,16277,,,,
07/02/2020,8,19826,17465,,,,
07/02/2020,9,20416,17902,,,,
07/02/2020,10,20695,18100,,,,
07/02/2020,11,20862,18177,,,,
07/02/2020,12,20820,18142,,,,
07/02/2020,13,20712,18050,,,,
07/02/2020,14,20568,17910,,,,
07/02/2020,15,20392,17764,,,,
07/02/2020,16,20262,17627,,,,
07/02/2020,17,20738,18024,,,,
07/02/2020,18,21877,18658,,,,
07/02/2020,19,22450,19435,,,,
07/02/2020,20,22093,19061,,,,
07/02/2020,21,21252,18715,,,,
07/02/2020,22,20466,18193,,,,
07/02/2020,23,19755,17262,,,,
07/02/2020,24,18861,16236,,,,
08/02/2020,1,18150,15673,,,,
08/02/2020,2,17872,15270,,,,
08/02/2020,3,17838,15022,,,,
08/02/2020,4,17699,14890,,,,
08/02/2020,5,17585,14918,,,,
08/02/2020,6,17873,15201,,,,
08/02/2020,7,18177,15720,,,,
08/02/2020,8,18871,16422,,,,
08/02/2020,9,19449,17245,,,,
08/02/2020,10,19806,17669,,,,
08/02/2020,11,19979,17963,,,,
08/02/2020,12,19768,17874,,,,
08/02/2020,13,19443,17500,,,,
08/02/2020,14,19100,17246,,,,
08/02/2020,15,18733,16925,,,,
08/02/2020,16,18863,16910,,,,
08/02/2020,17,19384,17393,,,,
08/02/2020,18,20422,18369,,,,
08/02/2020,19,20969,18890,,,,
08/02/2020,20,20494,18364,,,,
08/02/2020,21,19481,17774,,,,
08/02/2020,22,18947,17272,,,,
08/02/2020,23,18280,16784,,,,
08/02/2020,24,17419,16010,,,,
09/02/2020,1,17915,15490,,,,
09/02/2020,2,17579,15035,,,,
09/02/2020,3,17257,14756,,,,
09/02/2020,4,17123,14665,,,,
09/02/2020,5,17286,14746,,,,
09/02/2020,6,17207,14889,,,,
09/02/2020,7,17064,15188,,,,
09/02/2020,8,17100,15704,,,,
09/02/2020,9,17693,16330,,,,
09/02/2020,10,18151,16641,,,,
09/02/2020,11,18120,16671,,,,
09/02/2020,12,18456,16784,,,,
09/02/2020,13,19036,16734,,,,
09/02/2020,14,19334,16564,,,,
09/02/2020,15,19204,16621,,,,
09/02/2020,16,19240,16853,,,,
09/02/2020,17,19573,17487,,,,
09/02/2020,18,19955,17928,,,,
09/02/2020,19,19628,18122,,,,
09/02/2020,20,20080,17764,,,,
09/02/2020,21,19802,17483,,,,
09/02/2020,22,19235,16849,,,,
09/02/2020,23,18600,16047,,,,
09/02/2020,24,17860,15180,,,,
10/02/2020,1,17611,14718,,,,
10/02/2020,2,16982,14309,,,,
10/02/2020,3,16683,14124,,,,
10/02/2020,4,16674,14110,,,,
10/02/2020,5,16764,14221,,,,
10/02/2020,6,16970,14626,,,,
10/02/2020,7,18252,15949,,,,
10/02/2020,8,19582,17341,,,,
10/02/2020,9,19899,17728,,,,
10/02/2020,10,19916,17745,,,,
10/02/2020,11,19829,17451,,,,
10/02/2020,12,19343,17239,,,,
10/02/2020,13,19112,16978,,,,
10/02/2020,14,19336,16910,,,,
10/02/2020,15,19550,16929,,,,
10/02/2020,16,19355,16897,,,,
10/02/2020,17,19792,17507,,,,
10/02/2020,18,20617,18301,,,,
10/02/2020,19,21133,18731,,,,
10/02/2020,20,20567,18459,,,,
10/02/2020,21,20207,18037,,,,
10/02/2020,22,19559,17307,,,,
10/02/2020,23,18550,16331,,,,
10/02/2020,24,17512,15258,,,,
11/02/2020,1,17042,14602,,,,
11/02/2020,2,16657,14174,,,,
11/02/2020,3,16405,13917,,,,
11/02/2020,4,16200,13758,,,,
11/02/2020,5,16293,13892,,,,
11/02/2020,6,16884,14393,,,,
11/02/2020,7,17986,15654,,,,
11/02/2020,8,19347,17087,,,,
11/02/2020,9,19523,17417,,,,
11/02/2020,10,19749,17470,,,,
11/02/2020,11,19711,17210,,,,
11/02/2020,12,18996,16630,,,,
11/02/2020,13,18647,16230,,,,
11/02/2020,14,18547,16121,,,,
11/02/2020,15,18857,16185,,,,
11/02/2020,16,19302,16682,,,,
11/02/2020,17,19826,17324,,,,
11/02/2020,18,20556,18016,,,,
11/02/2020,19,21040,18354,,,,
11/02/2020,20,20743,18143,,,,
11/02/2020,21,20308,17711,,,,
11/02/2020,22,19737,17072,,,,
11/02/2020,23,18717,16057,,,,
11/02/2020,24,17563,15084,,,,
12/02/2020,1,16914,14510,,,,
12/02/2020,2,16514,14139,,,,
12/02/2020,3,16214,13857,,,,
12/02/2020,4,16330,13799,,,,
12/02/2020,5,16663,14064,,,,
12/02/2020,6,17194,14657,,,,
12/02/2020,7,18479,15898,,,,
12/02/2020,8,19391,17108,,,,
12/02/2020,9,19041,17052,,,,
12/02/2020,10,18592,16633,,,,
12/02/2020,11,18441,16215,,,,
12/02/2020,12,18275,15849,,,,
12/02/2020,13,18337,15718,,,,
12/02/2020,14,18740,15977,,,,
12/02/2020,15,19384,16167,,,,
12/02/2020,16,19408,16610,,,,
12/02/2020,17,19967,17381,,,,
12/02/2020,18,20449,18154,,,,
12/02/2020,19,20839,18598,,,,
12/02/2020,20,20526,18401,,,,
12/02/2020,21,20125,17995,,,,
12/02/2020,22,19278,17270,,,,
12/02/2020,23,18082,16203,,,,
12/02/2020,24,16897,15237,,,,
13/02/2020,1,16885,14743,,,,
13/02/2020,2,16529,14373,,,,
13/02/2020,3,16400,14097,,,,
13/02/2020,4,16031,13951,,,,
13/02/2020,5,16392,14062,,,,
13/02/2020,6,17403,14847,,,,
13/02/2020,7,18752,16212,,,,
13/02/2020,8,19698,17411,,,,
13/02/2020,9,20010,17772,,,,
13/02/2020,10,20070,17883,,,,
13/02/2020,11,19876,17690,,,,
13/02/2020,12,19866,17554,,,,
13/02/2020,13,19939,17560,,,,
13/02/2020,14,20286,17469,,,,
13/02/2020,15,19994,17551,,,,
13/02/2020,16,20162,17653,,,,
13/02/2020,17,20646,18055,,,,
13/02/2020,18,21442,18767,,,,
13/02/2020,19,22165,19232,,,,
13/02/2020,20,21912,19216,,,,
13/02/2020,21,21690,19163,,,,
13/02/2020,22,21248,18994,,,,
13/02/2020,23,19841,17689,,,,
13/02/2020,24,18699,16714,,,,
14/02/2020,1,18203,16182,,,,
14/02/2020,2,18094,15743,,,,
14/02/2020,3,18209,15735,,,,
14/02/2020,4,18236,15895,,,,
14/02/2020,5,18205,16069,,,,
14/02/2020,6,18359,16610,,,,
14/02/2020,7,20056,17912,,,,
14/02/2020,8,21176,19291,,,,
14/02/2020,9,21127,19278,,,,
14/02/2020,10,21201,19040,,,,
14/02/2020,11,20915,18582,,,,
14/02/2020,12,20640,18115,,,,
14/02/2020,13,19890,17724,,,,
14/02/2020,14,19464,17484,,,,
14/02/2020,15,19444,17526,,,,
14/02/2020,16,19906,17890,,,,
14/02/2020,17,20298,18302,,,,
14/02/2020,18,21393,19152,,,,
14/02/2020,19,22071,19630,,,,
14/02/2020,20,22143,19393,,,,
14/02/2020,21,21332,18903,,,,
14/02/2020,22,20423,18256,,,,
14/02/2020,23,19458,17365,,,,
14/02/2020,24,18236,16267,,,,
15/02/2020,1,17971,15553,,,,
15/02/2020,2,17683,15119,,,,
15/02/2020,3,17396,14757,,,,
15/02/2020,4,17373,14752,,,,
15/02/2020,5,17206,14744,,,,
15/02/2020,6,17571,14976,,,,
15/02/2020,7,18283,15451,,,,
15/02/2020,8,18830,16005,,,,
15/02/2020,9,18950,16434,,,,
15/02/2020,10,19101,16610,,,,
15/02/2020,11,19072,16533,,,,
15/02/2020,12,19153,16427,,,,
15/02/2020,13,19165,16193,,,,
15/02/2020,14,19300,16000,,,,
15/02/2020,15,19095,15997,,,,
15/02/2020,16,19575,16592,,,,
15/02/2020,17,19833,17102,,,,
15/02/2020,18,20451,17783,,,,
15/02/2020,19,20773,18050,,,,
15/02/2020,20,20058,17485,,,,
15/02/2020,21,19373,16972,,,,
15/02/2020,22,18763,16384,,,,
15/02/2020,23,18150,15691,,,,
15/02/2020,24,17436,14935,,,,
16/02/2020,1,16793,14266,,,,
16/02/2020,2,16198,13791,,,,
16/02/2020,3,16506,13636,,,,
16/02/2020,4,16409,13625,,,,
16/02/2020,5,15980,13612,,,,
16/02/2020,6,15931,13704,,,,
16/02/2020,7,16379,14156,,,,
16/02/2020,8,16653,14613,,,,
16/02/2020,9,17120,15078,,,,
16/02/2020,10,17265,15329,,,,
16/02/2020,11,17140,15178,,,,
16/02/2020,12,17109,14821,,,,
16/02/2020,13,17096,14612,,,,
16/02/2020,14,17182,14407,,,,
16/02/2020,15,17257,14410,,,,
16/02/2020,16,17206,14586,,,,
16/02/2020,17,17790,15347,,,,
16/02/2020,18,18402,16399,,,,
16/02/2020,19,19240,17061,,,,
16/02/2020,20,18787,16743,,,,
16/02/2020,21,18262,16416,,,,
16/02/2020,22,17791,15912,,,,
16/02/2020,23,17073,15265,,,,
16/02/2020,24,16260,14506,,,,
17/02/2020,1,15584,14085,,,,
17/02/2020,2,15807,13862,,,,
17/02/2020,3,15658,13658,,,,
17/02/2020,4,15416,13648,,,,
17/02/2020,5,15447,13791,,,,
17/02/2020,6,16068,14085,,,,
17/02/2020,7,16722,14512,,,,
17/02/2020,8,17224,14925,,,,
17/02/2020,9,17246,15043,,,,
17/02/2020,10,16734,14870,,,,
17/02/2020,11,16818,14694,,,,
17/02/2020,12,16951,14599,,,,
17/02/2020,13,17036,14514,,,,
17/02/2020,14,16687,14497,,,,
17/02/2020,15,16545,14491,,,,
17/02/2020,16,17023,14896,,,,
17/02/2020,17,17856,15846,,,,
17/02/2020,18,19081,17072,,,,
17/02/2020,19,19733,17684,,,,
17/02/2020,20,19530,17346,,,,
17/02/2020,21,19241,16939,,,,
17/02/2020,22,18846,16291,,,,
17/02/2020,23,18100,15419,,,,
17/02/2020,24,17462,14560,,,,
18/02/2020,1,16817,13888,,,,
18/02/2020,2,16520,13529,,,,
18/02/2020,3,16367,13537,,,,
18/02/2020,4,16439,13571,,,,
18/02/2020,5,16469,13785,,,,
18/02/2020,6,17135,14413,,,,
18/02/2020,7,18283,15828,,,,
18/02/2020,8,18396,16930,,,,
18/02/2020,9,19127,17452,,,,
18/02/2020,10,19626,17588,,,,
18/02/2020,11,20019,17693,,,,
18/02/2020,12,20077,17684,,,,
18/02/2020,13,19836,17400,,,,
18/02/2020,14,19579,17170,,,,
18/02/2020,15,19331,17025,,,,
18/02/2020,16,19860,17159,,,,
18/02/2020,17,20421,17560,,,,
18/02/2020,18,21104,18257,,,,
18/02/2020,19,21228,18565,,,,
18/02/2020,20,20827,18372,,,,
18/02/2020,21,20417,18010,,,,
18/02/2020,22,19452,17230,,,,
18/02/2020,23,18637,16147,,,,
18/02/2020,24,17746,15198,,,,
19/02/2020,1,16832,14438,,,,
19/02/2020,2,16394,13973,,,,
19/02/2020,3,16519,13997,,,,
19/02/2020,4,16451,14031,,,,
19/02/2020,5,16665,14142,,,,
19/02/2020,6,17339,14685,,,,
19/02/2020,7,18611,15947,,,,
19/02/2020,8,19789,17510,,,,
19/02/2020,9,19520,17408,,,,
19/02/2020,10,18919,16872,,,,
19/02/2020,11,18608,16428,,,,
19/02/2020,12,18339,16322,,,,
19/02/2020,13,18482,16322,,,,
19/02/2020,14,17989,16014,,,,
19/02/2020,15,18060,16102,,,,
19/02/2020,16,18783,16649,,,,
19/02/2020,17,19878,17587,,,,
19/02/2020,18,20870,18611,,,,
19/02/2020,19,21452,19279,,,,
19/02/2020,20,21451,19170,,,,
19/02/2020,21,20719,18772,,,,
19/02/2020,22,20310,18087,,,,
19/02/2020,23,19104,17043,,,,
19/02/2020,24,18127,15970,,,,
20/02/2020,1,17417,15190,,,,
20/02/2020,2,17113,14797,,,,
20/02/2020,3,16990,14648,,,,
20/02/2020,4,17216,14773,,,,
20/02/2020,5,17409,14932,,,,
20/02/2020,6,18117,15563,,,,
20/02/2020,7,19500,16951,,,,
20/02/2020,8,19979,18091,,,,
20/02/2020,9,20095,17944,,,,
20/02/2020,10,19673,17318,,,,
20/02/2020,11,19301,16854,,,,
20/02/2020,12,18851,16680,,,,
20/02/2020,13,18857,16665,,,,
20/02/2020,14,19428,16791,,,,
20/02/2020,15,19392,16831,,,,
20/02/2020,16,19715,17183,,,,
20/02/2020,17,19946,17810,,,,
20/02/2020,18,20975,18653,,,,
20/02/2020,19,22102,19498,,,,
20/02/2020,20,22161,19610,,,,
20/02/2020,21,21937,19184,,,,
20/02/2020,22,20497,18571,,,,
20/02/2020,23,20161,17509,,,,
20/02/2020,24,18681,16303,,,,
21/02/2020,1,18116,15749,,,,
21/02/2020,2,17513,15378,,,,
21/02/2020,3,17573,15085,,,,
21/02/2020,4,17380,14856,,,,
21/02/2020,5,17506,14979,,,,
21/02/2020,6,18370,15638,,,,
21/02/2020,7,19137,16713,,,,
21/02/2020,8,20232,17577,,,,
21/02/2020,9,20192,17345,,,,
21/02/2020,10,19887,16956,,,,
21/02/2020,11,19387,16417,,,,
21/02/2020,12,18903,16001,,,,
21/02/2020,13,18717,15790,,,,
21/02/2020,14,18649,15597,,,,
21/02/2020,15,18426,15394,,,,
21/02/2020,16,18439,15543,,,,
21/02/2020,17,18507,16216,,,,
21/02/2020,18,19650,17198,,,,
21/02/2020,19,20858,18018,,,,
21/02/2020,20,20645,18020,,,,
21/02/2020,21,20128,17718,,,,
21/02/2020,22,19859,17131,,,,
21/02/2020,23,18885,16187,,,,
21/02/2020,24,17991,15075,,,,
22/02/2020,1,17214,14429,,,,
22/02/2020,2,17088,13949,,,,
22/02/2020,3,16923,13685,,,,
22/02/2020,4,16448,13548,,,,
22/02/2020,5,16743,13647,,,,
22/02/2020,6,16789,13850,,,,
22/02/2020,7,17210,14316,,,,
22/02/2020,8,17451,14856,,,,
22/02/2020,9,17648,15092,,,,
22/02/2020,10,17612,14754,,,,
22/02/2020,11,17452,14554,,,,
22/02/2020,12,17193,14423,,,,
22/02/2020,13,17298,14225,,,,
22/02/2020,14,16898,13929,,,,
22/02/2020,15,17128,13819,,,,
22/02/2020,16,17268,14031,,,,
22/02/2020,17,17703,14857,,,,
22/02/2020,18,18686,15964,,,,
22/02/2020,19,19089,16520,,,,
22/02/2020,20,19203,16363,,,,
22/02/2020,21,18614,15896,,,,
22/02/2020,22,18178,15398,,,,
22/02/2020,23,17447,14693,,,,
22/02/2020,24,16521,13903,,,,
23/02/2020,1,16330,13440,,,,
23/02/2020,2,16080,13036,,,,
23/02/2020,3,16061,12822,,,,
23/02/2020,4,16047,12791,,,,
23/02/2020,5,15664,12732,,,,
23/02/2020,6,15753,12924,,,,
23/02/2020,7,16066,13310,,,,
23/02/2020,8,16273,13603,,,,
23/02/2020,9,16061,13699,,,,
23/02/2020,10,16134,13545,,,,
23/02/2020,11,16096,13423,,,,
23/02/2020,12,16350,13327,,,,
23/02/2020,13,16494,13185,,,,
23/02/2020,14,16437,13140,,,,
23/02/2020,15,16578,13113,,,,
23/02/2020,16,16212,13345,,,,
23/02/2020,17,16829,14261,,,,
23/02/2020,18,18149,15534,,,,
23/02/2020,19,18895,16225,,,,
23/02/2020,20,18863,16272,,,,
23/02/2020,21,18727,15914,,,,
23/02/2020,22,18382,15349,,,,
23/02/2020,23,17505,14488,,,,
23/02/2020,24,16410,13522,,,,
24/02/2020,1,16073,13004,,,,
24/02/2020,2,15901,12702,,,,
24/02/2020,3,16070,12683,,,,
24/02/2020,4,15972,12686,,,,
24/02/2020,5,15494,12837,,,,
24/02/2020,6,16314,13638,,,,
24/02/2020,7,17580,15075,,,,
24/02/2020,8,18510,16171,,,,
24/02/2020,9,18638,16086,,,,
24/02/2020,10,18082,15652,,,,
24/02/2020,11,17808,15332,,,,
24/02/2020,12,17577,15154,,,,
24/02/2020,13,17597,15057,,,,
24/02/2020,14,17482,15006,,,,
24/02/2020,15,17666,15200,,,,
24/02/2020,16,17660,15417,,,,
24/02/2020,17,18468,16219,,,,
24/02/2020,18,19636,17348,,,,
24/02/2020,19,20187,17862,,,,
24/02/2020,20,19795,17749,,,,
24/02/2020,21,18985,17232,,,,
24/02/2020,22,18615,16668,,,,
24/02/2020,23,17613,15682,,,,
24/02/2020,24,16893,14652,,,,
25/02/2020,1,16283,13802,,,,
25/02/2020,2,15874,13456,,,,
25/02/2020,3,15581,13175,,,,
25/02/2020,4,15855,13123,,,,
25/02/2020,5,16155,13237,,,,
25/02/2020,6,16851,13890,,,,
25/02/2020,7,17967,15167,,,,
25/02/2020,8,18954,16418,,,,
25/02/2020,9,19364,16999,,,,
25/02/2020,10,19317,16878,,,,
25/02/2020,11,19101,16808,,,,
25/02/2020,12,19234,16678,,,,
25/02/2020,13,18838,16412,,,,
25/02/2020,14,18766,16165,,,,
25/02/2020,15,18506,16180,,,,
25/02/2020,16,18754,16426,,,,
25/02/2020,17,18987,16874,,,,
25/02/2020,18,19814,17429,,,,
25/02/2020,19,20271,17690,,,,
25/02/2020,20,20275,17634,,,,
25/02/2020,21,19837,17266,,,,
25/02/2020,22,19277,16709,,,,
25/02/2020,23,18235,15724,,,,
25/02/2020,24,17340,14521,,,,
26/02/2020,1,16854,14012,,,,
26/02/2020,2,16543,13679,,,,
26/02/2020,3,16214,13470,,,,
26/02/2020,4,16239,13350,,,,
26/02/2020,5,16545,13487,,,,
26/02/2020,6,17305,14349,,,,
26/02/2020,7,18185,15642,,,,
26/02/2020,8,19130,16816,,,,
26/02/2020,9,19788,17311,,,,
26/02/2020,10,19627,17480,,,,
26/02/2020,11,19984,17825,,,,
26/02/2020,12,19689,17527,,,,
26/02/2020,13,19508,17471,,,,
26/02/2020,14,19340,17390,,,,
26/02/2020,15,19420,17488,,,,
26/02/2020,16,19660,17614,,,,
26/02/2020,17,20191,18108,,,,
26/02/2020,18,20931,18668,,,,
26/02/2020,19,20759,18533,,,,
26/02/2020,20,20615,18385,,,,
26/02/2020,21,20251,18014,,,,
26/02/2020,22,19691,17331,,,,
26/02/2020,23,18741,16402,,,,
26/02/2020,24,17392,15262,,,,
27/02/2020,1,17538,14749,,,,
27/02/2020,2,16891,14302,,,,
27/02/2020,3,16761,14183,,,,
27/02/2020,4,16842,14078,,,,
27/02/2020,5,16992,14189,,,,
27/02/2020,6,17718,14734,,,,
27/02/2020,7,18554,16027,,,,
27/02/2020,8,19295,16989,,,,
27/02/2020,9,19471,17389,,,,
27/02/2020,10,19864,17371,,,,
27/02/2020,11,20236,17339,,,,
27/02/2020,12,19971,17354,,,,
27/02/2020,13,19550,17301,,,,
27/02/2020,14,19302,17341,,,,
27/02/2020,15,19413,17319,,,,
27/02/2020,16,19601,17390,,,,
27/02/2020,17,19787,17874,,,,
27/02/2020,18,20898,18478,,,,
27/02/2020,19,21584,18910,,,,
27/02/2020,20,21751,19013,,,,
27/02/2020,21,21289,18646,,,,
27/02/2020,22,20469,17933,,,,
27/02/2020,23,19232,16809,,,,
27/02/2020,24,18351,15828,,,,
28/02/2020,1,17956,15116,,,,
28/02/2020,2,17753,14731,,,,
28/02/2020,3,17581,14522,,,,
28/02/2020,4,17653,14569,,,,
28/02/2020,5,17343,14676,,,,
28/02/2020,6,17586,15260,,,,
28/02/2020,7,19027,16723,,,,
28/02/2020,8,19928,17713,,,,
28/02/2020,9,20004,17821,,,,
28/02/2020,10,19920,17664,,,,
28/02/2020,11,19770,17470,,,,
28/02/2020,12,19460,17180,,,,
28/02/2020,13,19211,16963,,,,
28/02/2020,14,19166,17032,,,,
28/02/2020,15,19191,17016,,,,
28/02/2020,16,19248,17125,,,,
28/02/2020,17,19899,17619,,,,
28/02/2020,18,20391,18216,,,,
28/02/2020,19,21145,18711,,,,
28/02/2020,20,20835,18744,,,,
28/02/2020,21,20946,18426,,,,
28/02/2020,22,19938,17618,,,,
28/02/2020,23,19193,16849,,,,
28/02/2020,24,18103,15987,,,,
29/02/2020,1,17321,15207,,,,
29/02/2020,2,17038,14829,,,,
29/02/2020,3,16930,14670,,,,
29/02/2020,4,16963,14589,,,,
29/02/2020,5,16899,14587,,,,
29/02/2020,6,17316,14960,,,,
29/02/2020,7,18002,15652,,,,
29/02/2020,8,18167,16178,,,,
29/02/2020,9,18565,16694,,,,
29/02/2020,10,18554,16824,,,,
29/02/2020,11,18170,16435,,,,
29/02/2020,12,17926,16137,,,,
29/02/2020,13,17742,15993,,,,
29/02/2020,14,17415,15597,,,,
29/02/2020,15,17528,15493,,,,
29/02/2020,16,17867,15576,,,,
29/02/2020,17,18442,16301,,,,
29/02/2020,18,18853,17014,,,,
29/02/2020,19,19745,17737,,,,
29/02/2020,20,19475,17645,,,,
29/02/2020,21,18782,17224,,,,
29/02/2020,22,18485,16608,,,,
29/02/2020,23,17368,15897,,,,
29/02/2020,24,16784,15199,,,,
01/03/2020,1,16748,14627,,,,
01/03/2020,2,16490,14326,,,,
01/03/2020,3,16483,14324,,,,
01/03/2020,4,16339,14275,,,,
01/03/2020,5,16160,14144,,,,
01/03/2020,6,16516,14485,,,,
01/03/2020,7,16923,14966,,,,
01/03/2020,8,16924,15198,,,,
01/03/2020,9,16930,15151,,,,
01/03/2020,10,17137,15090,,,,
01/03/2020,11,17010,15043,,,,
01/03/2020,12,16807,14917,,,,
01/03/2020,13,16638,14719,,,,
01/03/2020,14,16638,14649,,,,
01/03/2020,15,16804,14592,,,,
01/03/2020,16,17482,15020,,,,
01/03/2020,17,18560,16035,,,,
01/03/2020,18,19438,16995,,,,
01/03/2020,19,20169,17684,,,,
01/03/2020,20,19715,17370,,,,
01/03/2020,21,19047,16764,,,,
01/03/2020,22,18249,16075,,,,
01/03/2020,23,17662,15220,,,,
01/03/2020,24,16908,14272,,,,
02/03/2020,1,16645,13662,,,,
02/03/2020,2,15985,13259,,,,
02/03/2020,3,16183,13115,,,,
02/03/2020,4,16405,13059,,,,
02/03/2020,5,16231,13251,,,,
02/03/2020,6,16633,13788,,,,
02/03/2020,7,17741,14971,,,,
02/03/2020,8,18498,15956,,,,
02/03/2020,9,18772,16389,,,,
02/03/2020,10,18826,16538,,,,
02/03/2020,11,18702,16518,,,,
02/03/2020,12,18729,16621,,,,
02/03/2020,13,18712,16697,,,,
02/03/2020,14,18653,16721,,,,
02/03/2020,15,18742,16812,,,,
02/03/2020,16,18717,16774,,,,
02/03/2020,17,18977,17050,,,,
02/03/2020,18,19484,17436,,,,
02/03/2020,19,19588,17857,,,,
02/03/2020,20,19294,17789,,,,
02/03/2020,21,19433,17604,,,,
02/03/2020,22,18691,16829,,,,
02/03/2020,23,17742,15880,,,,
02/03/2020,24,16514,14810,,,,
03/03/2020,1,15766,14072,,,,
03/03/2020,2,15515,13742,,,,
03/03/2020,3,15370,13579,,,,
03/03/2020,4,15760,13674,,,,
03/03/2020,5,15937,13916,,,,
03/03/2020,6,16529,14516,,,,
03/03/2020,7,17454,15668,,,,
03/03/2020,8,18385,16779,,,,
03/03/2020,9,18523,16745,,,,
03/03/2020,10,18327,16599,,,,
03/03/2020,11,18539,16794,,,,
03/03/2020,12,18511,16787,,,,
03/03/2020,13,18027,16789,,,,
03/03/2020,14,18212,16990,,,,
03/03/2020,15,18329,17095,,,,
03/03/2020,16,18289,16988,,,,
03/03/2020,17,19010,17390,,,,
03/03/2020,18,19377,17788,,,,
03/03/2020,19,19822,18024,,,,
03/03/2020,20,19727,17848,,,,
03/03/2020,21,19353,17462,,,,
03/03/2020,22,18604,16759,,,,
03/03/2020,23,17731,15720,,,,
03/03/2020,24,16773,14493,,,,
04/03/2020,1,15870,13878,,,,
04/03/2020,2,15483,13538,,,,
04/03/2020,3,15148,13283,,,,
04/03/2020,4,15095,13261,,,,
04/03/2020,5,15409,13419,,,,
04/03/2020,6,16126,14015,,,,
04/03/2020,7,17236,15233,,,,
04/03/2020,8,18299,16251,,,,
04/03/2020,9,18360,16330,,,,
04/03/2020,10,17803,15859,,,,
04/03/2020,11,17800,15890,,,,
04/03/2020,12,17907,16137,,,,
04/03/2020,13,17402,15756,,,,
04/03/2020,14,17307,15708,,,,
04/03/2020,15,17320,15716,,,,
04/03/2020,16,17542,15949,,,,
04/03/2020,17,18399,16787,,,,
04/03/2020,18,19172,17465,,,,
04/03/2020,19,19817,18183,,,,
04/03/2020,20,19365,18077,,,,
04/03/2020,21,19154,17507,,,,
04/03/2020,22,18744,16822,,,,
04/03/2020,23,17819,15893,,,,
04/03/2020,24,16634,14881,,,,
05/03/2020,1,15985,14190,,,,
05/03/2020,2,15872,13914,,,,
05/03/2020,3,15576,13790,,,,
05/03/2020,4,15774,13894,,,,
05/03/2020,5,15820,14080,,,,
05/03/2020,6,16668,14722,,,,
05/03/2020,7,17842,15916,,,,
05/03/2020,8,18280,16497,,,,
05/03/2020,9,17810,16112,,,,
05/03/2020,10,17450,15645,,,,
05/03/2020,11,17508,15248,,,,
05/03/2020,12,17455,15041,,,,
05/03/2020,13,17211,14993,,,,
05/03/2020,14,17064,14983,,,,
05/03/2020,15,16759,14993,,,,
05/03/2020,16,17134,15302,,,,
05/03/2020,17,17657,15887,,,,
05/03/2020,18,18543,16620,,,,
05/03/2020,19,19029,17203,,,,
05/03/2020,20,19479,17520,,,,
05/03/2020,21,19308,16998,,,,
05/03/2020,22,18953,16542,,,,
05/03/2020,23,18703,16010,,,,
05/03/2020,24,17383,14954,,,,
06/03/2020,1,16041,14341,,,,
06/03/2020,2,15736,14028,,,,
06/03/2020,3,15484,13705,,,,
06/03/2020,4,15141,13432,,,,
06/03/2020,5,15721,13720,,,,
06/03/2020,6,16686,14323,,,,
06/03/2020,7,17391,15452,,,,
06/03/2020,8,18805,16600,,,,
06/03/2020,9,18870,16705,,,,
06/03/2020,10,18899,16720,,,,
06/03/2020,11,18897,16801,,,,
06/03/2020,12,18667,16667,,,,
06/03/2020,13,18556,16485,,,,
06/03/2020,14,18492,16378,,,,
06/03/2020,15,18466,16279,,,,
06/03/2020,16,18822,16294,,,,
06/03/2020,17,19532,16938,,,,
06/03/2020,18,20034,17384,,,,
06/03/2020,19,19622,17602,,,,
06/03/2020,20,19379,17530,,,,
06/03/2020,21,19277,17248,,,,
06/03/2020,22,18540,16645,,,,
06/03/2020,23,17941,15719,,,,
06/03/2020,24,17137,14847,,,,
07/03/2020,1,16747,14208,,,,
07/03/2020,2,16506,13878,,,,
07/03/2020,3,16206,13785,,,,
07/03/2020,4,16365,13772,,,,
07/03/2020,5,16423,13998,,,,
07/03/2020,6,16637,14294,,,,
07/03/2020,7,17124,15008,,,,
07/03/2020,8,17121,15293,,,,
07/03/2020,9,16841,14887,,,,
07/03/2020,10,16527,14652,,,,
07/03/2020,11,16671,14641,,,,
07/03/2020,12,16704,14557,,,,
07/03/2020,13,16704,14413,,,,
07/03/2020,14,16263,14118,,,,
07/03/2020,15,16184,13981,,,,
07/03/2020,16,16269,14145,,,,
07/03/2020,17,16781,14814,,,,
07/03/2020,18,17428,15598,,,,
07/03/2020,19,18290,16413,,,,
07/03/2020,20,18382,16485,,,,
07/03/2020,21,18127,16032,,,,
07/03/2020,22,17725,15571,,,,
07/03/2020,23,17078,14836,,,,
07/03/2020,24,16552,13981,,,,
08/03/2020,1,16231,13450,,,,
08/03/2020,2,16569,13011,,,,
08/03/2020,3,16310,12735,,,,
08/03/2020,4,16014,12598,,,,
08/03/2020,5,16065,12833,,,,
08/03/2020,6,15737,12962,,,,
08/03/2020,7,16029,13443,,,,
08/03/2020,8,16307,13819,,,,
08/03/2020,9,16758,13758,,,,
08/03/2020,10,16748,13563,,,,
08/03/2020,11,16520,13196,,,,
08/03/2020,12,16766,13183,,,,
08/03/2020,13,17018,12993,,,,
08/03/2020,14,16984,12756,,,,
08/03/2020,15,16905,12744,,,,
08/03/2020,16,17428,13495,,,,
08/03/2020,17,18123,14468,,,,
08/03/2020,18,18379,15082,,,,
08/03/2020,19,18923,15809,,,,
08/03/2020,20,18482,15867,,,,
08/03/2020,21,18128,15287,,,,
08/03/2020,22,17572,14469,,,,
08/03/2020,23,17272,13626,,,,
08/03/2020,24,16677,12940,,,,
09/03/2020,1,16373,12506,,,,
09/03/2020,2,15906,12235,,,,
09/03/2020,3,15810,12137,,,,
09/03/2020,4,15886,12234,,,,
09/03/2020,5,16336,12794,,,,
09/03/2020,6,16809,13984,,,,
09/03/2020,7,18073,15560,,,,
09/03/2020,8,18229,15755,,,,
09/03/2020,9,17662,14994,,,,
09/03/2020,10,17392,14507,,,,
09/03/2020,11,17372,14130,,,,
09/03/2020,12,17553,14126,,,,
09/03/2020,13,17573,14244,,,,
09/03/2020,14,17485,14439,,,,
09/03/2020,15,17605,14677,,,,
09/03/2020,16,17878,15185,,,,
09/03/2020,17,18586,15898,,,,
09/03/2020,18,18632,16020,,,,
09/03/2020,19,18827,16455,,,,
09/03/2020,20,18687,16357,,,,
09/03/2020,21,18662,15745,,,,
09/03/2020,22,18168,14792,,,,
09/03/2020,23,17393,13785,,,,
09/03/2020,24,17053,12965,,,,
10/03/2020,1,16769,12491,,,,
10/03/2020,2,16254,12136,,,,
10/03/2020,3,16263,12164,,,,
10/03/2020,4,16281,12218,,,,
10/03/2020,5,16513,12780,,,,
10/03/2020,6,16827,13873,,,,
10/03/2020,7,18199,15390,,,,
10/03/2020,8,18733,16026,,,,
10/03/2020,9,18215,15908,,,,
10/03/2020,10,18094,15884,,,,
10/03/2020,11,18238,15838,,,,
10/03/2020,12,18322,15832,,,,
10/03/2020,13,18459,15807,,,,
10/03/2020,14,18268,15540,,,,
10/03/2020,15,17846,15563,,,,
10/03/2020,16,18131,15863,,,,
10/03/2020,17,18196,15904,,,,
10/03/2020,18,17934,16051,,,,
10/03/2020,19,18422,16835,,,,
10/03/2020,20,18732,17179,,,,
10/03/2020,21,18224,16744,,,,
10/03/2020,22,17131,15843,,,,
10/03/2020,23,15980,14781,,,,
10/03/2020,24,15651,13993,,,,
11/03/2020,1,15509,13652,,,,
11/03/2020,2,15061,13470,,,,
11/03/2020,3,14888,13414,,,,
11/03/2020,4,14994,13573,,,,
11/03/2020,5,15361,14128,,,,
11/03/2020,6,16969,15362,,,,
11/03/2020,7,18518,16980,,,,
11/03/2020,8,18312,17051,,,,
11/03/2020,9,17982,16583,,,,
11/03/2020,10,18028,16609,,,,
11/03/2020,11,17787,16306,,,,
11/03/2020,12,17610,16136,,,,
11/03/2020,13,17283,15933,,,,
11/03/2020,14,16823,15369,,,,
11/03/2020,15,17165,15804,,,,
11/03/2020,16,18003,16451,,,,
11/03/2020,17,18374,16998,,,,
11/03/2020,18,18427,17030,,,,
11/03/2020,19,18891,17460,,,,
11/03/2020,20,19085,17632,,,,
11/03/2020,21,18867,16976,,,,
11/03/2020,22,17706,15880,,,,
11/03/2020,23,16139,14846,,,,
11/03/2020,24,15401,14039,,,,
12/03/2020,1,15026,13631,,,,
12/03/2020,2,15252,13449,,,,
12/03/2020,3,15092,13395,,,,
12/03/2020,4,14984,13384,,,,
12/03/2020,5,15094,13835,,,,
12/03/2020,6,16600,15051,,,,
12/03/2020,7,18648,16754,,,,
12/03/2020,8,18695,16985,,,,
12/03/2020,9,18172,16477,,,,
12/03/2020,10,17897,16129,,,,
12/03/2020,11,17580,15707,,,,
12/03/2020,12,17457,15251,,,,
12/03/2020,13,17520,15053,,,,
12/03/2020,14,17603,14942,,,,
12/03/2020,15,17453,15150,,,,
12/03/2020,16,17888,15733,,,,
12/03/2020,17,18474,16218,,,,
12/03/2020,18,18755,16374,,,,
12/03/2020,19,19191,16972,,,,
12/03/2020,20,18673,16885,,,,
12/03/2020,21,18187,16364,,,,
12/03/2020,22,17426,15386,,,,
12/03/2020,23,17077,14376,,,,
12/03/2020,24,16928,13689,,,,
