Longitude (x),Latitude (y),Station Name,Climate ID,Date/Time,Year,Month,Day,Time,Temp (°C),Temp Flag,Dew Point Temp (°C),Dew Point Temp Flag,Rel Hum (%),Rel Hum Flag,Wind Dir (10s deg),Wind Dir Flag,Wind Spd (km/h),Wind Spd Flag,Visibility (km),Visibility Flag,Stn Press (kPa),Stn Press Flag,Hmdx,Hmdx Flag,Wind Chill,Wind Chill Flag,Weather
-75.72,45.38,OTTAWA CDA RCS,6105978,01/02/2020 0:00,2020,2,1,0:00,-7.9,,-9.4,,89,,19,,3,,,,101.09,,,,-9,,NA
-75.72,45.38,OTTAWA CDA RCS,6105978,01/02/2020 1:00,2020,2,1,1:00,-9,,-10.1,,92,,0,,1,,,,101.04,,,,-10,,NA
-75.72,45.38,OTTAWA CDA RCS,6105978,01/02/2020 2:00,2020,2,1,2:00,-10.3,,-11.1,,94,,25,,1,,,,100.98,,,,-11,,NA
-75.72,45.38,OTTAWA CDA RCS,6105978,01/02/2020 3:00,2020,2,1,3:00,-11.8,,-12.7,,93,,0,,1,,,,100.91,,,,-12,,NA
-75.72,45.38,OTTAWA CDA RCS,6105978,01/02/2020 4:00,2020,2,1,4:00,-11.9,,-12.9,,92,,,,0,,,,100.88,,,,,,NA
-75.72,45.38,OTTAWA CDA RCS,6105978,01/02/2020 5:00,2020,2,1,5:00,-10.1,,-11.5,,90,,,,0,,,,100.86,,,,,,NA
-75.72,45.38,OTTAWA CDA RCS,6105978,01/02/2020 6:00,2020,2,1,6:00,-9.4,,-10.7,,91,,15,,3,,,,100.82,,,,-11,,NA
-75.72,45.38,OTTAWA CDA RCS,6105978,01/02/2020 7:00,2020,2,1,7:00,-10.1,,-11.2,,92,,12,,3,,,,100.79,,,,-12,,NA
-75.72,45.38,OTTAWA CDA RCS,6105978,01/02/2020 8:00,2020,2,1,8:00,-11.7,,-13.2,,89,,8,,1,,,,100.8,,,,-12,,NA
-75.72,45.38,OTTAWA CDA RCS,6105978,01/02/2020 9:00,2020,2,1,9:00,-8.2,,-9.6,,90,,7,,3,,,,100.75,,,,-10,,NA
-75.72,45.38,OTTAWA CDA RCS,6105978,01/02/2020 10:00,2020,2,1,10:00,-7,,-8.5,,89,,,,0,,,,100.69,,,,,,NA
-75.72,45.38,OTTAWA CDA RCS,6105978,01/02/2020 11:00,2020,2,1,11:00,-5.9,,-8.1,,84,,0,,1,,,,100.61,,,,-6,,NA
-75.72,45.38,OTTAWA CDA RCS,6105978,01/02/2020 12:00,2020,2,1,12:00,-4.4,,-7.1,,81,,13,,7,,,,100.48,,,,-8,,NA
-75.72,45.38,OTTAWA CDA RCS,6105978,01/02/2020 13:00,2020,2,1,13:00,-2.8,,-6.7,,75,,0,,1,,,,100.33,,,,-3,,NA
-75.72,45.38,OTTAWA CDA RCS,6105978,01/02/2020 14:00,2020,2,1,14:00,-2.5,,-6.1,,76,,17,,4,,,,100.22,,,,-4,,NA
-75.72,45.38,OTTAWA CDA RCS,6105978,01/02/2020 15:00,2020,2,1,15:00,-2.1,,-5.9,,75,,,,0,,,,100.14,,,,,,NA
-75.72,45.38,OTTAWA CDA RCS,6105978,01/02/2020 16:00,2020,2,1,16:00,-1.4,,-6.2,,70,,9,,3,,,,100.03,,,,-2,,NA
-75.72,45.38,OTTAWA CDA RCS,6105978,01/02/2020 17:00,2020,2,1,17:00,-3.9,,-6,,85,,,,0,,,,99.98,,,,,,NA
-75.72,45.38,OTTAWA CDA RCS,6105978,01/02/2020 18:00,2020,2,1,18:00,-4.8,,-7.1,,84,,7,,6,,,,99.93,,,,-8,,NA
-75.72,45.38,OTTAWA CDA RCS,6105978,01/02/2020 19:00,2020,2,1,19:00,-5,,-7,,85,,9,,5,,,,99.9,,,,-7,,NA
-75.72,45.38,OTTAWA CDA RCS,6105978,01/02/2020 20:00,2020,2,1,20:00,-6.1,,-7.9,,87,,5,,4,,,,99.88,,,,-8,,NA
-75.72,45.38,OTTAWA CDA RCS,6105978,01/02/2020 21:00,2020,2,1,21:00,-6.8,,-7.8,,93,,7,,4,,,,99.81,,,,-9,,NA
-75.72,45.38,OTTAWA CDA RCS,6105978,01/02/2020 22:00,2020,2,1,22:00,-6.7,,-8.1,,89,,7,,5,,,,99.73,,,,-9,,NA
-75.72,45.38,OTTAWA CDA RCS,6105978,01/02/2020 23:00,2020,2,1,23:00,-6.5,,-7.8,,91,,8,,4,,,,99.64,,,,-8,,NA
-75.72,45.38,OTTAWA CDA RCS,6105978,02/02/2020 0:00,2020,2,2,0:00,-6.6,,-7.8,,91,,34,,3,,,,99.57,,,,-8,,NA
-75.72,45.38,OTTAWA CDA RCS,6105978,02/02/2020 1:00,2020,2,2,1:00,-6.6,,-8,,90,,4,,5,,,,99.47,,,,-9,,NA
-75.72,45.38,OTTAWA CDA RCS,6105978,02/02/2020 2:00,2020,2,2,2:00,-6.3,,-7.6,,91,,5,,5,,,,99.44,,,,-9,,NA
-75.72,45.38,OTTAWA CDA RCS,6105978,02/02/2020 3:00,2020,2,2,3:00,-6.3,,-7.5,,91,,6,,4,,,,99.38,,,,-8,,NA
-75.72,45.38,OTTAWA CDA RCS,6105978,02/02/2020 4:00,2020,2,2,4:00,-6.4,,-7.7,,91,,7,,7,,,,99.29,,,,-10,,NA
-75.72,45.38,OTTAWA CDA RCS,6105978,02/02/2020 5:00,2020,2,2,5:00,-6.5,,-7.7,,91,,6,,5,,,,99.23,,,,-9,,NA
-75.72,45.38,OTTAWA CDA RCS,6105978,02/02/2020 6:00,2020,2,2,6:00,-7,,-8.3,,91,,5,,5,,,,99.2,,,,-10,,NA
-75.72,45.38,OTTAWA CDA RCS,6105978,02/02/2020 7:00,2020,2,2,7:00,-6.5,,-7.8,,90,,7,,5,,,,99.16,,,,-9,,NA
-75.72,45.38,OTTAWA CDA RCS,6105978,02/02/2020 8:00,2020,2,2,8:00,-6.4,,-7.7,,90,,5,,7,,,,99.12,,,,-10,,NA
-75.72,45.38,OTTAWA CDA RCS,6105978,02/02/2020 9:00,2020,2,2,9:00,-6,,-7.3,,90,,5,,6,,,,99.07,,,,-9,,NA
-75.72,45.38,OTTAWA CDA RCS,6105978,02/02/2020 10:00,2020,2,2,10:00,-5.4,,-6.8,,90,,7,,7,,,,99.01,,,,-9,,NA
-75.72,45.38,OTTAWA CDA RCS,6105978,02/02/2020 11:00,2020,2,2,11:00,-4.7,,-6.1,,90,,6,,7,,,,98.94,,,,-8,,NA
-75.72,45.38,OTTAWA CDA RCS,6105978,02/02/2020 12:00,2020,2,2,12:00,-4.1,,-5.7,,88,,3,,5,,,,98.83,,,,-6,,NA
-75.72,45.38,OTTAWA CDA RCS,6105978,02/02/2020 13:00,2020,2,2,13:00,-2.9,,-5,,85,,4,,5,,,,98.75,,,,-5,,NA
-75.72,45.38,OTTAWA CDA RCS,6105978,02/02/2020 14:00,2020,2,2,14:00,-2.1,,-4.5,,84,,4,,5,,,,98.69,,,,-4,,NA
-75.72,45.38,OTTAWA CDA RCS,6105978,02/02/2020 15:00,2020,2,2,15:00,-1.5,,-4.4,,81,,4,,2,,,,98.7,,,,-2,,NA
-75.72,45.38,OTTAWA CDA RCS,6105978,02/02/2020 16:00,2020,2,2,16:00,-1.8,,-4.3,,83,,7,,4,,,,98.73,,,,-3,,NA
-75.72,45.38,OTTAWA CDA RCS,6105978,02/02/2020 17:00,2020,2,2,17:00,-2.6,,-4.5,,86,,4,,3,,,,98.74,,,,-4,,NA
-75.72,45.38,OTTAWA CDA RCS,6105978,02/02/2020 18:00,2020,2,2,18:00,-3.4,,-5,,89,,4,,8,,,,98.81,,,,-7,,NA
-75.72,45.38,OTTAWA CDA RCS,6105978,02/02/2020 19:00,2020,2,2,19:00,-4.9,,-6.1,,91,,5,,4,,,,98.89,,,,-7,,NA
-75.72,45.38,OTTAWA CDA RCS,6105978,02/02/2020 20:00,2020,2,2,20:00,-4.8,,-5.4,,95,,6,,6,,,,98.91,,,,-8,,NA
-75.72,45.38,OTTAWA CDA RCS,6105978,02/02/2020 21:00,2020,2,2,21:00,-4.2,,-4.9,,95,,5,,6,,,,98.94,,,,-7,,NA
-75.72,45.38,OTTAWA CDA RCS,6105978,02/02/2020 22:00,2020,2,2,22:00,-4,,-4.6,,96,,6,,7,,,,98.93,,,,-7,,NA
-75.72,45.38,OTTAWA CDA RCS,6105978,02/02/2020 23:00,2020,2,2,23:00,-3.8,,-4.4,,95,,5,,5,,,,98.94,,,,-6,,NA
-75.72,45.38,OTTAWA CDA RCS,6105978,03/02/2020 0:00,2020,2,3,0:00,-3.5,,-4.3,,94,,5,,7,,,,99.02,,,,-6,,NA
-75.72,45.38,OTTAWA CDA RCS,6105978,03/02/2020 1:00,2020,2,3,1:00,-3.5,,-4.4,,93,,11,,2,,,,99.06,,,,-4,,NA
-75.72,45.38,OTTAWA CDA RCS,6105978,03/02/2020 2:00,2020,2,3,2:00,-3.5,,-4.5,,93,,0,,1,,,,99.1,,,,-4,,NA
-75.72,45.38,OTTAWA CDA RCS,6105978,03/02/2020 3:00,2020,2,3,3:00,-3.5,,-4.4,,93,,5,,2,,,,99.17,,,,-4,,NA
-75.72,45.38,OTTAWA CDA RCS,6105978,03/02/2020 4:00,2020,2,3,4:00,-3.7,,-4.5,,94,,5,,1,,,,99.2,,,,-4,,NA
-75.72,45.38,OTTAWA CDA RCS,6105978,03/02/2020 5:00,2020,2,3,5:00,-4.4,,-5.1,,95,,18,,6,,,,99.29,,,,-7,,NA
-75.72,45.38,OTTAWA CDA RCS,6105978,03/02/2020 6:00,2020,2,3,6:00,-4.5,,-5.2,,94,,,,0,,,,99.37,,,,,,NA
-75.72,45.38,OTTAWA CDA RCS,6105978,03/02/2020 7:00,2020,2,3,7:00,-4.7,,-5.3,,96,,,,0,,,,99.46,,,,,,NA
-75.72,45.38,OTTAWA CDA RCS,6105978,03/02/2020 8:00,2020,2,3,8:00,-6.5,,-7.1,,96,,15,,3,,,,99.44,,,,-8,,NA
-75.72,45.38,OTTAWA CDA RCS,6105978,03/02/2020 9:00,2020,2,3,9:00,-4,,-4.7,,95,,22,,4,,,,99.56,,,,-6,,NA
-75.72,45.38,OTTAWA CDA RCS,6105978,03/02/2020 10:00,2020,2,3,10:00,0.6,,-1.4,,86,,23,,13,,,,99.63,,,,,,NA
-75.72,45.38,OTTAWA CDA RCS,6105978,03/02/2020 11:00,2020,2,3,11:00,1.5,,-1.3,,82,,24,,13,,,,99.65,,,,,,NA
-75.72,45.38,OTTAWA CDA RCS,6105978,03/02/2020 12:00,2020,2,3,12:00,2.5,,-0.9,,78,,22,,18,,,,99.59,,,,,,NA
-75.72,45.38,OTTAWA CDA RCS,6105978,03/02/2020 13:00,2020,2,3,13:00,3.5,,-2.2,,66,,26,,17,,,,99.64,,,,,,NA
-75.72,45.38,OTTAWA CDA RCS,6105978,03/02/2020 14:00,2020,2,3,14:00,3.7,,-2.6,,63,,26,,19,,,,99.68,,,,,,NA
-75.72,45.38,OTTAWA CDA RCS,6105978,03/02/2020 15:00,2020,2,3,15:00,3.3,,-2.2,,67,,28,,21,,,,99.81,,,,,,NA
-75.72,45.38,OTTAWA CDA RCS,6105978,03/02/2020 16:00,2020,2,3,16:00,3.7,,-3.4,,60,,28,,18,,,,99.91,,,,,,NA
-75.72,45.38,OTTAWA CDA RCS,6105978,03/02/2020 17:00,2020,2,3,17:00,2.7,,-4.1,,61,,28,,13,,,,100,,,,,,NA
-75.72,45.38,OTTAWA CDA RCS,6105978,03/02/2020 18:00,2020,2,3,18:00,0.7,,-4.2,,70,,29,,5,,,,100.1,,,,,,NA
-75.72,45.38,OTTAWA CDA RCS,6105978,03/02/2020 19:00,2020,2,3,19:00,-2,,-4.8,,81,,,,0,,,,100.08,,,,,,NA
-75.72,45.38,OTTAWA CDA RCS,6105978,03/02/2020 20:00,2020,2,3,20:00,-2.7,,-5,,84,,23,,2,,,,100.19,,,,-3,,NA
-75.72,45.38,OTTAWA CDA RCS,6105978,03/02/2020 21:00,2020,2,3,21:00,-3.6,,-5.1,,90,,13,,2,,,,100.16,,,,-4,,NA
-75.72,45.38,OTTAWA CDA RCS,6105978,03/02/2020 22:00,2020,2,3,22:00,-4.2,,-5,,94,,0,,1,,,,100.17,,,,-5,,NA
-75.72,45.38,OTTAWA CDA RCS,6105978,03/02/2020 23:00,2020,2,3,23:00,-4,,-4.8,,95,,0,,1,,,,100.12,,,,-4,,NA
-75.72,45.38,OTTAWA CDA RCS,6105978,04/02/2020 0:00,2020,2,4,0:00,-4.2,,-5.4,,91,,3,,4,,,,100.11,,,,-6,,NA
-75.72,45.38,OTTAWA CDA RCS,6105978,04/02/2020 1:00,2020,2,4,1:00,-3,,-4.3,,91,,2,,2,,,,100.06,,,,-4,,NA
-75.72,45.38,OTTAWA CDA RCS,6105978,04/02/2020 2:00,2020,2,4,2:00,-2.2,,-4.1,,87,,2,,6,,,,100.04,,,,-5,,NA
-75.72,45.38,OTTAWA CDA RCS,6105978,04/02/2020 3:00,2020,2,4,3:00,-3.5,,-5.3,,87,,0,,1,,,,100.02,,,,-4,,NA
-75.72,45.38,OTTAWA CDA RCS,6105978,04/02/2020 4:00,2020,2,4,4:00,-5.3,,-6,,95,,4,,4,,,,99.97,,,,-7,,NA
-75.72,45.38,OTTAWA CDA RCS,6105978,04/02/2020 5:00,2020,2,4,5:00,-4.7,,-5.6,,93,,3,,2,,,,99.94,,,,-6,,NA
-75.72,45.38,OTTAWA CDA RCS,6105978,04/02/2020 6:00,2020,2,4,6:00,-5.2,,-5.9,,95,,3,,5,,,,99.91,,,,-7,,NA
-75.72,45.38,OTTAWA CDA RCS,6105978,04/02/2020 7:00,2020,2,4,7:00,-4.5,,-5.6,,92,,1,,2,,,,99.97,,,,-5,,NA
-75.72,45.38,OTTAWA CDA RCS,6105978,04/02/2020 8:00,2020,2,4,8:00,-2.3,,-4.7,,84,,3,,7,,,,100.02,,,,-5,,NA
-75.72,45.38,OTTAWA CDA RCS,6105978,04/02/2020 9:00,2020,2,4,9:00,-1.6,,-4.7,,79,,5,,6,,,,100.02,,,,-4,,NA
-75.72,45.38,OTTAWA CDA RCS,6105978,04/02/2020 10:00,2020,2,4,10:00,-0.3,,-5,,71,,4,,3,,,,100,,,,-1,,NA
-75.72,45.38,OTTAWA CDA RCS,6105978,04/02/2020 11:00,2020,2,4,11:00,0.6,,-4.5,,69,,36,,4,,,,99.97,,,,,,NA
-75.72,45.38,OTTAWA CDA RCS,6105978,04/02/2020 12:00,2020,2,4,12:00,1.5,,-4.3,,65,,,,0,,,,99.95,,,,,,NA
-75.72,45.38,OTTAWA CDA RCS,6105978,04/02/2020 13:00,2020,2,4,13:00,1.3,,-4.7,,64,,26,,8,,,,99.85,,,,,,NA
-75.72,45.38,OTTAWA CDA RCS,6105978,04/02/2020 14:00,2020,2,4,14:00,1.8,,-4.4,,64,,25,,13,,,,99.86,,,,,,NA
-75.72,45.38,OTTAWA CDA RCS,6105978,04/02/2020 15:00,2020,2,4,15:00,1.8,,-4.5,,63,,26,,23,,,,99.9,,,,,,NA
-75.72,45.38,OTTAWA CDA RCS,6105978,04/02/2020 16:00,2020,2,4,16:00,1.8,,-4.2,,64,,28,,18,,,,99.94,,,,,,NA
-75.72,45.38,OTTAWA CDA RCS,6105978,04/02/2020 17:00,2020,2,4,17:00,1.5,,-4.6,,64,,27,,15,,,,100.02,,,,,,NA
-75.72,45.38,OTTAWA CDA RCS,6105978,04/02/2020 18:00,2020,2,4,18:00,0.8,,-5.9,,61,,28,,13,,,,100.08,,,,,,NA
-75.72,45.38,OTTAWA CDA RCS,6105978,04/02/2020 19:00,2020,2,4,19:00,-0.1,,-6.5,,62,,27,,9,,,,100.15,,,,-3,,NA
-75.72,45.38,OTTAWA CDA RCS,6105978,04/02/2020 20:00,2020,2,4,20:00,-0.8,,-6.4,,66,,26,,8,,,,100.16,,,,-4,,NA
-75.72,45.38,OTTAWA CDA RCS,6105978,04/02/2020 21:00,2020,2,4,21:00,-1.7,,-6.6,,69,,26,,6,,,,100.2,,,,-4,,NA
-75.72,45.38,OTTAWA CDA RCS,6105978,04/02/2020 22:00,2020,2,4,22:00,-1.8,,-6.5,,70,,26,,6,,,,100.22,,,,-4,,NA
-75.72,45.38,OTTAWA CDA RCS,6105978,04/02/2020 23:00,2020,2,4,23:00,-2,,-6.5,,71,,28,,7,,,,100.27,,,,-5,,NA
-75.72,45.38,OTTAWA CDA RCS,6105978,05/02/2020 0:00,2020,2,5,0:00,-1.8,,-8.1,,62,,31,,22,,,,100.37,,,,-8,,NA
-75.72,45.38,OTTAWA CDA RCS,6105978,05/02/2020 1:00,2020,2,5,1:00,-3.1,,-8.3,,67,,31,,14,,,,100.41,,,,-8,,NA
-75.72,45.38,OTTAWA CDA RCS,6105978,05/02/2020 2:00,2020,2,5,2:00,-4,,-10.6,,60,,30,,12,,,,100.49,,,,-9,,NA
-75.72,45.38,OTTAWA CDA RCS,6105978,05/02/2020 3:00,2020,2,5,3:00,-4.6,,-10.3,,65,,32,,21,,,,100.62,,,,-11,,NA
-75.72,45.38,OTTAWA CDA RCS,6105978,05/02/2020 4:00,2020,2,5,4:00,-6.6,,-13,,61,,33,,24,,,,100.77,,,,-14,,NA
-75.72,45.38,OTTAWA CDA RCS,6105978,05/02/2020 5:00,2020,2,5,5:00,-8,,-14.3,,61,,32,,20,,,,100.88,,,,-15,,NA
-75.72,45.38,OTTAWA CDA RCS,6105978,05/02/2020 6:00,2020,2,5,6:00,-8.8,,-14.9,,61,,33,,22,,,,101.01,,,,-17,,NA
-75.72,45.38,OTTAWA CDA RCS,6105978,05/02/2020 7:00,2020,2,5,7:00,-9.5,,-14.6,,66,,32,,18,,,,101.16,,,,-17,,NA
-75.72,45.38,OTTAWA CDA RCS,6105978,05/02/2020 8:00,2020,2,5,8:00,-10.6,,-17.4,,57,,34,,19,,,,101.26,,,,-18,,NA
-75.72,45.38,OTTAWA CDA RCS,6105978,05/02/2020 9:00,2020,2,5,9:00,-10.6,,-17.8,,55,,32,,19,,,,101.33,,,,-18,,NA
-75.72,45.38,OTTAWA CDA RCS,6105978,05/02/2020 10:00,2020,2,5,10:00,-9.9,,-17.7,,53,,35,,15,,,,101.36,,,,-17,,NA
-75.72,45.38,OTTAWA CDA RCS,6105978,05/02/2020 11:00,2020,2,5,11:00,-9.4,,-17.7,,51,,35,,14,,,,101.34,,,,-16,,NA
-75.72,45.38,OTTAWA CDA RCS,6105978,05/02/2020 12:00,2020,2,5,12:00,-8.7,,-18,,47,,35,,10,,,,101.27,,,,-14,,NA
-75.72,45.38,OTTAWA CDA RCS,6105978,05/02/2020 13:00,2020,2,5,13:00,-8.2,,-17.3,,48,,27,,6,,,,101.25,,,,-11,,NA
-75.72,45.38,OTTAWA CDA RCS,6105978,05/02/2020 14:00,2020,2,5,14:00,-7.6,,-17.9,,43,,25,,8,,,,101.2,,,,-12,,NA
-75.72,45.38,OTTAWA CDA RCS,6105978,05/02/2020 15:00,2020,2,5,15:00,-7.2,,-16.7,,46,,26,,7,,,,101.13,,,,-11,,NA
-75.72,45.38,OTTAWA CDA RCS,6105978,05/02/2020 16:00,2020,2,5,16:00,-7.6,,-17,,47,,25,,12,,,,101.14,,,,-13,,NA
-75.72,45.38,OTTAWA CDA RCS,6105978,05/02/2020 17:00,2020,2,5,17:00,-8.6,,-17.1,,50,,22,,5,,,,101.04,,,,-11,,NA
-75.72,45.38,OTTAWA CDA RCS,6105978,05/02/2020 18:00,2020,2,5,18:00,-9.6,,-17,,55,,18,,6,,,,101.03,,,,-13,,NA
-75.72,45.38,OTTAWA CDA RCS,6105978,05/02/2020 19:00,2020,2,5,19:00,-9.9,,-16.4,,59,,16,,6,,,,101.01,,,,-13,,NA
-75.72,45.38,OTTAWA CDA RCS,6105978,05/02/2020 20:00,2020,2,5,20:00,-11.3,,-16.3,,66,,12,,4,,,,100.96,,,,-14,,NA
-75.72,45.38,OTTAWA CDA RCS,6105978,05/02/2020 21:00,2020,2,5,21:00,-9.3,,-16,,58,,12,,6,,,,100.88,,,,-13,,NA
-75.72,45.38,OTTAWA CDA RCS,6105978,05/02/2020 22:00,2020,2,5,22:00,-9.5,,-15.3,,63,,10,,3,,,,100.76,,,,-11,,NA
-75.72,45.38,OTTAWA CDA RCS,6105978,05/02/2020 23:00,2020,2,5,23:00,-8.9,,-15.4,,59,,11,,6,,,,100.66,,,,-12,,NA
-75.72,45.38,OTTAWA CDA RCS,6105978,06/02/2020 0:00,2020,2,6,0:00,-8.8,,-15.2,,60,,10,,6,,,,100.59,,,,-12,,NA
-75.72,45.38,OTTAWA CDA RCS,6105978,06/02/2020 1:00,2020,2,6,1:00,-8.7,,-15,,60,,7,,7,,,,100.48,,,,-13,,NA
-75.72,45.38,OTTAWA CDA RCS,6105978,06/02/2020 2:00,2020,2,6,2:00,-9.1,,-14.3,,66,,6,,6,,,,100.49,,,,-12,,NA
-75.72,45.38,OTTAWA CDA RCS,6105978,06/02/2020 3:00,2020,2,6,3:00,-8.9,,-14.7,,63,,5,,10,,,,100.36,,,,-14,,NA
-75.72,45.38,OTTAWA CDA RCS,6105978,06/02/2020 4:00,2020,2,6,4:00,-9,,-14.7,,63,,8,,6,,,,100.39,,,,-12,,NA
-75.72,45.38,OTTAWA CDA RCS,6105978,06/02/2020 5:00,2020,2,6,5:00,-9.1,,-13.9,,68,,3,,11,,,,100.28,,,,-15,,NA
-75.72,45.38,OTTAWA CDA RCS,6105978,06/02/2020 6:00,2020,2,6,6:00,-9.7,,-12.6,,79,,5,,11,,,,100.13,,,,-15,,NA
-75.72,45.38,OTTAWA CDA RCS,6105978,06/02/2020 7:00,2020,2,6,7:00,-9.6,,-12.1,,82,,5,,12,,,,100.09,,,,-15,,NA
-75.72,45.38,OTTAWA CDA RCS,6105978,06/02/2020 8:00,2020,2,6,8:00,-9.5,,-12.1,,82,,5,,11,,,,100.09,,,,-15,,NA
-75.72,45.38,OTTAWA CDA RCS,6105978,06/02/2020 9:00,2020,2,6,9:00,-9.1,,-11.2,,85,,4,,18,,,,99.97,,,,-16,,NA
-75.72,45.38,OTTAWA CDA RCS,6105978,06/02/2020 10:00,2020,2,6,10:00,-8.5,,-10.9,,83,,3,,14,,,,99.88,,,,-15,,NA
-75.72,45.38,OTTAWA CDA RCS,6105978,06/02/2020 11:00,2020,2,6,11:00,-8,,-10.9,,79,,4,,17,,,,99.8,,,,-15,,NA
-75.72,45.38,OTTAWA CDA RCS,6105978,06/02/2020 12:00,2020,2,6,12:00,-7.2,,-10.2,,79,,2,,15,,,,99.74,,,,-13,,NA
-75.72,45.38,OTTAWA CDA RCS,6105978,06/02/2020 13:00,2020,2,6,13:00,-5.8,,-9.1,,78,,2,,17,,,,99.61,,,,-12,,NA
-75.72,45.38,OTTAWA CDA RCS,6105978,06/02/2020 14:00,2020,2,6,14:00,-5.7,,-8,,84,,3,,15,,,,99.52,,,,-11,,NA
-75.72,45.38,OTTAWA CDA RCS,6105978,06/02/2020 15:00,2020,2,6,15:00,-5.3,,-8.3,,80,,3,,17,,,,99.44,,,,-11,,NA
-75.72,45.38,OTTAWA CDA RCS,6105978,06/02/2020 16:00,2020,2,6,16:00,-4.9,,-8,,79,,4,,14,,,,99.39,,,,-10,,NA
-75.72,45.38,OTTAWA CDA RCS,6105978,06/02/2020 17:00,2020,2,6,17:00,-4.8,,-7.9,,79,,4,,12,,,,99.41,,,,-10,,NA
-75.72,45.38,OTTAWA CDA RCS,6105978,06/02/2020 18:00,2020,2,6,18:00,-4.8,,-8,,79,,4,,12,,,,99.36,,,,-10,,NA
-75.72,45.38,OTTAWA CDA RCS,6105978,06/02/2020 19:00,2020,2,6,19:00,-5.3,,-7,,88,,3,,13,,,,99.24,,,,-10,,NA
-75.72,45.38,OTTAWA CDA RCS,6105978,06/02/2020 20:00,2020,2,6,20:00,-5.2,,-7.1,,86,,3,,14,,,,99.19,,,,-11,,NA
-75.72,45.38,OTTAWA CDA RCS,6105978,06/02/2020 21:00,2020,2,6,21:00,-4.8,,-7.2,,83,,2,,12,,,,99.2,,,,-10,,NA
-75.72,45.38,OTTAWA CDA RCS,6105978,06/02/2020 22:00,2020,2,6,22:00,-5,,-6.6,,88,,1,,11,,,,99.09,,,,-10,,NA
-75.72,45.38,OTTAWA CDA RCS,6105978,06/02/2020 23:00,2020,2,6,23:00,-5.1,,-6.5,,90,,2,,15,,,,98.94,,,,-11,,NA
-75.72,45.38,OTTAWA CDA RCS,6105978,07/02/2020 0:00,2020,2,7,0:00,-5.3,,-6.3,,93,,1,,17,,,,98.94,,,,-11,,NA
-75.72,45.38,OTTAWA CDA RCS,6105978,07/02/2020 1:00,2020,2,7,1:00,-5.3,,-6.3,,93,,35,,14,,,,98.86,,,,-11,,NA
-75.72,45.38,OTTAWA CDA RCS,6105978,07/02/2020 2:00,2020,2,7,2:00,-5.3,,-6.2,,93,,1,,13,,,,98.8,,,,-10,,NA
-75.72,45.38,OTTAWA CDA RCS,6105978,07/02/2020 3:00,2020,2,7,3:00,-5.4,,-6.5,,92,,2,,18,,,,98.71,,,,-12,,NA
-75.72,45.38,OTTAWA CDA RCS,6105978,07/02/2020 4:00,2020,2,7,4:00,-5.6,,-6.6,,93,,1,,16,,,,98.61,,,,-12,,NA
-75.72,45.38,OTTAWA CDA RCS,6105978,07/02/2020 5:00,2020,2,7,5:00,-5.7,,-6.8,,92,,36,,15,,,,98.63,,,,-11,,NA
-75.72,45.38,OTTAWA CDA RCS,6105978,07/02/2020 6:00,2020,2,7,6:00,-5.8,,-7,,91,,1,,16,,,,98.54,,,,-12,,NA
-75.72,45.38,OTTAWA CDA RCS,6105978,07/02/2020 7:00,2020,2,7,7:00,-5.9,,-7.4,,89,,2,,19,,,,98.44,,,,-13,,NA
-75.72,45.38,OTTAWA CDA RCS,6105978,07/02/2020 8:00,2020,2,7,8:00,-5.8,,-7.9,,85,,1,,19,,,,98.32,,,,-12,,NA
-75.72,45.38,OTTAWA CDA RCS,6105978,07/02/2020 9:00,2020,2,7,9:00,-5.8,,-8.4,,82,,36,,20,,,,98.31,,,,-13,,NA
-75.72,45.38,OTTAWA CDA RCS,6105978,07/02/2020 10:00,2020,2,7,10:00,-5.9,,-8.9,,79,,35,,24,,,,98.19,,,,-13,,NA
-75.72,45.38,OTTAWA CDA RCS,6105978,07/02/2020 11:00,2020,2,7,11:00,-6.7,,-9.9,,78,,35,,26,,,,98.04,,,,-15,,NA
-75.72,45.38,OTTAWA CDA RCS,6105978,07/02/2020 12:00,2020,2,7,12:00,-7.2,,-10.2,,79,,34,,20,,,,98.09,,,,-14,,NA
-75.72,45.38,OTTAWA CDA RCS,6105978,07/02/2020 13:00,2020,2,7,13:00,-7.6,,-9.4,,87,,33,,24,,,,98.03,,,,-16,,NA
-75.72,45.38,OTTAWA CDA RCS,6105978,07/02/2020 14:00,2020,2,7,14:00,-8.3,,-10.5,,84,,32,,24,,,,98.03,,,,-16,,NA
-75.72,45.38,OTTAWA CDA RCS,6105978,07/02/2020 15:00,2020,2,7,15:00,-8.6,,-11.2,,81,,33,,25,,,,98.09,,,,-17,,NA
-75.72,45.38,OTTAWA CDA RCS,6105978,07/02/2020 16:00,2020,2,7,16:00,-8.6,,-11.8,,77,,32,,27,,,,98.29,,,,-17,,NA
-75.72,45.38,OTTAWA CDA RCS,6105978,07/02/2020 17:00,2020,2,7,17:00,-9,,-12.8,,74,,32,,28,,,,98.51,,,,-18,,NA
-75.72,45.38,OTTAWA CDA RCS,6105978,07/02/2020 18:00,2020,2,7,18:00,-9.7,,-13.2,,76,,31,,25,,,,98.74,,,,-18,,NA
-75.72,45.38,OTTAWA CDA RCS,6105978,07/02/2020 19:00,2020,2,7,19:00,-10,,-14.1,,72,,31,,22,,,,98.96,,,,-18,,NA
-75.72,45.38,OTTAWA CDA RCS,6105978,07/02/2020 20:00,2020,2,7,20:00,-10.5,,-16.7,,60,,32,,29,,,,99.15,,,,-20,,NA
-75.72,45.38,OTTAWA CDA RCS,6105978,07/02/2020 21:00,2020,2,7,21:00,-11.9,,-17.9,,61,,29,,20,,,,99.31,,,,-20,,NA
-75.72,45.38,OTTAWA CDA RCS,6105978,07/02/2020 22:00,2020,2,7,22:00,-13.2,,-19.4,,60,,30,,21,,,,99.5,,,,-22,,NA
-75.72,45.38,OTTAWA CDA RCS,6105978,07/02/2020 23:00,2020,2,7,23:00,-13.7,,-20.1,,59,,31,,19,,,,99.65,,,,-22,,NA
-75.72,45.38,OTTAWA CDA RCS,6105978,08/02/2020 0:00,2020,2,8,0:00,-14.1,,-20.5,,58,,30,,17,,,,99.8,,,,-22,,NA
-75.72,45.38,OTTAWA CDA RCS,6105978,08/02/2020 1:00,2020,2,8,1:00,-14.7,,-20.9,,59,,29,,20,,,,99.91,,,,-24,,NA
-75.72,45.38,OTTAWA CDA RCS,6105978,08/02/2020 2:00,2020,2,8,2:00,-15.4,,-21.2,,61,,28,,15,,,,100.05,,,,-23,,NA
-75.72,45.38,OTTAWA CDA RCS,6105978,08/02/2020 3:00,2020,2,8,3:00,-16.9,,-21.9,,65,,26,,13,,,,100.18,,,,-25,,NA
-75.72,45.38,OTTAWA CDA RCS,6105978,08/02/2020 4:00,2020,2,8,4:00,-17.8,,-22.3,,68,,26,,15,,,,100.31,,,,-26,,NA
-75.72,45.38,OTTAWA CDA RCS,6105978,08/02/2020 5:00,2020,2,8,5:00,-18.4,,-22.5,,70,,27,,17,,,,100.45,,,,-28,,NA
-75.72,45.38,OTTAWA CDA RCS,6105978,08/02/2020 6:00,2020,2,8,6:00,-19.1,,-23.1,,71,,27,,16,,,,100.59,,,,-28,,NA
-75.72,45.38,OTTAWA CDA RCS,6105978,08/02/2020 7:00,2020,2,8,7:00,-20,,-23.7,,72,,29,,13,,,,100.77,,,,-28,,NA
-75.72,45.38,OTTAWA CDA RCS,6105978,08/02/2020 8:00,2020,2,8,8:00,-20.3,,-24,,72,,29,,12,,,,100.91,,,,-28,,NA
-75.72,45.38,OTTAWA CDA RCS,6105978,08/02/2020 9:00,2020,2,8,9:00,-19.7,,-24.5,,65,,28,,17,,,,101.04,,,,-29,,NA
-75.72,45.38,OTTAWA CDA RCS,6105978,08/02/2020 10:00,2020,2,8,10:00,-18.9,,-24.8,,59,,29,,16,,,,101.17,,,,-28,,NA
-75.72,45.38,OTTAWA CDA RCS,6105978,08/02/2020 11:00,2020,2,8,11:00,-18.1,,-25,,55,,25,,16,,,,101.28,,,,-27,,NA
-75.72,45.38,OTTAWA CDA RCS,6105978,08/02/2020 12:00,2020,2,8,12:00,-17.2,,-24.4,,54,,25,,16,,,,101.34,,,,-26,,NA
-75.72,45.38,OTTAWA CDA RCS,6105978,08/02/2020 13:00,2020,2,8,13:00,-16.6,,-24.2,,52,,24,,18,,,,101.37,,,,-26,,NA
-75.72,45.38,OTTAWA CDA RCS,6105978,08/02/2020 14:00,2020,2,8,14:00,-16,,-24.2,,50,,25,,19,,,,101.43,,,,-25,,NA
-75.72,45.38,OTTAWA CDA RCS,6105978,08/02/2020 15:00,2020,2,8,15:00,-15.2,,-23.7,,48,,26,,15,,,,101.44,,,,-23,,NA
-75.72,45.38,OTTAWA CDA RCS,6105978,08/02/2020 16:00,2020,2,8,16:00,-14.9,,-23.8,,47,,25,,15,,,,101.53,,,,-23,,NA
-75.72,45.38,OTTAWA CDA RCS,6105978,08/02/2020 17:00,2020,2,8,17:00,-15.2,,-23.3,,50,,24,,13,,,,101.6,,,,-23,,NA
-75.72,45.38,OTTAWA CDA RCS,6105978,08/02/2020 18:00,2020,2,8,18:00,-16.2,,-23.3,,54,,25,,8,,,,101.71,,,,-22,,NA
-75.72,45.38,OTTAWA CDA RCS,6105978,08/02/2020 19:00,2020,2,8,19:00,-18.1,,-24.3,,58,,23,,5,,,,101.8,,,,-22,,NA
-75.72,45.38,OTTAWA CDA RCS,6105978,08/02/2020 20:00,2020,2,8,20:00,-21,,-25.3,,68,,25,,3,,,,101.87,,,,-24,,NA
-75.72,45.38,OTTAWA CDA RCS,6105978,08/02/2020 21:00,2020,2,8,21:00,-20.8,,-24,,75,,20,,4,,,,101.93,,,,-24,,NA
-75.72,45.38,OTTAWA CDA RCS,6105978,08/02/2020 22:00,2020,2,8,22:00,-22,,-23.9,,84,,17,,6,,,,101.99,,,,-27,,NA
-75.72,45.38,OTTAWA CDA RCS,6105978,08/02/2020 23:00,2020,2,8,23:00,-23.8,,-25.8,,84,,,,0,,,,102.01,,,,,,NA
-75.72,45.38,OTTAWA CDA RCS,6105978,09/02/2020 0:00,2020,2,9,0:00,-24.2,,-26.1,,84,,18,,3,,,,102.04,,,,-27,,NA
-75.72,45.38,OTTAWA CDA RCS,6105978,09/02/2020 1:00,2020,2,9,1:00,-23.8,,-25.9,,83,,10,,2,,,,102.02,,,,-26,,NA
-75.72,45.38,OTTAWA CDA RCS,6105978,09/02/2020 2:00,2020,2,9,2:00,-25.5,,-27.7,,81,,,,0,,,,102.08,,,,,,NA
-75.72,45.38,OTTAWA CDA RCS,6105978,09/02/2020 3:00,2020,2,9,3:00,-24.7,,-27.1,,81,,5,,1,,,,102.11,,,,-26,,NA
-75.72,45.38,OTTAWA CDA RCS,6105978,09/02/2020 4:00,2020,2,9,4:00,-24.8,,-27.3,,80,,0,,1,,,,102.22,,,,-26,,NA
-75.72,45.38,OTTAWA CDA RCS,6105978,09/02/2020 5:00,2020,2,9,5:00,-25.5,,-28.1,,79,,34,,2,,,,102.24,,,,-28,,NA
-75.72,45.38,OTTAWA CDA RCS,6105978,09/02/2020 6:00,2020,2,9,6:00,-25.9,,-28.6,,78,,,,0,,,,102.27,,,,,,NA
-75.72,45.38,OTTAWA CDA RCS,6105978,09/02/2020 7:00,2020,2,9,7:00,-26,,-28.7,,78,,3,,1,,,,102.32,,,,-27,,NA
-75.72,45.38,OTTAWA CDA RCS,6105978,09/02/2020 8:00,2020,2,9,8:00,-24.2,,-27,,78,,9,,4,,,,102.37,,,,-28,,NA
-75.72,45.38,OTTAWA CDA RCS,6105978,09/02/2020 9:00,2020,2,9,9:00,-20.9,,-23.6,,79,,8,,10,,,,102.33,,,,-28,,NA
-75.72,45.38,OTTAWA CDA RCS,6105978,09/02/2020 10:00,2020,2,9,10:00,-18.4,,-21.4,,77,,4,,8,,,,102.36,,,,-24,,NA
-75.72,45.38,OTTAWA CDA RCS,6105978,09/02/2020 11:00,2020,2,9,11:00,-17,,-20,,77,,6,,8,,,,102.32,,,,-23,,NA
-75.72,45.38,OTTAWA CDA RCS,6105978,09/02/2020 12:00,2020,2,9,12:00,-13.2,,-18.4,,65,,6,,3,,,,102.27,,,,-15,,NA
-75.72,45.38,OTTAWA CDA RCS,6105978,09/02/2020 13:00,2020,2,9,13:00,-12.2,,-19.2,,56,,7,,10,,,,102.12,,,,-18,,NA
-75.72,45.38,OTTAWA CDA RCS,6105978,09/02/2020 14:00,2020,2,9,14:00,-10.5,,-18.2,,54,,7,,8,,,,102.02,,,,-15,,NA
-75.72,45.38,OTTAWA CDA RCS,6105978,09/02/2020 15:00,2020,2,9,15:00,-9.9,,-16.8,,57,,9,,11,,,,101.93,,,,-15,,NA
-75.72,45.38,OTTAWA CDA RCS,6105978,09/02/2020 16:00,2020,2,9,16:00,-9.2,,-15.6,,60,,10,,8,,,,101.88,,,,-14,,NA
-75.72,45.38,OTTAWA CDA RCS,6105978,09/02/2020 17:00,2020,2,9,17:00,-9.3,,-14.7,,65,,7,,10,,,,101.82,,,,-14,,NA
-75.72,45.38,OTTAWA CDA RCS,6105978,09/02/2020 18:00,2020,2,9,18:00,-9.8,,-15.2,,64,,5,,9,,,,101.81,,,,-15,,NA
-75.72,45.38,OTTAWA CDA RCS,6105978,09/02/2020 19:00,2020,2,9,19:00,-10.3,,-15.7,,64,,6,,12,,,,101.78,,,,-16,,NA
-75.72,45.38,OTTAWA CDA RCS,6105978,09/02/2020 20:00,2020,2,9,20:00,-10.3,,-15.3,,67,,6,,11,,,,101.64,,,,-16,,NA
-75.72,45.38,OTTAWA CDA RCS,6105978,09/02/2020 21:00,2020,2,9,21:00,-10.4,,-14.2,,74,,5,,11,,,,101.46,,,,-16,,NA
-75.72,45.38,OTTAWA CDA RCS,6105978,09/02/2020 22:00,2020,2,9,22:00,-10.6,,-13,,83,,5,,11,,,,101.35,,,,-16,,NA
-75.72,45.38,OTTAWA CDA RCS,6105978,09/02/2020 23:00,2020,2,9,23:00,-10.4,,-12.2,,86,,5,,12,,,,101.26,,,,-16,,NA
-75.72,45.38,OTTAWA CDA RCS,6105978,10/02/2020 0:00,2020,2,10,0:00,-10.2,,-11.9,,88,,5,,10,,,,101.16,,,,-15,,NA
-75.72,45.38,OTTAWA CDA RCS,6105978,10/02/2020 1:00,2020,2,10,1:00,-9.9,,-11.4,,89,,4,,9,,,,100.98,,,,-15,,NA
-75.72,45.38,OTTAWA CDA RCS,6105978,10/02/2020 2:00,2020,2,10,2:00,-9.2,,-10.6,,90,,5,,9,,,,100.81,,,,-14,,NA
-75.72,45.38,OTTAWA CDA RCS,6105978,10/02/2020 3:00,2020,2,10,3:00,-8.3,,-9.6,,91,,6,,10,,,,100.64,,,,-13,,NA
-75.72,45.38,OTTAWA CDA RCS,6105978,10/02/2020 4:00,2020,2,10,4:00,-7.4,,-8.6,,91,,5,,9,,,,100.48,,,,-12,,NA
-75.72,45.38,OTTAWA CDA RCS,6105978,10/02/2020 5:00,2020,2,10,5:00,-7.2,,-8.5,,91,,4,,10,,,,100.4,,,,-12,,NA
-75.72,45.38,OTTAWA CDA RCS,6105978,10/02/2020 6:00,2020,2,10,6:00,-7.1,,-8.3,,91,,3,,8,,,,100.36,,,,-11,,NA
-75.72,45.38,OTTAWA CDA RCS,6105978,10/02/2020 7:00,2020,2,10,7:00,-6.9,,-8.2,,91,,4,,8,,,,100.35,,,,-11,,NA
-75.72,45.38,OTTAWA CDA RCS,6105978,10/02/2020 8:00,2020,2,10,8:00,-6.7,,-8,,90,,3,,9,,,,100.41,,,,-11,,NA
-75.72,45.38,OTTAWA CDA RCS,6105978,10/02/2020 9:00,2020,2,10,9:00,-5.9,,-7.4,,89,,4,,6,,,,100.44,,,,-9,,NA
-75.72,45.38,OTTAWA CDA RCS,6105978,10/02/2020 10:00,2020,2,10,10:00,-4.8,,-6.6,,87,,4,,2,,,,100.46,,,,-6,,NA
-75.72,45.38,OTTAWA CDA RCS,6105978,10/02/2020 11:00,2020,2,10,11:00,-3.8,,-6,,84,,36,,4,,,,100.54,,,,-5,,NA
-75.72,45.38,OTTAWA CDA RCS,6105978,10/02/2020 12:00,2020,2,10,12:00,-2.7,,-5.2,,83,,28,,10,,,,100.59,,,,-7,,NA
-75.72,45.38,OTTAWA CDA RCS,6105978,10/02/2020 13:00,2020,2,10,13:00,-1.7,,-5.7,,74,,26,,8,,,,100.58,,,,-5,,NA
-75.72,45.38,OTTAWA CDA RCS,6105978,10/02/2020 14:00,2020,2,10,14:00,-0.2,,-4.9,,71,,26,,11,,,,100.62,,,,-4,,NA
-75.72,45.38,OTTAWA CDA RCS,6105978,10/02/2020 15:00,2020,2,10,15:00,0.2,,-4.4,,71,,25,,14,,,,100.69,,,,,,NA
-75.72,45.38,OTTAWA CDA RCS,6105978,10/02/2020 16:00,2020,2,10,16:00,0.3,,-4.2,,72,,25,,14,,,,100.78,,,,,,NA
-75.72,45.38,OTTAWA CDA RCS,6105978,10/02/2020 17:00,2020,2,10,17:00,-0.4,,-4.2,,76,,26,,10,,,,100.86,,,,-4,,NA
-75.72,45.38,OTTAWA CDA RCS,6105978,10/02/2020 18:00,2020,2,10,18:00,-1.9,,-4.6,,82,,24,,7,,,,100.93,,,,-5,,NA
-75.72,45.38,OTTAWA CDA RCS,6105978,10/02/2020 19:00,2020,2,10,19:00,-3.9,,-6.1,,84,,25,,7,,,,100.97,,,,-7,,NA
-75.72,45.38,OTTAWA CDA RCS,6105978,10/02/2020 20:00,2020,2,10,20:00,-8,,-8.7,,95,,25,,6,,,,101,,,,-11,,NA
-75.72,45.38,OTTAWA CDA RCS,6105978,10/02/2020 21:00,2020,2,10,21:00,-7.7,,-8.4,,95,,19,,7,,,,100.98,,,,-11,,NA
-75.72,45.38,OTTAWA CDA RCS,6105978,10/02/2020 22:00,2020,2,10,22:00,-9,,-9.5,,96,,18,,6,,,,100.96,,,,-12,,NA
-75.72,45.38,OTTAWA CDA RCS,6105978,10/02/2020 23:00,2020,2,10,23:00,-12.8,,-13.7,,93,,18,,2,,,,100.98,,,,-14,,NA
-75.72,45.38,OTTAWA CDA RCS,6105978,11/02/2020 0:00,2020,2,11,0:00,-12.6,,-13.7,,91,,,,0,,,,100.97,,,,,,NA
-75.72,45.38,OTTAWA CDA RCS,6105978,11/02/2020 1:00,2020,2,11,1:00,-9.2,,-10.1,,93,,15,,7,,,,100.97,,,,-13,,NA
-75.72,45.38,OTTAWA CDA RCS,6105978,11/02/2020 2:00,2020,2,11,2:00,-7.5,,-8.6,,92,,,,0,,,,100.9,,,,,,NA
-75.72,45.38,OTTAWA CDA RCS,6105978,11/02/2020 3:00,2020,2,11,3:00,-6.2,,-7.1,,93,,3,,1,,,,100.81,,,,-7,,NA
-75.72,45.38,OTTAWA CDA RCS,6105978,11/02/2020 4:00,2020,2,11,4:00,-5.8,,-6.7,,93,,11,,4,,,,100.76,,,,-8,,NA
-75.72,45.38,OTTAWA CDA RCS,6105978,11/02/2020 5:00,2020,2,11,5:00,-5.8,,-6.7,,93,,4,,4,,,,100.77,,,,-8,,NA
-75.72,45.38,OTTAWA CDA RCS,6105978,11/02/2020 6:00,2020,2,11,6:00,-5.7,,-6.6,,93,,3,,3,,,,100.67,,,,-7,,NA
-75.72,45.38,OTTAWA CDA RCS,6105978,11/02/2020 7:00,2020,2,11,7:00,-5.9,,-6.9,,93,,3,,5,,,,100.63,,,,-8,,NA
-75.72,45.38,OTTAWA CDA RCS,6105978,11/02/2020 8:00,2020,2,11,8:00,-5.8,,-6.8,,93,,36,,3,,,,100.6,,,,-7,,NA
-75.72,45.38,OTTAWA CDA RCS,6105978,11/02/2020 9:00,2020,2,11,9:00,-5.5,,-6.5,,93,,,,0,,,,100.55,,,,,,NA
-75.72,45.38,OTTAWA CDA RCS,6105978,11/02/2020 10:00,2020,2,11,10:00,-4.9,,-5.9,,93,,32,,1,,,,100.47,,,,-5,,NA
-75.72,45.38,OTTAWA CDA RCS,6105978,11/02/2020 11:00,2020,2,11,11:00,-3.7,,-4.8,,92,,,,0,,,,100.42,,,,,,NA
-75.72,45.38,OTTAWA CDA RCS,6105978,11/02/2020 12:00,2020,2,11,12:00,-2.6,,-5.3,,81,,26,,9,,,,100.32,,,,-6,,NA
-75.72,45.38,OTTAWA CDA RCS,6105978,11/02/2020 13:00,2020,2,11,13:00,-1.3,,-6.4,,68,,26,,10,,,,100.22,,,,-5,,NA
-75.72,45.38,OTTAWA CDA RCS,6105978,11/02/2020 14:00,2020,2,11,14:00,-0.8,,-6.2,,67,,26,,11,,,,100.18,,,,-5,,NA
-75.72,45.38,OTTAWA CDA RCS,6105978,11/02/2020 15:00,2020,2,11,15:00,-0.5,,-5.8,,67,,26,,9,,,,100.07,,,,-4,,NA
-75.72,45.38,OTTAWA CDA RCS,6105978,11/02/2020 16:00,2020,2,11,16:00,-0.4,,-5.7,,67,,24,,6,,,,100.02,,,,-2,,NA
-75.72,45.38,OTTAWA CDA RCS,6105978,11/02/2020 17:00,2020,2,11,17:00,-0.8,,-5.5,,70,,23,,6,,,,100.02,,,,-3,,NA
-75.72,45.38,OTTAWA CDA RCS,6105978,11/02/2020 18:00,2020,2,11,18:00,-0.9,,-5.6,,70,,25,,4,,,,99.97,,,,-2,,NA
-75.72,45.38,OTTAWA CDA RCS,6105978,11/02/2020 19:00,2020,2,11,19:00,-1.6,,-5.6,,74,,21,,6,,,,99.99,,,,-4,,NA
-75.72,45.38,OTTAWA CDA RCS,6105978,11/02/2020 20:00,2020,2,11,20:00,-0.9,,-5.2,,72,,22,,9,,,,99.99,,,,-4,,NA
-75.72,45.38,OTTAWA CDA RCS,6105978,11/02/2020 21:00,2020,2,11,21:00,0,,-5.4,,67,,25,,11,,,,99.99,,,,-4,,NA
-75.72,45.38,OTTAWA CDA RCS,6105978,11/02/2020 22:00,2020,2,11,22:00,-0.2,,-5.2,,69,,23,,12,,,,99.99,,,,-4,,NA
-75.72,45.38,OTTAWA CDA RCS,6105978,11/02/2020 23:00,2020,2,11,23:00,-0.4,,-5.1,,70,,22,,14,,,,100.03,,,,-5,,NA
-75.72,45.38,OTTAWA CDA RCS,6105978,12/02/2020 0:00,2020,2,12,0:00,-0.3,,-5.6,,68,,26,,15,,,,100.11,,,,-5,,NA
-75.72,45.38,OTTAWA CDA RCS,6105978,12/02/2020 1:00,2020,2,12,1:00,-0.9,,-5.9,,69,,25,,15,,,,100.19,,,,-6,,NA
-75.72,45.38,OTTAWA CDA RCS,6105978,12/02/2020 2:00,2020,2,12,2:00,-1,,-6,,69,,25,,18,,,,100.28,,,,-6,,NA
-75.72,45.38,OTTAWA CDA RCS,6105978,12/02/2020 3:00,2020,2,12,3:00,-1.3,,-6.4,,68,,25,,13,,,,100.33,,,,-6,,NA
-75.72,45.38,OTTAWA CDA RCS,6105978,12/02/2020 4:00,2020,2,12,4:00,-2.5,,-7.2,,70,,24,,13,,,,100.46,,,,-7,,NA
-75.72,45.38,OTTAWA CDA RCS,6105978,12/02/2020 5:00,2020,2,12,5:00,-2.6,,-7.6,,69,,24,,12,,,,100.6,,,,-7,,NA
-75.72,45.38,OTTAWA CDA RCS,6105978,12/02/2020 6:00,2020,2,12,6:00,-3.8,,-8.4,,70,,25,,7,,,,100.72,,,,-7,,NA
-75.72,45.38,OTTAWA CDA RCS,6105978,12/02/2020 7:00,2020,2,12,7:00,-4.5,,-8.3,,75,,26,,6,,,,100.79,,,,-7,,NA
-75.72,45.38,OTTAWA CDA RCS,6105978,12/02/2020 8:00,2020,2,12,8:00,-4.7,,-9.1,,72,,22,,11,,,,100.84,,,,-9,,NA
-75.72,45.38,OTTAWA CDA RCS,6105978,12/02/2020 9:00,2020,2,12,9:00,-4.2,,-10,,64,,21,,8,,,,100.91,,,,-8,,NA
-75.72,45.38,OTTAWA CDA RCS,6105978,12/02/2020 10:00,2020,2,12,10:00,-2,,-8.4,,61,,21,,13,,,,100.87,,,,-6,,NA
-75.72,45.38,OTTAWA CDA RCS,6105978,12/02/2020 11:00,2020,2,12,11:00,-0.7,,-7.4,,61,,21,,22,,,,100.81,,,,-6,,NA
-75.72,45.38,OTTAWA CDA RCS,6105978,12/02/2020 12:00,2020,2,12,12:00,0.6,,-6.7,,58,,20,,22,,,,100.74,,,,,,NA
-75.72,45.38,OTTAWA CDA RCS,6105978,12/02/2020 13:00,2020,2,12,13:00,0.7,,-7.1,,56,,20,,23,,,,100.61,,,,,,NA
-75.72,45.38,OTTAWA CDA RCS,6105978,12/02/2020 14:00,2020,2,12,14:00,1.2,,-7.7,,52,,21,,25,,,,100.53,,,,,,NA
-75.72,45.38,OTTAWA CDA RCS,6105978,12/02/2020 15:00,2020,2,12,15:00,1.2,,-6.7,,56,,21,,28,,,,100.53,,,,,,NA
-75.72,45.38,OTTAWA CDA RCS,6105978,12/02/2020 16:00,2020,2,12,16:00,0.6,,-5.9,,62,,21,,26,,,,100.52,,,,,,NA
-75.72,45.38,OTTAWA CDA RCS,6105978,12/02/2020 17:00,2020,2,12,17:00,-0.1,,-6.2,,63,,21,,22,,,,100.5,,,,-6,,NA
-75.72,45.38,OTTAWA CDA RCS,6105978,12/02/2020 18:00,2020,2,12,18:00,-1,,-5.9,,69,,20,,13,,,,100.47,,,,-5,,NA
-75.72,45.38,OTTAWA CDA RCS,6105978,12/02/2020 19:00,2020,2,12,19:00,-1.1,,-5.8,,70,,21,,8,,,,100.41,,,,-4,,NA
-75.72,45.38,OTTAWA CDA RCS,6105978,12/02/2020 20:00,2020,2,12,20:00,-1.2,,-5.1,,75,,20,,5,,,,100.27,,,,-3,,NA
-75.72,45.38,OTTAWA CDA RCS,6105978,12/02/2020 21:00,2020,2,12,21:00,-0.9,,-4.9,,75,,21,,7,,,,100.19,,,,-3,,NA
-75.72,45.38,OTTAWA CDA RCS,6105978,12/02/2020 22:00,2020,2,12,22:00,-0.5,,-5,,72,,22,,8,,,,100.11,,,,-3,,NA
-75.72,45.38,OTTAWA CDA RCS,6105978,12/02/2020 23:00,2020,2,12,23:00,-0.3,,-5.1,,70,,23,,7,,,,100.04,,,,-3,,NA
-75.72,45.38,OTTAWA CDA RCS,6105978,13/02/2020 0:00,2020,2,13,0:00,-0.8,,-5.3,,71,,21,,5,,,,100.01,,,,-2,,NA
-75.72,45.38,OTTAWA CDA RCS,6105978,13/02/2020 1:00,2020,2,13,1:00,-1.8,,-5.2,,78,,19,,6,,,,99.91,,,,-4,,NA
-75.72,45.38,OTTAWA CDA RCS,6105978,13/02/2020 2:00,2020,2,13,2:00,-1.2,,-5.1,,75,,20,,9,,,,99.89,,,,-4,,NA
-75.72,45.38,OTTAWA CDA RCS,6105978,13/02/2020 3:00,2020,2,13,3:00,-1.8,,-4.8,,80,,20,,10,,,,99.71,,,,-5,,NA
-75.72,45.38,OTTAWA CDA RCS,6105978,13/02/2020 4:00,2020,2,13,4:00,-0.4,,-5.4,,69,,25,,8,,,,99.63,,,,-3,,NA
-75.72,45.38,OTTAWA CDA RCS,6105978,13/02/2020 5:00,2020,2,13,5:00,-0.9,,-4.7,,75,,25,,8,,,,99.7,,,,-4,,NA
-75.72,45.38,OTTAWA CDA RCS,6105978,13/02/2020 6:00,2020,2,13,6:00,-2.3,,-3.6,,91,,22,,5,,,,99.66,,,,-4,,NA
-75.72,45.38,OTTAWA CDA RCS,6105978,13/02/2020 7:00,2020,2,13,7:00,-2.3,,-3.2,,94,,22,,4,,,,99.57,,,,-4,,NA
-75.72,45.38,OTTAWA CDA RCS,6105978,13/02/2020 8:00,2020,2,13,8:00,-2,,-2.8,,94,,24,,4,,,,99.56,,,,-3,,NA
-75.72,45.38,OTTAWA CDA RCS,6105978,13/02/2020 9:00,2020,2,13,9:00,-1.7,,-2.8,,92,,27,,7,,,,99.58,,,,-4,,NA
-75.72,45.38,OTTAWA CDA RCS,6105978,13/02/2020 10:00,2020,2,13,10:00,-8.2,,-11.3,,79,,33,,27,,,,99.67,,,,-17,,NA
-75.72,45.38,OTTAWA CDA RCS,6105978,13/02/2020 11:00,2020,2,13,11:00,-10.1,,-13.2,,78,,33,,23,,,,99.79,,,,-19,,NA
-75.72,45.38,OTTAWA CDA RCS,6105978,13/02/2020 12:00,2020,2,13,12:00,-10.4,,-14.7,,71,,33,,24,,,,99.79,,,,-19,,NA
-75.72,45.38,OTTAWA CDA RCS,6105978,13/02/2020 13:00,2020,2,13,13:00,-11,,-14,,79,,32,,21,,,,99.74,,,,-19,,NA
-75.72,45.38,OTTAWA CDA RCS,6105978,13/02/2020 14:00,2020,2,13,14:00,-11.3,,-15.1,,74,,31,,21,,,,99.79,,,,-20,,NA
-75.72,45.38,OTTAWA CDA RCS,6105978,13/02/2020 15:00,2020,2,13,15:00,-11.8,,-16.3,,69,,31,,24,,,,99.9,,,,-21,,NA
-75.72,45.38,OTTAWA CDA RCS,6105978,13/02/2020 16:00,2020,2,13,16:00,-12.4,,-16.8,,70,,32,,19,,,,100.01,,,,-21,,NA
-75.72,45.38,OTTAWA CDA RCS,6105978,13/02/2020 17:00,2020,2,13,17:00,-13.1,,-17.7,,68,,32,,23,,,,100.15,,,,-22,,NA
-75.72,45.38,OTTAWA CDA RCS,6105978,13/02/2020 18:00,2020,2,13,18:00,-13.4,,-18,,68,,33,,19,,,,100.28,,,,-22,,NA
-75.72,45.38,OTTAWA CDA RCS,6105978,13/02/2020 19:00,2020,2,13,19:00,-13.9,,-19.2,,64,,32,,21,,,,100.43,,,,-23,,NA
-75.72,45.38,OTTAWA CDA RCS,6105978,13/02/2020 20:00,2020,2,13,20:00,-13.9,,-19.9,,61,,33,,23,,,,100.55,,,,-23,,NA
-75.72,45.38,OTTAWA CDA RCS,6105978,13/02/2020 21:00,2020,2,13,21:00,-15.2,,-21.6,,58,,33,,21,,,,100.64,,,,-25,,NA
-75.72,45.38,OTTAWA CDA RCS,6105978,13/02/2020 22:00,2020,2,13,22:00,-16.5,,-22.8,,58,,32,,21,,,,100.8,,,,-26,,NA
-75.72,45.38,OTTAWA CDA RCS,6105978,13/02/2020 23:00,2020,2,13,23:00,-17.8,,-23.9,,59,,32,,20,,,,100.93,,,,-28,,NA
-75.72,45.38,OTTAWA CDA RCS,6105978,14/02/2020 0:00,2020,2,14,0:00,-19.1,,-24.5,,62,,31,,20,,,,101.05,,,,-29,,NA
-75.72,45.38,OTTAWA CDA RCS,6105978,14/02/2020 1:00,2020,2,14,1:00,-19.9,,-25,,64,,31,,19,,,,101.17,,,,-30,,NA
-75.72,45.38,OTTAWA CDA RCS,6105978,14/02/2020 2:00,2020,2,14,2:00,-20.8,,-25.6,,65,,31,,16,,,,101.27,,,,-30,,NA
-75.72,45.38,OTTAWA CDA RCS,6105978,14/02/2020 3:00,2020,2,14,3:00,-21.3,,-26.1,,66,,31,,15,,,,101.42,,,,-31,,NA
-75.72,45.38,OTTAWA CDA RCS,6105978,14/02/2020 4:00,2020,2,14,4:00,-22,,-26.6,,66,,31,,14,,,,101.55,,,,-31,,NA
-75.72,45.38,OTTAWA CDA RCS,6105978,14/02/2020 5:00,2020,2,14,5:00,-22.2,,-26.9,,66,,32,,17,,,,101.67,,,,-32,,NA
-75.72,45.38,OTTAWA CDA RCS,6105978,14/02/2020 6:00,2020,2,14,6:00,-22.7,,-27.3,,66,,31,,14,,,,101.81,,,,-32,,NA
-75.72,45.38,OTTAWA CDA RCS,6105978,14/02/2020 7:00,2020,2,14,7:00,-24.7,,-27.8,,76,,27,,9,,,,101.95,,,,-32,,NA
-75.72,45.38,OTTAWA CDA RCS,6105978,14/02/2020 8:00,2020,2,14,8:00,-24.3,,-27.9,,72,,26,,8,,,,102.08,,,,-31,,NA
-75.72,45.38,OTTAWA CDA RCS,6105978,14/02/2020 9:00,2020,2,14,9:00,-22.8,,-28.1,,62,,27,,8,,,,102.18,,,,-30,,NA
-75.72,45.38,OTTAWA CDA RCS,6105978,14/02/2020 10:00,2020,2,14,10:00,-21.3,,-27.9,,56,,27,,8,,,,102.27,,,,-28,,NA
-75.72,45.38,OTTAWA CDA RCS,6105978,14/02/2020 11:00,2020,2,14,11:00,-20.7,,-27.9,,53,,25,,12,,,,102.34,,,,-29,,NA
-75.72,45.38,OTTAWA CDA RCS,6105978,14/02/2020 12:00,2020,2,14,12:00,-19.8,,-27.5,,51,,23,,16,,,,102.34,,,,-29,,NA
-75.72,45.38,OTTAWA CDA RCS,6105978,14/02/2020 13:00,2020,2,14,13:00,-18.4,,-27,,47,,26,,14,,,,102.32,,,,-27,,NA
-75.72,45.38,OTTAWA CDA RCS,6105978,14/02/2020 14:00,2020,2,14,14:00,-17.6,,-26.4,,46,,26,,17,,,,102.31,,,,-27,,NA
-75.72,45.38,OTTAWA CDA RCS,6105978,14/02/2020 15:00,2020,2,14,15:00,-16.8,,-27,,41,,26,,13,,,,102.33,,,,-25,,NA
-75.72,45.38,OTTAWA CDA RCS,6105978,14/02/2020 16:00,2020,2,14,16:00,-15.8,,-26.1,,41,,25,,9,,,,102.32,,,,-22,,NA
-75.72,45.38,OTTAWA CDA RCS,6105978,14/02/2020 17:00,2020,2,14,17:00,-15.8,,-25.7,,43,,26,,9,,,,102.38,,,,-22,,NA
-75.72,45.38,OTTAWA CDA RCS,6105978,14/02/2020 18:00,2020,2,14,18:00,-17.1,,-25.2,,49,,29,,4,,,,102.42,,,,-20,,NA
-75.72,45.38,OTTAWA CDA RCS,6105978,14/02/2020 19:00,2020,2,14,19:00,-20.1,,-25.9,,60,,17,,3,,,,102.48,,,,-23,,NA
-75.72,45.38,OTTAWA CDA RCS,6105978,14/02/2020 20:00,2020,2,14,20:00,-21.8,,-25.2,,74,,15,,3,,,,102.47,,,,-25,,NA
-75.72,45.38,OTTAWA CDA RCS,6105978,14/02/2020 21:00,2020,2,14,21:00,-20.1,,-24.4,,69,,16,,5,,,,102.45,,,,-24,,NA
-75.72,45.38,OTTAWA CDA RCS,6105978,14/02/2020 22:00,2020,2,14,22:00,-18.9,,-24.5,,61,,16,,4,,,,102.44,,,,-22,,NA
-75.72,45.38,OTTAWA CDA RCS,6105978,14/02/2020 23:00,2020,2,14,23:00,-17.8,,-23.3,,62,,18,,7,,,,102.43,,,,-23,,NA
-75.72,45.38,OTTAWA CDA RCS,6105978,15/02/2020 0:00,2020,2,15,0:00,-17.4,,-22.5,,64,,17,,6,,,,102.4,,,,-22,,NA
-75.72,45.38,OTTAWA CDA RCS,6105978,15/02/2020 1:00,2020,2,15,1:00,-16.6,,-21.8,,64,,16,,8,,,,102.38,,,,-22,,NA
-75.72,45.38,OTTAWA CDA RCS,6105978,15/02/2020 2:00,2020,2,15,2:00,-16,,-20.9,,66,,12,,1,,,,102.37,,,,-17,,NA
-75.72,45.38,OTTAWA CDA RCS,6105978,15/02/2020 3:00,2020,2,15,3:00,-15.9,,-20.5,,68,,10,,2,,,,102.34,,,,-17,,NA
-75.72,45.38,OTTAWA CDA RCS,6105978,15/02/2020 4:00,2020,2,15,4:00,-14.5,,-19.1,,68,,20,,14,,,,102.31,,,,-22,,NA
-75.72,45.38,OTTAWA CDA RCS,6105978,15/02/2020 5:00,2020,2,15,5:00,-14.3,,-17.9,,74,,22,,8,,,,102.34,,,,-20,,NA
-75.72,45.38,OTTAWA CDA RCS,6105978,15/02/2020 6:00,2020,2,15,6:00,-14.3,,-17.3,,78,,22,,4,,,,102.31,,,,-17,,NA
-75.72,45.38,OTTAWA CDA RCS,6105978,15/02/2020 7:00,2020,2,15,7:00,-14,,-16.7,,80,,16,,7,,,,102.24,,,,-19,,NA
-75.72,45.38,OTTAWA CDA RCS,6105978,15/02/2020 8:00,2020,2,15,8:00,-13.3,,-16,,80,,18,,11,,,,102.25,,,,-20,,NA
-75.72,45.38,OTTAWA CDA RCS,6105978,15/02/2020 9:00,2020,2,15,9:00,-12.4,,-15.2,,80,,18,,17,,,,102.18,,,,-20,,NA
-75.72,45.38,OTTAWA CDA RCS,6105978,15/02/2020 10:00,2020,2,15,10:00,-11.1,,-15.4,,71,,17,,15,,,,102.06,,,,-18,,NA
-75.72,45.38,OTTAWA CDA RCS,6105978,15/02/2020 11:00,2020,2,15,11:00,-8.4,,-13.6,,66,,18,,15,,,,101.86,,,,-15,,NA
-75.72,45.38,OTTAWA CDA RCS,6105978,15/02/2020 12:00,2020,2,15,12:00,-7.2,,-12.1,,68,,20,,33,,,,101.73,,,,-16,,NA
-75.72,45.38,OTTAWA CDA RCS,6105978,15/02/2020 13:00,2020,2,15,13:00,-6.9,,-11.3,,71,,20,,34,,,,101.6,,,,-16,,NA
-75.72,45.38,OTTAWA CDA RCS,6105978,15/02/2020 14:00,2020,2,15,14:00,-6.2,,-11,,69,,18,,28,,,,101.46,,,,-14,,NA
-75.72,45.38,OTTAWA CDA RCS,6105978,15/02/2020 15:00,2020,2,15,15:00,-5.7,,-10.9,,67,,17,,28,,,,101.32,,,,-14,,NA
-75.72,45.38,OTTAWA CDA RCS,6105978,15/02/2020 16:00,2020,2,15,16:00,-5.9,,-11.5,,64,,17,,26,,,,101.19,,,,-14,,NA
-75.72,45.38,OTTAWA CDA RCS,6105978,15/02/2020 17:00,2020,2,15,17:00,-5.9,,-12,,62,,18,,24,,,,101.15,,,,-13,,NA
-75.72,45.38,OTTAWA CDA RCS,6105978,15/02/2020 18:00,2020,2,15,18:00,-6,,-11.4,,66,,19,,15,,,,101.11,,,,-12,,NA
-75.72,45.38,OTTAWA CDA RCS,6105978,15/02/2020 19:00,2020,2,15,19:00,-5.5,,-11.2,,64,,17,,18,,,,100.87,,,,-12,,NA
-75.72,45.38,OTTAWA CDA RCS,6105978,15/02/2020 20:00,2020,2,15,20:00,-5.5,,-11.6,,62,,18,,14,,,,100.8,,,,-11,,NA
-75.72,45.38,OTTAWA CDA RCS,6105978,15/02/2020 21:00,2020,2,15,21:00,-4.9,,-11.5,,60,,19,,14,,,,100.64,,,,-10,,NA
-75.72,45.38,OTTAWA CDA RCS,6105978,15/02/2020 22:00,2020,2,15,22:00,-3.7,,-11.4,,55,,19,,19,,,,100.56,,,,-10,,NA
-75.72,45.38,OTTAWA CDA RCS,6105978,15/02/2020 23:00,2020,2,15,23:00,-3.4,,-10.4,,59,,20,,26,,,,100.48,,,,-10,,NA
-75.72,45.38,OTTAWA CDA RCS,6105978,16/02/2020 0:00,2020,2,16,0:00,-3.5,,-9.1,,65,,19,,24,,,,100.42,,,,-10,,NA
-75.72,45.38,OTTAWA CDA RCS,6105978,16/02/2020 1:00,2020,2,16,1:00,-3.3,,-7.9,,71,,20,,21,,,,100.39,,,,-10,,NA
-75.72,45.38,OTTAWA CDA RCS,6105978,16/02/2020 2:00,2020,2,16,2:00,-2.2,,-6.5,,72,,21,,17,,,,100.43,,,,-8,,NA
-75.72,45.38,OTTAWA CDA RCS,6105978,16/02/2020 3:00,2020,2,16,3:00,-0.8,,-5.3,,72,,23,,15,,,,100.43,,,,-5,,NA
-75.72,45.38,OTTAWA CDA RCS,6105978,16/02/2020 4:00,2020,2,16,4:00,-0.5,,-4.9,,72,,21,,21,,,,100.38,,,,-6,,NA
-75.72,45.38,OTTAWA CDA RCS,6105978,16/02/2020 5:00,2020,2,16,5:00,-0.3,,-4.6,,72,,22,,21,,,,100.43,,,,-6,,NA
-75.72,45.38,OTTAWA CDA RCS,6105978,16/02/2020 6:00,2020,2,16,6:00,-0.2,,-4.4,,73,,21,,23,,,,100.44,,,,-6,,NA
-75.72,45.38,OTTAWA CDA RCS,6105978,16/02/2020 7:00,2020,2,16,7:00,-0.1,,-4.2,,74,,21,,17,,,,100.45,,,,-5,,NA
-75.72,45.38,OTTAWA CDA RCS,6105978,16/02/2020 8:00,2020,2,16,8:00,0.1,,-4.3,,73,,21,,20,,,,100.48,,,,,,NA
-75.72,45.38,OTTAWA CDA RCS,6105978,16/02/2020 9:00,2020,2,16,9:00,0,,-3.9,,75,,20,,18,,,,100.49,,,,-5,,NA
-75.72,45.38,OTTAWA CDA RCS,6105978,16/02/2020 10:00,2020,2,16,10:00,0.7,,-4.1,,70,,20,,22,,,,100.42,,,,,,NA
-75.72,45.38,OTTAWA CDA RCS,6105978,16/02/2020 11:00,2020,2,16,11:00,1.8,,-4.7,,62,,21,,25,,,,100.42,,,,,,NA
-75.72,45.38,OTTAWA CDA RCS,6105978,16/02/2020 12:00,2020,2,16,12:00,3.1,,-5.6,,53,,24,,23,,,,100.39,,,,,,NA
-75.72,45.38,OTTAWA CDA RCS,6105978,16/02/2020 13:00,2020,2,16,13:00,3.3,,-6.3,,49,,24,,19,,,,100.31,,,,,,NA
-75.72,45.38,OTTAWA CDA RCS,6105978,16/02/2020 14:00,2020,2,16,14:00,3.3,,-6.2,,50,,22,,20,,,,100.27,,,,,,NA
-75.72,45.38,OTTAWA CDA RCS,6105978,16/02/2020 15:00,2020,2,16,15:00,2.8,,-5.2,,56,,21,,24,,,,100.24,,,,,,NA
-75.72,45.38,OTTAWA CDA RCS,6105978,16/02/2020 16:00,2020,2,16,16:00,2.7,,-5.3,,55,,21,,26,,,,100.24,,,,,,NA
-75.72,45.38,OTTAWA CDA RCS,6105978,16/02/2020 17:00,2020,2,16,17:00,2.9,,-6,,52,,21,,22,,,,100.3,,,,,,NA
-75.72,45.38,OTTAWA CDA RCS,6105978,16/02/2020 18:00,2020,2,16,18:00,2.3,,-5.3,,57,,21,,16,,,,100.37,,,,,,NA
-75.72,45.38,OTTAWA CDA RCS,6105978,16/02/2020 19:00,2020,2,16,19:00,0.4,,-1.9,,85,,30,,15,,,,100.47,,,,,,NA
-75.72,45.38,OTTAWA CDA RCS,6105978,16/02/2020 20:00,2020,2,16,20:00,0.5,,-3.7,,73,,26,,12,,,,100.48,,,,,,NA
-75.72,45.38,OTTAWA CDA RCS,6105978,16/02/2020 21:00,2020,2,16,21:00,-0.1,,-8.1,,55,,27,,19,,,,100.56,,,,-5,,NA
-75.72,45.38,OTTAWA CDA RCS,6105978,16/02/2020 22:00,2020,2,16,22:00,-1.5,,-10.4,,51,,29,,23,,,,100.66,,,,-8,,NA
-75.72,45.38,OTTAWA CDA RCS,6105978,16/02/2020 23:00,2020,2,16,23:00,-2.5,,-11.4,,50,,29,,21,,,,100.73,,,,-9,,NA
-75.72,45.38,OTTAWA CDA RCS,6105978,17/02/2020 0:00,2020,2,17,0:00,-4.7,,-9.5,,69,,32,,14,,,,100.86,,,,-10,,NA
-75.72,45.38,OTTAWA CDA RCS,6105978,17/02/2020 1:00,2020,2,17,1:00,-5.3,,-9.7,,71,,34,,15,,,,100.94,,,,-11,,NA
-75.72,45.38,OTTAWA CDA RCS,6105978,17/02/2020 2:00,2020,2,17,2:00,-6,,-11.2,,67,,34,,17,,,,101.05,,,,-12,,NA
-75.72,45.38,OTTAWA CDA RCS,6105978,17/02/2020 3:00,2020,2,17,3:00,-7,,-12.7,,64,,35,,15,,,,101.13,,,,-13,,NA
-75.72,45.38,OTTAWA CDA RCS,6105978,17/02/2020 4:00,2020,2,17,4:00,-8.2,,-14.5,,60,,34,,18,,,,101.24,,,,-15,,NA
-75.72,45.38,OTTAWA CDA RCS,6105978,17/02/2020 5:00,2020,2,17,5:00,-8.9,,-15.3,,60,,33,,15,,,,101.36,,,,-15,,NA
-75.72,45.38,OTTAWA CDA RCS,6105978,17/02/2020 6:00,2020,2,17,6:00,-10.3,,-16.6,,60,,33,,14,,,,101.47,,,,-17,,NA
-75.72,45.38,OTTAWA CDA RCS,6105978,17/02/2020 7:00,2020,2,17,7:00,-11.5,,-17.3,,62,,34,,11,,,,101.57,,,,-17,,NA
-75.72,45.38,OTTAWA CDA RCS,6105978,17/02/2020 8:00,2020,2,17,8:00,-11.7,,-17.5,,62,,33,,10,,,,101.67,,,,-17,,NA
-75.72,45.38,OTTAWA CDA RCS,6105978,17/02/2020 9:00,2020,2,17,9:00,-10.6,,-18,,55,,35,,10,,,,101.79,,,,-16,,NA
-75.72,45.38,OTTAWA CDA RCS,6105978,17/02/2020 10:00,2020,2,17,10:00,-9.6,,-18.3,,49,,1,,13,,,,101.83,,,,-16,,NA
-75.72,45.38,OTTAWA CDA RCS,6105978,17/02/2020 11:00,2020,2,17,11:00,-8.6,,-18.7,,44,,1,,9,,,,101.9,,,,-13,,NA
-75.72,45.38,OTTAWA CDA RCS,6105978,17/02/2020 12:00,2020,2,17,12:00,-7.3,,-19.5,,37,,31,,6,,,,101.9,,,,-10,,NA
-75.72,45.38,OTTAWA CDA RCS,6105978,17/02/2020 13:00,2020,2,17,13:00,-6.9,,-18,,41,,23,,9,,,,101.91,,,,-11,,NA
-75.72,45.38,OTTAWA CDA RCS,6105978,17/02/2020 14:00,2020,2,17,14:00,-6.1,,-18.4,,37,,22,,6,,,,101.89,,,,-9,,NA
-75.72,45.38,OTTAWA CDA RCS,6105978,17/02/2020 15:00,2020,2,17,15:00,-5.2,,-18.2,,35,,19,,4,,,,101.9,,,,-7,,NA
-75.72,45.38,OTTAWA CDA RCS,6105978,17/02/2020 16:00,2020,2,17,16:00,-6.1,,-18.3,,37,,18,,8,,,,101.96,,,,-10,,NA
-75.72,45.38,OTTAWA CDA RCS,6105978,17/02/2020 17:00,2020,2,17,17:00,-6.4,,-18.8,,37,,17,,3,,,,101.95,,,,-8,,NA
-75.72,45.38,OTTAWA CDA RCS,6105978,17/02/2020 18:00,2020,2,17,18:00,-9.2,,-18.4,,47,,17,,6,,,,101.98,,,,-13,,NA
-75.72,45.38,OTTAWA CDA RCS,6105978,17/02/2020 19:00,2020,2,17,19:00,-10.9,,-17.9,,56,,13,,5,,,,102.03,,,,-14,,NA
-75.72,45.38,OTTAWA CDA RCS,6105978,17/02/2020 20:00,2020,2,17,20:00,-12.2,,-18.1,,61,,17,,4,,,,102,,,,-15,,NA
-75.72,45.38,OTTAWA CDA RCS,6105978,17/02/2020 21:00,2020,2,17,21:00,-12.2,,-18.3,,60,,10,,2,,,,102.01,,,,-13,,NA
-75.72,45.38,OTTAWA CDA RCS,6105978,17/02/2020 22:00,2020,2,17,22:00,-13.9,,-19.3,,64,,5,,5,,,,102.02,,,,-17,,NA
-75.72,45.38,OTTAWA CDA RCS,6105978,17/02/2020 23:00,2020,2,17,23:00,-14.6,,-18.7,,71,,5,,6,,,,101.97,,,,-19,,NA
-75.72,45.38,OTTAWA CDA RCS,6105978,18/02/2020 0:00,2020,2,18,0:00,-13.3,,-18.7,,64,,7,,10,,,,101.9,,,,-19,,NA
-75.72,45.38,OTTAWA CDA RCS,6105978,18/02/2020 1:00,2020,2,18,1:00,-13.1,,-19,,61,,7,,10,,,,101.89,,,,-19,,NA
-75.72,45.38,OTTAWA CDA RCS,6105978,18/02/2020 2:00,2020,2,18,2:00,-12.9,,-18.8,,61,,5,,11,,,,101.82,,,,-19,,NA
-75.72,45.38,OTTAWA CDA RCS,6105978,18/02/2020 3:00,2020,2,18,3:00,-12.3,,-18.4,,60,,5,,14,,,,101.69,,,,-19,,NA
-75.72,45.38,OTTAWA CDA RCS,6105978,18/02/2020 4:00,2020,2,18,4:00,-12,,-18.1,,60,,6,,16,,,,101.59,,,,-19,,NA
-75.72,45.38,OTTAWA CDA RCS,6105978,18/02/2020 5:00,2020,2,18,5:00,-11.5,,-17.8,,60,,6,,13,,,,101.49,,,,-18,,NA
-75.72,45.38,OTTAWA CDA RCS,6105978,18/02/2020 6:00,2020,2,18,6:00,-10.8,,-17.5,,58,,7,,24,,,,101.36,,,,-20,,NA
-75.72,45.38,OTTAWA CDA RCS,6105978,18/02/2020 7:00,2020,2,18,7:00,-11.2,,-14.3,,78,,8,,19,,,,101.28,,,,-19,,NA
-75.72,45.38,OTTAWA CDA RCS,6105978,18/02/2020 8:00,2020,2,18,8:00,-11.3,,-13.4,,85,,7,,22,,,,101.16,,,,-20,,NA
-75.72,45.38,OTTAWA CDA RCS,6105978,18/02/2020 9:00,2020,2,18,9:00,-11.1,,-13.1,,85,,6,,21,,,,101.01,,,,-19,,NA
-75.72,45.38,OTTAWA CDA RCS,6105978,18/02/2020 10:00,2020,2,18,10:00,-10.7,,-13,,84,,6,,23,,,,100.78,,,,-19,,NA
-75.72,45.38,OTTAWA CDA RCS,6105978,18/02/2020 11:00,2020,2,18,11:00,-9.6,,-11.5,,86,,8,,18,,,,100.53,,,,-17,,NA
-75.72,45.38,OTTAWA CDA RCS,6105978,18/02/2020 12:00,2020,2,18,12:00,-8.5,,-10.4,,86,,8,,20,,,,100.32,,,,-16,,NA
-75.72,45.38,OTTAWA CDA RCS,6105978,18/02/2020 13:00,2020,2,18,13:00,-7.5,,-9.1,,88,,6,,13,,,,100.09,,,,-13,,NA
-75.72,45.38,OTTAWA CDA RCS,6105978,18/02/2020 14:00,2020,2,18,14:00,-6.3,,-7.5,,91,,7,,14,,,,99.88,,,,-12,,NA
-75.72,45.38,OTTAWA CDA RCS,6105978,18/02/2020 15:00,2020,2,18,15:00,-4.3,,-5.4,,92,,4,,5,,,,99.77,,,,-6,,NA
-75.72,45.38,OTTAWA CDA RCS,6105978,18/02/2020 16:00,2020,2,18,16:00,-3.4,,-4,,95,,6,,5,,,,99.74,,,,-5,,NA
-75.72,45.38,OTTAWA CDA RCS,6105978,18/02/2020 17:00,2020,2,18,17:00,3.6,,1.4,,86,,20,,28,,,,99.71,,,,,,NA
-75.72,45.38,OTTAWA CDA RCS,6105978,18/02/2020 18:00,2020,2,18,18:00,4.3,,0.9,,78,,21,,30,,,,99.72,,,,,,NA
-75.72,45.38,OTTAWA CDA RCS,6105978,18/02/2020 19:00,2020,2,18,19:00,4.5,,-1.3,,66,,23,,30,,,,99.84,,,,,,NA
-75.72,45.38,OTTAWA CDA RCS,6105978,18/02/2020 20:00,2020,2,18,20:00,3.8,,-2.3,,64,,24,,26,,,,99.91,,,,,,NA
-75.72,45.38,OTTAWA CDA RCS,6105978,18/02/2020 21:00,2020,2,18,21:00,3.1,,-4.3,,58,,24,,37,,,,100.05,,,,,,NA
-75.72,45.38,OTTAWA CDA RCS,6105978,18/02/2020 22:00,2020,2,18,22:00,2.2,,-4.7,,60,,25,,26,,,,100.16,,,,,,NA
-75.72,45.38,OTTAWA CDA RCS,6105978,18/02/2020 23:00,2020,2,18,23:00,1.8,,-4.6,,62,,26,,20,,,,100.25,,,,,,NA
-75.72,45.38,OTTAWA CDA RCS,6105978,19/02/2020 0:00,2020,2,19,0:00,1.6,,-4.7,,63,,26,,20,,,,100.32,,,,,,NA
-75.72,45.38,OTTAWA CDA RCS,6105978,19/02/2020 1:00,2020,2,19,1:00,0.6,,-4.3,,69,,30,,16,,,,100.42,,,,,,NA
-75.72,45.38,OTTAWA CDA RCS,6105978,19/02/2020 2:00,2020,2,19,2:00,-0.3,,-5.3,,69,,29,,16,,,,100.44,,,,-5,,NA
-75.72,45.38,OTTAWA CDA RCS,6105978,19/02/2020 3:00,2020,2,19,3:00,-0.9,,-4.9,,74,,29,,16,,,,100.49,,,,-6,,NA
-75.72,45.38,OTTAWA CDA RCS,6105978,19/02/2020 4:00,2020,2,19,4:00,-1.1,,-6.4,,67,,27,,22,,,,100.56,,,,-7,,NA
-75.72,45.38,OTTAWA CDA RCS,6105978,19/02/2020 5:00,2020,2,19,5:00,-1.8,,-8,,63,,26,,24,,,,100.65,,,,-8,,NA
-75.72,45.38,OTTAWA CDA RCS,6105978,19/02/2020 6:00,2020,2,19,6:00,-2.4,,-8.7,,62,,26,,30,,,,100.72,,,,-10,,NA
-75.72,45.38,OTTAWA CDA RCS,6105978,19/02/2020 7:00,2020,2,19,7:00,-4.4,,-6.6,,84,,27,,34,,,,100.86,,,,-13,,NA
-75.72,45.38,OTTAWA CDA RCS,6105978,19/02/2020 8:00,2020,2,19,8:00,-5.6,,-11.6,,63,,28,,30,,,,101.1,,,,-14,,NA
-75.72,45.38,OTTAWA CDA RCS,6105978,19/02/2020 9:00,2020,2,19,9:00,-6.3,,-13.6,,56,,29,,28,,,,101.29,,,,-14,,NA
-75.72,45.38,OTTAWA CDA RCS,6105978,19/02/2020 10:00,2020,2,19,10:00,-7.1,,-17.1,,45,,27,,27,,,,101.42,,,,-15,,NA
-75.72,45.38,OTTAWA CDA RCS,6105978,19/02/2020 11:00,2020,2,19,11:00,-7.7,,-17.2,,47,,28,,32,,,,101.56,,,,-17,,NA
-75.72,45.38,OTTAWA CDA RCS,6105978,19/02/2020 12:00,2020,2,19,12:00,-8.3,,-16.8,,50,,27,,31,,,,101.62,,,,-17,,NA
-75.72,45.38,OTTAWA CDA RCS,6105978,19/02/2020 13:00,2020,2,19,13:00,-8.4,,-17.9,,46,,27,,31,,,,101.63,,,,-18,,NA
-75.72,45.38,OTTAWA CDA RCS,6105978,19/02/2020 14:00,2020,2,19,14:00,-8,,-17.7,,45,,28,,31,,,,101.65,,,,-17,,NA
-75.72,45.38,OTTAWA CDA RCS,6105978,19/02/2020 15:00,2020,2,19,15:00,-7.9,,-18.1,,44,,28,,27,,,,101.65,,,,-16,,NA
-75.72,45.38,OTTAWA CDA RCS,6105978,19/02/2020 16:00,2020,2,19,16:00,-7.9,,-17.9,,44,,30,,24,,,,101.66,,,,-16,,NA
-75.72,45.38,OTTAWA CDA RCS,6105978,19/02/2020 17:00,2020,2,19,17:00,-8.2,,-17.8,,46,,30,,14,,,,101.71,,,,-14,,NA
-75.72,45.38,OTTAWA CDA RCS,6105978,19/02/2020 18:00,2020,2,19,18:00,-9,,-18,,48,,30,,16,,,,101.75,,,,-16,,NA
-75.72,45.38,OTTAWA CDA RCS,6105978,19/02/2020 19:00,2020,2,19,19:00,-10,,-18.2,,51,,26,,7,,,,101.8,,,,-14,,NA
-75.72,45.38,OTTAWA CDA RCS,6105978,19/02/2020 20:00,2020,2,19,20:00,-11.1,,-18.2,,56,,28,,7,,,,101.82,,,,-15,,NA
-75.72,45.38,OTTAWA CDA RCS,6105978,19/02/2020 21:00,2020,2,19,21:00,-11.8,,-17.7,,62,,27,,4,,,,101.87,,,,-14,,NA
-75.72,45.38,OTTAWA CDA RCS,6105978,19/02/2020 22:00,2020,2,19,22:00,-11.5,,-16.9,,64,,24,,5,,,,101.9,,,,-15,,NA
-75.72,45.38,OTTAWA CDA RCS,6105978,19/02/2020 23:00,2020,2,19,23:00,-10.8,,-17.4,,58,,26,,5,,,,101.91,,,,-14,,NA
-75.72,45.38,OTTAWA CDA RCS,6105978,20/02/2020 0:00,2020,2,20,0:00,-12.7,,-18.3,,63,,24,,5,,,,101.92,,,,-16,,NA
-75.72,45.38,OTTAWA CDA RCS,6105978,20/02/2020 1:00,2020,2,20,1:00,-12.1,,-17.9,,62,,24,,5,,,,101.94,,,,-15,,NA
-75.72,45.38,OTTAWA CDA RCS,6105978,20/02/2020 2:00,2020,2,20,2:00,-12.8,,-17.2,,69,,28,,5,,,,101.97,,,,-16,,NA
-75.72,45.38,OTTAWA CDA RCS,6105978,20/02/2020 3:00,2020,2,20,3:00,-12.7,,-16.7,,72,,34,,12,,,,101.98,,,,-19,,NA
-75.72,45.38,OTTAWA CDA RCS,6105978,20/02/2020 4:00,2020,2,20,4:00,-13.7,,-16.8,,77,,35,,7,,,,102.01,,,,-18,,NA
-75.72,45.38,OTTAWA CDA RCS,6105978,20/02/2020 5:00,2020,2,20,5:00,-13.9,,-17.3,,76,,34,,14,,,,102.04,,,,-21,,NA
-75.72,45.38,OTTAWA CDA RCS,6105978,20/02/2020 6:00,2020,2,20,6:00,-14.5,,-17.8,,76,,34,,14,,,,102.1,,,,-22,,NA
-75.72,45.38,OTTAWA CDA RCS,6105978,20/02/2020 7:00,2020,2,20,7:00,-15.6,,-19.1,,74,,33,,13,,,,102.17,,,,-23,,NA
-75.72,45.38,OTTAWA CDA RCS,6105978,20/02/2020 8:00,2020,2,20,8:00,-16.1,,-20.5,,69,,33,,14,,,,102.28,,,,-24,,NA
-75.72,45.38,OTTAWA CDA RCS,6105978,20/02/2020 9:00,2020,2,20,9:00,-15.1,,-21.2,,60,,35,,6,,,,102.36,,,,-19,,NA
-75.72,45.38,OTTAWA CDA RCS,6105978,20/02/2020 10:00,2020,2,20,10:00,-13.8,,-21.6,,52,,26,,8,,,,102.41,,,,-19,,NA
-75.72,45.38,OTTAWA CDA RCS,6105978,20/02/2020 11:00,2020,2,20,11:00,-13.5,,-21.5,,51,,27,,21,,,,102.41,,,,-22,,NA
-75.72,45.38,OTTAWA CDA RCS,6105978,20/02/2020 12:00,2020,2,20,12:00,-12.9,,-21.8,,47,,29,,19,,,,102.34,,,,-21,,NA
-75.72,45.38,OTTAWA CDA RCS,6105978,20/02/2020 13:00,2020,2,20,13:00,-12.3,,-21.1,,48,,26,,19,,,,102.26,,,,-21,,NA
-75.72,45.38,OTTAWA CDA RCS,6105978,20/02/2020 14:00,2020,2,20,14:00,-12.3,,-21.7,,45,,26,,21,,,,102.22,,,,-21,,NA
-75.72,45.38,OTTAWA CDA RCS,6105978,20/02/2020 15:00,2020,2,20,15:00,-11.9,,-21.8,,44,,26,,18,,,,102.21,,,,-20,,NA
-75.72,45.38,OTTAWA CDA RCS,6105978,20/02/2020 16:00,2020,2,20,16:00,-11.7,,-21.6,,44,,25,,18,,,,102.21,,,,-20,,NA
-75.72,45.38,OTTAWA CDA RCS,6105978,20/02/2020 17:00,2020,2,20,17:00,-11.8,,-21.6,,44,,27,,14,,,,102.2,,,,-19,,NA
-75.72,45.38,OTTAWA CDA RCS,6105978,20/02/2020 18:00,2020,2,20,18:00,-12.8,,-21.4,,49,,29,,8,,,,102.24,,,,-18,,NA
-75.72,45.38,OTTAWA CDA RCS,6105978,20/02/2020 19:00,2020,2,20,19:00,-13.3,,-21.5,,50,,26,,5,,,,102.23,,,,-17,,NA
-75.72,45.38,OTTAWA CDA RCS,6105978,20/02/2020 20:00,2020,2,20,20:00,-16.2,,-22,,61,,22,,4,,,,102.22,,,,-19,,NA
-75.72,45.38,OTTAWA CDA RCS,6105978,20/02/2020 21:00,2020,2,20,21:00,-15.7,,-22,,59,,21,,7,,,,102.21,,,,-21,,NA
-75.72,45.38,OTTAWA CDA RCS,6105978,20/02/2020 22:00,2020,2,20,22:00,-16.3,,-22.3,,60,,20,,11,,,,102.22,,,,-23,,NA
-75.72,45.38,OTTAWA CDA RCS,6105978,20/02/2020 23:00,2020,2,20,23:00,-16.9,,-21.4,,68,,24,,2,,,,102.21,,,,-18,,NA
-75.72,45.38,OTTAWA CDA RCS,6105978,21/02/2020 0:00,2020,2,21,0:00,-19.1,,-22.6,,74,,,,0,,,,102.21,,,,,,NA
-75.72,45.38,OTTAWA CDA RCS,6105978,21/02/2020 1:00,2020,2,21,1:00,-19.3,,-22.2,,78,,16,,2,,,,102.19,,,,-21,,NA
-75.72,45.38,OTTAWA CDA RCS,6105978,21/02/2020 2:00,2020,2,21,2:00,-18.8,,-22.5,,73,,20,,12,,,,102.11,,,,-27,,NA
-75.72,45.38,OTTAWA CDA RCS,6105978,21/02/2020 3:00,2020,2,21,3:00,-20.7,,-24.7,,70,,0,,1,,,,102.08,,,,-22,,NA
-75.72,45.38,OTTAWA CDA RCS,6105978,21/02/2020 4:00,2020,2,21,4:00,-20.1,,-23.3,,75,,15,,4,,,,102.04,,,,-24,,NA
-75.72,45.38,OTTAWA CDA RCS,6105978,21/02/2020 5:00,2020,2,21,5:00,-19.6,,-22.2,,80,,18,,3,,,,102.03,,,,-22,,NA
-75.72,45.38,OTTAWA CDA RCS,6105978,21/02/2020 6:00,2020,2,21,6:00,-15,,-19.4,,69,,21,,9,,,,102.01,,,,-21,,NA
-75.72,45.38,OTTAWA CDA RCS,6105978,21/02/2020 7:00,2020,2,21,7:00,-16.1,,-19.9,,72,,20,,12,,,,101.98,,,,-23,,NA
-75.72,45.38,OTTAWA CDA RCS,6105978,21/02/2020 8:00,2020,2,21,8:00,-15.5,,-19.6,,70,,20,,11,,,,101.98,,,,-22,,NA
-75.72,45.38,OTTAWA CDA RCS,6105978,21/02/2020 9:00,2020,2,21,9:00,-13.6,,-18.2,,68,,20,,16,,,,101.97,,,,-21,,NA
-75.72,45.38,OTTAWA CDA RCS,6105978,21/02/2020 10:00,2020,2,21,10:00,-10.2,,-15.9,,63,,19,,10,,,,101.86,,,,-15,,NA
-75.72,45.38,OTTAWA CDA RCS,6105978,21/02/2020 11:00,2020,2,21,11:00,-6.3,,-13,,59,,20,,10,,,,101.77,,,,-11,,NA
-75.72,45.38,OTTAWA CDA RCS,6105978,21/02/2020 12:00,2020,2,21,12:00,-4.2,,-11.1,,58,,20,,26,,,,101.65,,,,-11,,NA
-75.72,45.38,OTTAWA CDA RCS,6105978,21/02/2020 13:00,2020,2,21,13:00,-2.9,,-11.4,,52,,21,,28,,,,101.51,,,,-10,,NA
-75.72,45.38,OTTAWA CDA RCS,6105978,21/02/2020 14:00,2020,2,21,14:00,-1.5,,-11.6,,46,,21,,26,,,,101.37,,,,-8,,NA
-75.72,45.38,OTTAWA CDA RCS,6105978,21/02/2020 15:00,2020,2,21,15:00,-0.9,,-13.1,,39,,21,,28,,,,101.25,,,,-7,,NA
-75.72,45.38,OTTAWA CDA RCS,6105978,21/02/2020 16:00,2020,2,21,16:00,-0.4,,-13.6,,36,,21,,27,,,,101.16,,,,-7,,NA
-75.72,45.38,OTTAWA CDA RCS,6105978,21/02/2020 17:00,2020,2,21,17:00,-0.8,,-11.9,,43,,22,,24,,,,101.1,,,,-7,,NA
-75.72,45.38,OTTAWA CDA RCS,6105978,21/02/2020 18:00,2020,2,21,18:00,-1.9,,-10.8,,50,,21,,24,,,,101.04,,,,-8,,NA
-75.72,45.38,OTTAWA CDA RCS,6105978,21/02/2020 19:00,2020,2,21,19:00,-3.4,,-9.1,,64,,20,,22,,,,101.04,,,,-10,,NA
-75.72,45.38,OTTAWA CDA RCS,6105978,21/02/2020 20:00,2020,2,21,20:00,-3.7,,-9.6,,64,,20,,23,,,,100.91,,,,-10,,NA
-75.72,45.38,OTTAWA CDA RCS,6105978,21/02/2020 21:00,2020,2,21,21:00,-3.1,,-10.2,,58,,21,,20,,,,100.85,,,,-9,,NA
-75.72,45.38,OTTAWA CDA RCS,6105978,21/02/2020 22:00,2020,2,21,22:00,-3.1,,-10.1,,58,,23,,17,,,,100.89,,,,-9,,NA
-75.72,45.38,OTTAWA CDA RCS,6105978,21/02/2020 23:00,2020,2,21,23:00,-3.4,,-9.8,,61,,21,,10,,,,100.89,,,,-7,,NA
-75.72,45.38,OTTAWA CDA RCS,6105978,22/02/2020 0:00,2020,2,22,0:00,,,,,,,,,,,,,,,,,,,
-75.72,45.38,OTTAWA CDA RCS,6105978,22/02/2020 1:00,2020,2,22,1:00,,,,,,,,,,,,,,,,,,,
-75.72,45.38,OTTAWA CDA RCS,6105978,22/02/2020 2:00,2020,2,22,2:00,,,,,,,,,,,,,,,,,,,
-75.72,45.38,OTTAWA CDA RCS,6105978,22/02/2020 3:00,2020,2,22,3:00,,,,,,,,,,,,,,,,,,,
-75.72,45.38,OTTAWA CDA RCS,6105978,22/02/2020 4:00,2020,2,22,4:00,,,,,,,,,,,,,,,,,,,
-75.72,45.38,OTTAWA CDA RCS,6105978,22/02/2020 5:00,2020,2,22,5:00,,,,,,,,,,,,,,,,,,,
-75.72,45.38,OTTAWA CDA RCS,6105978,22/02/2020 6:00,2020,2,22,6:00,,,,,,,,,,,,,,,,,,,
-75.72,45.38,OTTAWA CDA RCS,6105978,22/02/2020 7:00,2020,2,22,7:00,,,,,,,,,,,,,,,,,,,
-75.72,45.38,OTTAWA CDA RCS,6105978,22/02/2020 8:00,2020,2,22,8:00,,,,,,,,,,,,,,,,,,,
-75.72,45.38,OTTAWA CDA RCS,6105978,22/02/2020 9:00,2020,2,22,9:00,,,,,,,,,,,,,,,,,,,
-75.72,45.38,OTTAWA CDA RCS,6105978,22/02/2020 10:00,2020,2,22,10:00,,,,,,,,,,,,,,,,,,,
-75.72,45.38,OTTAWA CDA RCS,6105978,22/02/2020 11:00,2020,2,22,11:00,,,,,,,,,,,,,,,,,,,
-75.72,45.38,OTTAWA CDA RCS,6105978,22/02/2020 12:00,2020,2,22,12:00,,,,,,,,,,,,,,,,,,,
-75.72,45.38,OTTAWA CDA RCS,6105978,22/02/2020 13:00,2020,2,22,13:00,,,,,,,,,,,,,,,,,,,
-75.72,45.38,OTTAWA CDA RCS,6105978,22/02/2020 14:00,2020,2,22,14:00,,,,,,,,,,,,,,,,,,,
-75.72,45.38,OTTAWA CDA RCS,6105978,22/02/2020 15:00,2020,2,22,15:00,,,,,,,,,,,,,,,,,,,
-75.72,45.38,OTTAWA CDA RCS,6105978,22/02/2020 16:00,2020,2,22,16:00,,,,,,,,,,,,,,,,,,,
-75.72,45.38,OTTAWA CDA RCS,6105978,22/02/2020 17:00,2020,2,22,17:00,,,,,,,,,,,,,,,,,,,
-75.72,45.38,OTTAWA CDA RCS,6105978,22/02/2020 18:00,2020,2,22,18:00,,,,,,,,,,,,,,,,,,,
-75.72,45.38,OTTAWA CDA RCS,6105978,22/02/2020 19:00,2020,2,22,19:00,,,,,,,,,,,,,,,,,,,
-75.72,45.38,OTTAWA CDA RCS,6105978,22/02/2020 20:00,2020,2,22,20:00,,,,,,,,,,,,,,,,,,,
-75.72,45.38,OTTAWA CDA RCS,6105978,22/02/2020 21:00,2020,2,22,21:00,,,,,,,,,,,,,,,,,,,
-75.72,45.38,OTTAWA CDA RCS,6105978,22/02/2020 22:00,2020,2,22,22:00,,,,,,,,,,,,,,,,,,,
-75.72,45.38,OTTAWA CDA RCS,6105978,22/02/2020 23:00,2020,2,22,23:00,,,,,,,,,,,,,,,,,,,
-75.72,45.38,OTTAWA CDA RCS,6105978,23/02/2020 0:00,2020,2,23,0:00,,,,,,,,,,,,,,,,,,,
-75.72,45.38,OTTAWA CDA RCS,6105978,23/02/2020 1:00,2020,2,23,1:00,,,,,,,,,,,,,,,,,,,
-75.72,45.38,OTTAWA CDA RCS,6105978,23/02/2020 2:00,2020,2,23,2:00,,,,,,,,,,,,,,,,,,,
-75.72,45.38,OTTAWA CDA RCS,6105978,23/02/2020 3:00,2020,2,23,3:00,,,,,,,,,,,,,,,,,,,
-75.72,45.38,OTTAWA CDA RCS,6105978,23/02/2020 4:00,2020,2,23,4:00,,,,,,,,,,,,,,,,,,,
-75.72,45.38,OTTAWA CDA RCS,6105978,23/02/2020 5:00,2020,2,23,5:00,,,,,,,,,,,,,,,,,,,
-75.72,45.38,OTTAWA CDA RCS,6105978,23/02/2020 6:00,2020,2,23,6:00,,,,,,,,,,,,,,,,,,,
-75.72,45.38,OTTAWA CDA RCS,6105978,23/02/2020 7:00,2020,2,23,7:00,,,,,,,,,,,,,,,,,,,
-75.72,45.38,OTTAWA CDA RCS,6105978,23/02/2020 8:00,2020,2,23,8:00,,,,,,,,,,,,,,,,,,,
-75.72,45.38,OTTAWA CDA RCS,6105978,23/02/2020 9:00,2020,2,23,9:00,,,,,,,,,,,,,,,,,,,
-75.72,45.38,OTTAWA CDA RCS,6105978,23/02/2020 10:00,2020,2,23,10:00,,,,,,,,,,,,,,,,,,,
-75.72,45.38,OTTAWA CDA RCS,6105978,23/02/2020 11:00,2020,2,23,11:00,,,,,,,,,,,,,,,,,,,
-75.72,45.38,OTTAWA CDA RCS,6105978,23/02/2020 12:00,2020,2,23,12:00,,,,,,,,,,,,,,,,,,,
-75.72,45.38,OTTAWA CDA RCS,6105978,23/02/2020 13:00,2020,2,23,13:00,,,,,,,,,,,,,,,,,,,
-75.72,45.38,OTTAWA CDA RCS,6105978,23/02/2020 14:00,2020,2,23,14:00,,,,,,,,,,,,,,,,,,,
-75.72,45.38,OTTAWA CDA RCS,6105978,23/02/2020 15:00,2020,2,23,15:00,,,,,,,,,,,,,,,,,,,
-75.72,45.38,OTTAWA CDA RCS,6105978,23/02/2020 16:00,2020,2,23,16:00,,,,,,,,,,,,,,,,,,,
-75.72,45.38,OTTAWA CDA RCS,6105978,23/02/2020 17:00,2020,2,23,17:00,,,,,,,,,,,,,,,,,,,
-75.72,45.38,OTTAWA CDA RCS,6105978,23/02/2020 18:00,2020,2,23,18:00,,,,,,,,,,,,,,,,,,,
-75.72,45.38,OTTAWA CDA RCS,6105978,23/02/2020 19:00,2020,2,23,19:00,,,,,,,,,,,,,,,,,,,
-75.72,45.38,OTTAWA CDA RCS,6105978,23/02/2020 20:00,2020,2,23,20:00,,,,,,,,,,,,,,,,,,,
-75.72,45.38,OTTAWA CDA RCS,6105978,23/02/2020 21:00,2020,2,23,21:00,,,,,,,,,,,,,,,,,,,
-75.72,45.38,OTTAWA CDA RCS,6105978,23/02/2020 22:00,2020,2,23,22:00,,,,,,,,,,,,,,,,,,,
-75.72,45.38,OTTAWA CDA RCS,6105978,23/02/2020 23:00,2020,2,23,23:00,,,,,,,,,,,,,,,,,,,
-75.72,45.38,OTTAWA CDA RCS,6105978,24/02/2020 0:00,2020,2,24,0:00,,,,,,,,,,,,,,,,,,,
-75.72,45.38,OTTAWA CDA RCS,6105978,24/02/2020 1:00,2020,2,24,1:00,,,,,,,,,,,,,,,,,,,
-75.72,45.38,OTTAWA CDA RCS,6105978,24/02/2020 2:00,2020,2,24,2:00,,,,,,,,,,,,,,,,,,,
-75.72,45.38,OTTAWA CDA RCS,6105978,24/02/2020 3:00,2020,2,24,3:00,,,,,,,,,,,,,,,,,,,
-75.72,45.38,OTTAWA CDA RCS,6105978,24/02/2020 4:00,2020,2,24,4:00,,,,,,,,,,,,,,,,,,,
-75.72,45.38,OTTAWA CDA RCS,6105978,24/02/2020 5:00,2020,2,24,5:00,,,,,,,,,,,,,,,,,,,
-75.72,45.38,OTTAWA CDA RCS,6105978,24/02/2020 6:00,2020,2,24,6:00,,,,,,,,,,,,,,,,,,,
-75.72,45.38,OTTAWA CDA RCS,6105978,24/02/2020 7:00,2020,2,24,7:00,,,,,,,,,,,,,,,,,,,
-75.72,45.38,OTTAWA CDA RCS,6105978,24/02/2020 8:00,2020,2,24,8:00,,,,,,,,,,,,,,,,,,,
-75.72,45.38,OTTAWA CDA RCS,6105978,24/02/2020 9:00,2020,2,24,9:00,,,,,,,,,,,,,,,,,,,
-75.72,45.38,OTTAWA CDA RCS,6105978,24/02/2020 10:00,2020,2,24,10:00,,,,,,,,,,,,,,,,,,,
-75.72,45.38,OTTAWA CDA RCS,6105978,24/02/2020 11:00,2020,2,24,11:00,,,,,,,,,,,,,,,,,,,
-75.72,45.38,OTTAWA CDA RCS,6105978,24/02/2020 12:00,2020,2,24,12:00,,,,,,,,,,,,,,,,,,,
-75.72,45.38,OTTAWA CDA RCS,6105978,24/02/2020 13:00,2020,2,24,13:00,,,,,,,,,,,,,,,,,,,
-75.72,45.38,OTTAWA CDA RCS,6105978,24/02/2020 14:00,2020,2,24,14:00,,,,,,,,,,,,,,,,,,,
-75.72,45.38,OTTAWA CDA RCS,6105978,24/02/2020 15:00,2020,2,24,15:00,,,,,,,,,,,,,,,,,,,
-75.72,45.38,OTTAWA CDA RCS,6105978,24/02/2020 16:00,2020,2,24,16:00,,,,,,,,,,,,,,,,,,,
-75.72,45.38,OTTAWA CDA RCS,6105978,24/02/2020 17:00,2020,2,24,17:00,,,,,,,,,,,,,,,,,,,
-75.72,45.38,OTTAWA CDA RCS,6105978,24/02/2020 18:00,2020,2,24,18:00,,,,,,,,,,,,,,,,,,,
-75.72,45.38,OTTAWA CDA RCS,6105978,24/02/2020 19:00,2020,2,24,19:00,,,,,,,,,,,,,,,,,,,
-75.72,45.38,OTTAWA CDA RCS,6105978,24/02/2020 20:00,2020,2,24,20:00,,,,,,,,,,,,,,,,,,,
-75.72,45.38,OTTAWA CDA RCS,6105978,24/02/2020 21:00,2020,2,24,21:00,,,,,,,,,,,,,,,,,,,
-75.72,45.38,OTTAWA CDA RCS,6105978,24/02/2020 22:00,2020,2,24,22:00,,,,,,,,,,,,,,,,,,,
-75.72,45.38,OTTAWA CDA RCS,6105978,24/02/2020 23:00,2020,2,24,23:00,,,,,,,,,,,,,,,,,,,
-75.72,45.38,OTTAWA CDA RCS,6105978,25/02/2020 0:00,2020,2,25,0:00,,,,,,,,,,,,,,,,,,,
-75.72,45.38,OTTAWA CDA RCS,6105978,25/02/2020 1:00,2020,2,25,1:00,,,,,,,,,,,,,,,,,,,
-75.72,45.38,OTTAWA CDA RCS,6105978,25/02/2020 2:00,2020,2,25,2:00,,,,,,,,,,,,,,,,,,,
-75.72,45.38,OTTAWA CDA RCS,6105978,25/02/2020 3:00,2020,2,25,3:00,,,,,,,,,,,,,,,,,,,
-75.72,45.38,OTTAWA CDA RCS,6105978,25/02/2020 4:00,2020,2,25,4:00,,,,,,,,,,,,,,,,,,,
-75.72,45.38,OTTAWA CDA RCS,6105978,25/02/2020 5:00,2020,2,25,5:00,,,,,,,,,,,,,,,,,,,
-75.72,45.38,OTTAWA CDA RCS,6105978,25/02/2020 6:00,2020,2,25,6:00,,,,,,,,,,,,,,,,,,,
-75.72,45.38,OTTAWA CDA RCS,6105978,25/02/2020 7:00,2020,2,25,7:00,,,,,,,,,,,,,,,,,,,
-75.72,45.38,OTTAWA CDA RCS,6105978,25/02/2020 8:00,2020,2,25,8:00,,,,,,,,,,,,,,,,,,,
-75.72,45.38,OTTAWA CDA RCS,6105978,25/02/2020 9:00,2020,2,25,9:00,,,,,,,,,,,,,,,,,,,
-75.72,45.38,OTTAWA CDA RCS,6105978,25/02/2020 10:00,2020,2,25,10:00,,,,,,,,,,,,,,,,,,,
-75.72,45.38,OTTAWA CDA RCS,6105978,25/02/2020 11:00,2020,2,25,11:00,,,,,,,,,,,,,,,,,,,
-75.72,45.38,OTTAWA CDA RCS,6105978,25/02/2020 12:00,2020,2,25,12:00,,,,,,,,,,,,,,,,,,,
-75.72,45.38,OTTAWA CDA RCS,6105978,25/02/2020 13:00,2020,2,25,13:00,,,,,,,,,,,,,,,,,,,
-75.72,45.38,OTTAWA CDA RCS,6105978,25/02/2020 14:00,2020,2,25,14:00,,,,,,,,,,,,,,,,,,,
-75.72,45.38,OTTAWA CDA RCS,6105978,25/02/2020 15:00,2020,2,25,15:00,,,,,,,,,,,,,,,,,,,
-75.72,45.38,OTTAWA CDA RCS,6105978,25/02/2020 16:00,2020,2,25,16:00,,,,,,,,,,,,,,,,,,,
-75.72,45.38,OTTAWA CDA RCS,6105978,25/02/2020 17:00,2020,2,25,17:00,,,,,,,,,,,,,,,,,,,
-75.72,45.38,OTTAWA CDA RCS,6105978,25/02/2020 18:00,2020,2,25,18:00,,,,,,,,,,,,,,,,,,,
-75.72,45.38,OTTAWA CDA RCS,6105978,25/02/2020 19:00,2020,2,25,19:00,,,,,,,,,,,,,,,,,,,
-75.72,45.38,OTTAWA CDA RCS,6105978,25/02/2020 20:00,2020,2,25,20:00,,,,,,,,,,,,,,,,,,,
-75.72,45.38,OTTAWA CDA RCS,6105978,25/02/2020 21:00,2020,2,25,21:00,,,,,,,,,,,,,,,,,,,
-75.72,45.38,OTTAWA CDA RCS,6105978,25/02/2020 22:00,2020,2,25,22:00,,,,,,,,,,,,,,,,,,,
-75.72,45.38,OTTAWA CDA RCS,6105978,25/02/2020 23:00,2020,2,25,23:00,,,,,,,,,,,,,,,,,,,
-75.72,45.38,OTTAWA CDA RCS,6105978,26/02/2020 0:00,2020,2,26,0:00,,,,,,,,,,,,,,,,,,,
-75.72,45.38,OTTAWA CDA RCS,6105978,26/02/2020 1:00,2020,2,26,1:00,,,,,,,,,,,,,,,,,,,
-75.72,45.38,OTTAWA CDA RCS,6105978,26/02/2020 2:00,2020,2,26,2:00,,,,,,,,,,,,,,,,,,,
-75.72,45.38,OTTAWA CDA RCS,6105978,26/02/2020 3:00,2020,2,26,3:00,,,,,,,,,,,,,,,,,,,
-75.72,45.38,OTTAWA CDA RCS,6105978,26/02/2020 4:00,2020,2,26,4:00,,,,,,,,,,,,,,,,,,,
-75.72,45.38,OTTAWA CDA RCS,6105978,26/02/2020 5:00,2020,2,26,5:00,,,,,,,,,,,,,,,,,,,
-75.72,45.38,OTTAWA CDA RCS,6105978,26/02/2020 6:00,2020,2,26,6:00,,,,,,,,,,,,,,,,,,,
-75.72,45.38,OTTAWA CDA RCS,6105978,26/02/2020 7:00,2020,2,26,7:00,,,,,,,,,,,,,,,,,,,
-75.72,45.38,OTTAWA CDA RCS,6105978,26/02/2020 8:00,2020,2,26,8:00,,,,,,,,,,,,,,,,,,,
-75.72,45.38,OTTAWA CDA RCS,6105978,26/02/2020 9:00,2020,2,26,9:00,,,,,,,,,,,,,,,,,,,
-75.72,45.38,OTTAWA CDA RCS,6105978,26/02/2020 10:00,2020,2,26,10:00,,,,,,,,,,,,,,,,,,,
-75.72,45.38,OTTAWA CDA RCS,6105978,26/02/2020 11:00,2020,2,26,11:00,,,,,,,,,,,,,,,,,,,
-75.72,45.38,OTTAWA CDA RCS,6105978,26/02/2020 12:00,2020,2,26,12:00,,,,,,,,,,,,,,,,,,,
-75.72,45.38,OTTAWA CDA RCS,6105978,26/02/2020 13:00,2020,2,26,13:00,,,,,,,,,,,,,,,,,,,
-75.72,45.38,OTTAWA CDA RCS,6105978,26/02/2020 14:00,2020,2,26,14:00,,,,,,,,,,,,,,,,,,,
-75.72,45.38,OTTAWA CDA RCS,6105978,26/02/2020 15:00,2020,2,26,15:00,,,,,,,,,,,,,,,,,,,
-75.72,45.38,OTTAWA CDA RCS,6105978,26/02/2020 16:00,2020,2,26,16:00,,,,,,,,,,,,,,,,,,,
-75.72,45.38,OTTAWA CDA RCS,6105978,26/02/2020 17:00,2020,2,26,17:00,,,,,,,,,,,,,,,,,,,
-75.72,45.38,OTTAWA CDA RCS,6105978,26/02/2020 18:00,2020,2,26,18:00,,,,,,,,,,,,,,,,,,,
-75.72,45.38,OTTAWA CDA RCS,6105978,26/02/2020 19:00,2020,2,26,19:00,,,,,,,,,,,,,,,,,,,
-75.72,45.38,OTTAWA CDA RCS,6105978,26/02/2020 20:00,2020,2,26,20:00,,,,,,,,,,,,,,,,,,,
-75.72,45.38,OTTAWA CDA RCS,6105978,26/02/2020 21:00,2020,2,26,21:00,,,,,,,,,,,,,,,,,,,
-75.72,45.38,OTTAWA CDA RCS,6105978,26/02/2020 22:00,2020,2,26,22:00,,,,,,,,,,,,,,,,,,,
-75.72,45.38,OTTAWA CDA RCS,6105978,26/02/2020 23:00,2020,2,26,23:00,,,,,,,,,,,,,,,,,,,
-75.72,45.38,OTTAWA CDA RCS,6105978,27/02/2020 0:00,2020,2,27,0:00,,,,,,,,,,,,,,,,,,,
-75.72,45.38,OTTAWA CDA RCS,6105978,27/02/2020 1:00,2020,2,27,1:00,,,,,,,,,,,,,,,,,,,
-75.72,45.38,OTTAWA CDA RCS,6105978,27/02/2020 2:00,2020,2,27,2:00,,,,,,,,,,,,,,,,,,,
-75.72,45.38,OTTAWA CDA RCS,6105978,27/02/2020 3:00,2020,2,27,3:00,,,,,,,,,,,,,,,,,,,
-75.72,45.38,OTTAWA CDA RCS,6105978,27/02/2020 4:00,2020,2,27,4:00,,,,,,,,,,,,,,,,,,,
-75.72,45.38,OTTAWA CDA RCS,6105978,27/02/2020 5:00,2020,2,27,5:00,,,,,,,,,,,,,,,,,,,
-75.72,45.38,OTTAWA CDA RCS,6105978,27/02/2020 6:00,2020,2,27,6:00,,,,,,,,,,,,,,,,,,,
-75.72,45.38,OTTAWA CDA RCS,6105978,27/02/2020 7:00,2020,2,27,7:00,,,,,,,,,,,,,,,,,,,
-75.72,45.38,OTTAWA CDA RCS,6105978,27/02/2020 8:00,2020,2,27,8:00,,,,,,,,,,,,,,,,,,,
-75.72,45.38,OTTAWA CDA RCS,6105978,27/02/2020 9:00,2020,2,27,9:00,,,,,,,,,,,,,,,,,,,
-75.72,45.38,OTTAWA CDA RCS,6105978,27/02/2020 10:00,2020,2,27,10:00,,,,,,,,,,,,,,,,,,,
-75.72,45.38,OTTAWA CDA RCS,6105978,27/02/2020 11:00,2020,2,27,11:00,,,,,,,,,,,,,,,,,,,
-75.72,45.38,OTTAWA CDA RCS,6105978,27/02/2020 12:00,2020,2,27,12:00,,,,,,,,,,,,,,,,,,,
-75.72,45.38,OTTAWA CDA RCS,6105978,27/02/2020 13:00,2020,2,27,13:00,,,,,,,,,,,,,,,,,,,
-75.72,45.38,OTTAWA CDA RCS,6105978,27/02/2020 14:00,2020,2,27,14:00,,,,,,,,,,,,,,,,,,,
-75.72,45.38,OTTAWA CDA RCS,6105978,27/02/2020 15:00,2020,2,27,15:00,,,,,,,,,,,,,,,,,,,
-75.72,45.38,OTTAWA CDA RCS,6105978,27/02/2020 16:00,2020,2,27,16:00,,,,,,,,,,,,,,,,,,,
-75.72,45.38,OTTAWA CDA RCS,6105978,27/02/2020 17:00,2020,2,27,17:00,,,,,,,,,,,,,,,,,,,
-75.72,45.38,OTTAWA CDA RCS,6105978,27/02/2020 18:00,2020,2,27,18:00,,,,,,,,,,,,,,,,,,,
-75.72,45.38,OTTAWA CDA RCS,6105978,27/02/2020 19:00,2020,2,27,19:00,,,,,,,,,,,,,,,,,,,
-75.72,45.38,OTTAWA CDA RCS,6105978,27/02/2020 20:00,2020,2,27,20:00,,,,,,,,,,,,,,,,,,,
-75.72,45.38,OTTAWA CDA RCS,6105978,27/02/2020 21:00,2020,2,27,21:00,,,,,,,,,,,,,,,,,,,
-75.72,45.38,OTTAWA CDA RCS,6105978,27/02/2020 22:00,2020,2,27,22:00,,,,,,,,,,,,,,,,,,,
-75.72,45.38,OTTAWA CDA RCS,6105978,27/02/2020 23:00,2020,2,27,23:00,,,,,,,,,,,,,,,,,,,
-75.72,45.38,OTTAWA CDA RCS,6105978,28/02/2020 0:00,2020,2,28,0:00,,,,,,,,,,,,,,,,,,,
-75.72,45.38,OTTAWA CDA RCS,6105978,28/02/2020 1:00,2020,2,28,1:00,,,,,,,,,,,,,,,,,,,
-75.72,45.38,OTTAWA CDA RCS,6105978,28/02/2020 2:00,2020,2,28,2:00,,,,,,,,,,,,,,,,,,,
-75.72,45.38,OTTAWA CDA RCS,6105978,28/02/2020 3:00,2020,2,28,3:00,,,,,,,,,,,,,,,,,,,
-75.72,45.38,OTTAWA CDA RCS,6105978,28/02/2020 4:00,2020,2,28,4:00,,,,,,,,,,,,,,,,,,,
-75.72,45.38,OTTAWA CDA RCS,6105978,28/02/2020 5:00,2020,2,28,5:00,,,,,,,,,,,,,,,,,,,
-75.72,45.38,OTTAWA CDA RCS,6105978,28/02/2020 6:00,2020,2,28,6:00,,,,,,,,,,,,,,,,,,,
-75.72,45.38,OTTAWA CDA RCS,6105978,28/02/2020 7:00,2020,2,28,7:00,,,,,,,,,,,,,,,,,,,
-75.72,45.38,OTTAWA CDA RCS,6105978,28/02/2020 8:00,2020,2,28,8:00,,,,,,,,,,,,,,,,,,,
-75.72,45.38,OTTAWA CDA RCS,6105978,28/02/2020 9:00,2020,2,28,9:00,,,,,,,,,,,,,,,,,,,
-75.72,45.38,OTTAWA CDA RCS,6105978,28/02/2020 10:00,2020,2,28,10:00,,,,,,,,,,,,,,,,,,,
-75.72,45.38,OTTAWA CDA RCS,6105978,28/02/2020 11:00,2020,2,28,11:00,,,,,,,,,,,,,,,,,,,
-75.72,45.38,OTTAWA CDA RCS,6105978,28/02/2020 12:00,2020,2,28,12:00,,,,,,,,,,,,,,,,,,,
-75.72,45.38,OTTAWA CDA RCS,6105978,28/02/2020 13:00,2020,2,28,13:00,,,,,,,,,,,,,,,,,,,
-75.72,45.38,OTTAWA CDA RCS,6105978,28/02/2020 14:00,2020,2,28,14:00,,,,,,,,,,,,,,,,,,,
-75.72,45.38,OTTAWA CDA RCS,6105978,28/02/2020 15:00,2020,2,28,15:00,,,,,,,,,,,,,,,,,,,
-75.72,45.38,OTTAWA CDA RCS,6105978,28/02/2020 16:00,2020,2,28,16:00,,,,,,,,,,,,,,,,,,,
-75.72,45.38,OTTAWA CDA RCS,6105978,28/02/2020 17:00,2020,2,28,17:00,,,,,,,,,,,,,,,,,,,
-75.72,45.38,OTTAWA CDA RCS,6105978,28/02/2020 18:00,2020,2,28,18:00,,,,,,,,,,,,,,,,,,,
-75.72,45.38,OTTAWA CDA RCS,6105978,28/02/2020 19:00,2020,2,28,19:00,,,,,,,,,,,,,,,,,,,
-75.72,45.38,OTTAWA CDA RCS,6105978,28/02/2020 20:00,2020,2,28,20:00,,,,,,,,,,,,,,,,,,,
-75.72,45.38,OTTAWA CDA RCS,6105978,28/02/2020 21:00,2020,2,28,21:00,,,,,,,,,,,,,,,,,,,
-75.72,45.38,OTTAWA CDA RCS,6105978,28/02/2020 22:00,2020,2,28,22:00,,,,,,,,,,,,,,,,,,,
-75.72,45.38,OTTAWA CDA RCS,6105978,28/02/2020 23:00,2020,2,28,23:00,,,,,,,,,,,,,,,,,,,
-75.72,45.38,OTTAWA CDA RCS,6105978,29/02/2020 0:00,2020,2,29,0:00,,,,,,,,,,,,,,,,,,,
-75.72,45.38,OTTAWA CDA RCS,6105978,29/02/2020 1:00,2020,2,29,1:00,,,,,,,,,,,,,,,,,,,
-75.72,45.38,OTTAWA CDA RCS,6105978,29/02/2020 2:00,2020,2,29,2:00,,,,,,,,,,,,,,,,,,,
-75.72,45.38,OTTAWA CDA RCS,6105978,29/02/2020 3:00,2020,2,29,3:00,,,,,,,,,,,,,,,,,,,
-75.72,45.38,OTTAWA CDA RCS,6105978,29/02/2020 4:00,2020,2,29,4:00,,,,,,,,,,,,,,,,,,,
-75.72,45.38,OTTAWA CDA RCS,6105978,29/02/2020 5:00,2020,2,29,5:00,,,,,,,,,,,,,,,,,,,
-75.72,45.38,OTTAWA CDA RCS,6105978,29/02/2020 6:00,2020,2,29,6:00,,,,,,,,,,,,,,,,,,,
-75.72,45.38,OTTAWA CDA RCS,6105978,29/02/2020 7:00,2020,2,29,7:00,,,,,,,,,,,,,,,,,,,
-75.72,45.38,OTTAWA CDA RCS,6105978,29/02/2020 8:00,2020,2,29,8:00,,,,,,,,,,,,,,,,,,,
-75.72,45.38,OTTAWA CDA RCS,6105978,29/02/2020 9:00,2020,2,29,9:00,,,,,,,,,,,,,,,,,,,
-75.72,45.38,OTTAWA CDA RCS,6105978,29/02/2020 10:00,2020,2,29,10:00,,,,,,,,,,,,,,,,,,,
-75.72,45.38,OTTAWA CDA RCS,6105978,29/02/2020 11:00,2020,2,29,11:00,,,,,,,,,,,,,,,,,,,
-75.72,45.38,OTTAWA CDA RCS,6105978,29/02/2020 12:00,2020,2,29,12:00,,,,,,,,,,,,,,,,,,,
-75.72,45.38,OTTAWA CDA RCS,6105978,29/02/2020 13:00,2020,2,29,13:00,,,,,,,,,,,,,,,,,,,
-75.72,45.38,OTTAWA CDA RCS,6105978,29/02/2020 14:00,2020,2,29,14:00,,,,,,,,,,,,,,,,,,,
-75.72,45.38,OTTAWA CDA RCS,6105978,29/02/2020 15:00,2020,2,29,15:00,,,,,,,,,,,,,,,,,,,
-75.72,45.38,OTTAWA CDA RCS,6105978,29/02/2020 16:00,2020,2,29,16:00,,,,,,,,,,,,,,,,,,,
-75.72,45.38,OTTAWA CDA RCS,6105978,29/02/2020 17:00,2020,2,29,17:00,,,,,,,,,,,,,,,,,,,
-75.72,45.38,OTTAWA CDA RCS,6105978,29/02/2020 18:00,2020,2,29,18:00,,,,,,,,,,,,,,,,,,,
-75.72,45.38,OTTAWA CDA RCS,6105978,29/02/2020 19:00,2020,2,29,19:00,,,,,,,,,,,,,,,,,,,
-75.72,45.38,OTTAWA CDA RCS,6105978,29/02/2020 20:00,2020,2,29,20:00,,,,,,,,,,,,,,,,,,,
-75.72,45.38,OTTAWA CDA RCS,6105978,29/02/2020 21:00,2020,2,29,21:00,,,,,,,,,,,,,,,,,,,
-75.72,45.38,OTTAWA CDA RCS,6105978,29/02/2020 22:00,2020,2,29,22:00,,,,,,,,,,,,,,,,,,,
-75.72,45.38,OTTAWA CDA RCS,6105978,29/02/2020 23:00,2020,2,29,23:00,,,,,,,,,,,,,,,,,,,
