\\Yearly HOEP OR Predispatch Report,,,,,,,,
\\Created at 2020-02-26 08:02:13,,,,,,,,
\\For 2020,,,,,,,,
Date,Hour,HOEP,Hour 1 Predispatch,Hour 2 Predispatch,Hour 3 Predispatch,OR 10 Min Sync,OR 10 Min non-sync,OR 30 Min
2020-01-01,1,0.00,0.00,0.00,0.00,1.03,0.20,0.20
2020-01-01,2,0.00,0.00,0.00,0.00,1.04,0.20,0.20
2020-01-01,3,0.00,0.00,0.00,0.00,1.05,0.20,0.20
2020-01-01,4,0.00,0.00,0.00,-0.02,1.06,0.18,0.18
2020-01-01,5,0.00,0.00,0.00,-0.10,1.07,0.20,0.20
2020-01-01,6,0.00,0.00,0.00,0.00,1.34,0.20,0.20
2020-01-01,7,0.00,0.00,0.00,0.00,1.45,0.20,0.20
2020-01-01,8,-0.04,0.00,0.00,0.00,1.55,0.20,0.20
2020-01-01,9,0.00,0.00,0.00,0.00,1.56,0.20,0.20
2020-01-01,10,0.00,0.00,0.00,0.00,1.27,0.20,0.20
2020-01-01,11,0.00,0.00,0.00,0.00,1.27,0.20,0.20
2020-01-01,12,0.00,0.00,0.00,0.00,1.27,0.20,0.20
2020-01-01,13,2.92,0.00,0.00,0.00,1.27,0.20,0.20
2020-01-01,14,1.80,0.00,0.00,0.00,1.27,0.20,0.20
2020-01-01,15,0.00,0.05,0.05,0.00,1.27,0.20,0.20
2020-01-01,16,0.00,5.85,5.83,5.76,1.27,0.20,0.20
2020-01-01,17,1.39,12.00,14.32,14.36,4.75,0.20,0.20
2020-01-01,18,5.44,14.33,14.32,14.35,4.75,4.75,4.75
2020-01-01,19,1.72,13.79,14.32,5.92,4.75,0.45,0.45
2020-01-01,20,0.00,5.81,5.88,5.85,4.75,0.20,0.20
2020-01-01,21,0.00,1.00,1.00,1.00,1.28,0.20,0.20
2020-01-01,22,0.00,0.00,0.00,0.00,1.55,0.20,0.20
2020-01-01,23,0.00,0.00,0.00,0.00,1.55,0.20,0.20
2020-01-01,24,0.00,0.00,0.00,0.00,1.00,0.20,0.20
2020-01-02,1,-0.04,0.00,0.00,0.00,1.06,0.20,0.20
2020-01-02,2,-0.12,0.00,0.00,-0.10,1.07,0.18,0.18
2020-01-02,3,-2.86,-0.10,-0.10,-0.13,1.08,0.18,0.18
2020-01-02,4,-3.00,-0.13,-0.13,-0.13,1.09,0.17,0.17
2020-01-02,5,-0.10,-0.10,-0.10,-0.02,1.10,0.20,0.20
2020-01-02,6,-0.03,0.00,0.00,0.00,1.11,0.20,0.20
2020-01-02,7,0.00,0.00,0.00,0.00,1.27,0.20,0.20
2020-01-02,8,1.73,0.00,0.00,0.00,4.75,0.20,0.20
2020-01-02,9,0.00,0.00,0.00,0.00,4.75,0.20,0.20
2020-01-02,10,0.39,0.00,0.00,0.00,4.75,0.20,0.20
2020-01-02,11,0.00,0.00,0.00,0.00,4.75,0.20,0.20
2020-01-02,12,0.00,0.00,0.00,0.00,4.75,0.20,0.20
2020-01-02,13,0.00,0.00,0.00,0.00,4.75,0.20,0.20
2020-01-02,14,0.00,0.00,0.00,0.00,4.75,0.20,0.20
2020-01-02,15,0.00,0.00,0.00,0.00,4.75,0.20,0.20
2020-01-02,16,0.00,0.00,0.00,0.00,4.75,0.20,0.20
2020-01-02,17,0.00,5.22,5.57,0.05,4.75,0.20,0.20
2020-01-02,18,0.00,0.50,5.76,0.05,15.60,4.76,4.76
2020-01-02,19,1.60,1.00,1.00,5.74,10.48,0.45,0.45
2020-01-02,20,2.67,0.50,0.50,0.05,4.75,0.45,0.45
2020-01-02,21,0.00,0.50,0.50,0.50,2.66,0.20,0.20
2020-01-02,22,0.00,0.05,0.00,0.05,1.20,0.20,0.20
2020-01-02,23,0.00,0.00,0.01,0.00,1.00,0.20,0.20
2020-01-02,24,0.00,0.00,0.00,0.00,1.00,0.20,0.20
2020-01-03,1,-0.04,0.00,0.00,0.00,1.00,0.20,0.20
2020-01-03,2,-0.01,0.00,0.00,0.00,1.00,0.20,0.20
2020-01-03,3,0.00,0.00,-0.02,0.00,1.00,0.20,0.20
2020-01-03,4,-0.04,0.00,0.00,-0.02,1.01,0.20,0.20
2020-01-03,5,0.00,0.00,0.00,0.00,1.02,0.20,0.20
2020-01-03,6,4.30,0.01,0.01,0.01,1.00,0.20,0.20
2020-01-03,7,3.18,5.88,5.83,5.83,1.16,0.20,0.20
2020-01-03,8,10.17,5.96,5.94,5.74,1.31,0.20,0.20
2020-01-03,9,14.37,14.32,5.92,7.67,1.79,0.20,0.20
2020-01-03,10,22.13,14.34,13.49,5.90,1.38,0.20,0.20
2020-01-03,11,86.16,14.92,14.37,6.57,1.82,0.50,0.50
2020-01-03,12,30.77,20.37,17.20,14.33,1.28,0.20,0.20
2020-01-03,13,21.43,21.46,20.67,20.00,1.26,0.20,0.20
2020-01-03,14,19.76,18.50,18.50,21.42,1.20,0.20,0.20
2020-01-03,15,21.42,18.50,18.50,18.51,1.20,0.20,0.20
2020-01-03,16,19.51,18.50,18.50,18.51,1.23,0.21,0.21
2020-01-03,17,19.66,18.50,18.50,18.51,1.00,0.45,0.45
2020-01-03,18,20.18,18.50,18.50,18.51,6.04,6.04,1.01
2020-01-03,19,18.76,18.51,18.50,18.51,7.90,7.90,2.96
2020-01-03,20,20.15,19.66,19.66,20.70,6.51,6.51,1.04
2020-01-03,21,19.73,18.50,18.50,18.51,0.86,0.86,0.86
2020-01-03,22,17.04,18.50,14.95,14.39,0.45,0.43,0.43
2020-01-03,23,15.73,14.95,14.39,13.56,0.55,0.24,0.24
2020-01-03,24,13.71,13.17,14.32,14.37,1.00,0.20,0.20
2020-01-04,1,16.93,14.93,14.38,13.85,1.23,0.16,0.16
2020-01-04,2,15.17,14.93,14.40,10.12,1.23,0.16,0.16
2020-01-04,3,14.36,14.35,14.34,10.53,1.23,0.15,0.15
2020-01-04,4,14.38,14.37,14.37,14.36,1.22,0.15,0.15
2020-01-04,5,14.49,14.37,14.38,14.32,1.23,0.15,0.15
2020-01-04,6,24.84,18.37,17.76,14.34,1.21,0.15,0.15
2020-01-04,7,16.96,18.00,17.47,14.93,1.21,0.17,0.17
2020-01-04,8,16.73,18.00,17.00,14.93,1.20,0.20,0.20
2020-01-04,9,15.41,18.50,16.65,16.65,1.20,0.20,0.20
2020-01-04,10,19.95,16.02,16.03,15.15,1.21,0.22,0.22
2020-01-04,11,22.00,18.50,18.50,20.00,1.21,0.37,0.37
2020-01-04,12,16.98,18.52,18.52,18.51,1.28,0.20,0.20
2020-01-04,13,20.61,18.51,18.51,18.50,1.55,0.20,0.20
2020-01-04,14,20.89,18.50,18.50,18.50,1.29,0.20,0.20
2020-01-04,15,13.33,13.34,13.32,18.51,1.24,0.20,0.20
2020-01-04,16,13.33,13.33,13.33,16.51,1.24,0.20,0.20
2020-01-04,17,4.80,13.37,13.37,18.51,4.41,0.40,0.40
2020-01-04,18,13.35,18.52,18.51,12.00,4.42,0.45,0.45
2020-01-04,19,9.60,18.51,18.51,18.51,4.42,0.45,0.45
2020-01-04,20,13.36,18.50,18.50,18.50,1.28,0.28,0.28
2020-01-04,21,18.69,18.50,18.50,18.50,1.55,0.20,0.20
2020-01-04,22,17.28,16.28,16.28,18.50,1.30,0.20,0.20
2020-01-04,23,7.36,13.39,13.32,13.33,1.26,0.20,0.20
2020-01-04,24,0.47,5.65,10.91,1.00,1.31,0.16,0.16
2020-01-05,1,0.00,0.00,0.01,0.01,1.55,0.15,0.15
2020-01-05,2,0.00,0.00,0.00,0.00,1.56,0.15,0.15
2020-01-05,3,0.00,0.01,0.01,0.00,1.56,0.15,0.15
2020-01-05,4,0.00,0.00,0.01,0.00,1.55,0.13,0.13
2020-01-05,5,2.13,0.00,0.00,0.01,1.28,0.13,0.13
2020-01-05,6,0.40,0.01,0.01,0.00,1.28,0.13,0.13
2020-01-05,7,0.00,9.04,13.27,6.65,1.28,0.15,0.15
2020-01-05,8,0.00,6.38,4.78,0.01,1.28,0.16,0.16
2020-01-05,9,1.83,10.20,10.20,13.32,1.28,0.20,0.20
2020-01-05,10,8.29,13.34,13.34,13.35,1.29,0.20,0.20
2020-01-05,11,5.86,13.36,13.38,13.37,1.29,0.20,0.20
2020-01-05,12,10.94,13.34,13.39,14.19,1.29,0.19,0.19
2020-01-05,13,1.41,13.34,13.34,14.78,1.30,0.20,0.20
2020-01-05,14,8.12,13.37,13.38,13.36,1.29,0.20,0.20
2020-01-05,15,10.86,13.32,13.35,13.34,1.29,0.20,0.20
2020-01-05,16,3.17,18.50,18.50,16.00,1.29,0.20,0.20
2020-01-05,17,3.66,20.18,20.19,19.35,11.36,0.45,0.45
2020-01-05,18,20.07,22.97,22.97,22.97,7.73,0.45,0.45
2020-01-05,19,13.62,18.51,18.51,21.78,5.00,0.45,0.45
2020-01-05,20,10.87,18.51,18.51,18.50,6.70,0.45,0.45
2020-01-05,21,12.08,14.38,18.50,15.00,1.54,0.20,0.20
2020-01-05,22,12.74,15.00,16.00,16.00,1.28,0.20,0.20
2020-01-05,23,6.78,13.28,13.31,13.33,1.29,0.20,0.20
2020-01-05,24,3.61,0.01,0.01,0.01,1.29,0.16,0.16
2020-01-06,1,1.58,0.00,0.00,0.00,1.55,0.15,0.15
2020-01-06,2,0.00,0.00,0.00,0.00,1.55,0.15,0.15
2020-01-06,3,0.00,0.00,0.00,0.00,1.55,0.15,0.15
2020-01-06,4,0.00,0.00,0.00,0.00,1.55,0.15,0.15
2020-01-06,5,0.00,0.00,0.00,0.00,1.28,0.15,0.15
2020-01-06,6,0.00,0.01,0.01,0.00,1.29,0.16,0.16
2020-01-06,7,0.86,12.22,14.34,5.88,1.28,0.20,0.20
2020-01-06,8,13.67,14.34,14.34,14.32,1.27,0.20,0.20
2020-01-06,9,12.64,14.39,14.34,14.28,4.31,0.29,0.29
2020-01-06,10,10.35,16.50,14.40,14.32,1.29,0.20,0.20
2020-01-06,11,7.61,14.36,14.40,14.34,1.27,0.20,0.20
2020-01-06,12,4.33,5.94,7.51,14.34,1.29,0.20,0.20
2020-01-06,13,0.00,6.51,6.51,14.33,1.29,0.20,0.20
2020-01-06,14,0.00,14.35,5.92,12.00,1.29,0.20,0.20
2020-01-06,15,0.00,12.00,14.37,6.57,1.29,0.20,0.20
2020-01-06,16,0.00,6.49,6.00,14.36,1.28,0.45,0.45
2020-01-06,17,6.32,14.36,14.78,14.35,3.38,0.45,0.45
2020-01-06,18,12.63,14.37,14.40,17.51,8.68,7.65,7.65
2020-01-06,19,5.35,15.60,14.39,15.27,9.99,7.28,7.28
2020-01-06,20,5.86,15.60,15.60,14.78,4.75,1.00,1.00
2020-01-06,21,0.79,14.32,14.39,15.61,2.36,0.20,0.20
2020-01-06,22,0.82,5.77,5.77,14.34,1.54,0.45,0.45
2020-01-06,23,0.00,0.00,5.76,4.58,1.29,0.20,0.20
2020-01-06,24,0.00,0.00,0.01,0.00,1.29,0.17,0.17
2020-01-07,1,0.00,0.05,0.05,0.00,1.29,0.16,0.16
2020-01-07,2,0.00,1.11,4.58,0.00,1.29,0.15,0.15
2020-01-07,3,1.85,0.06,2.09,5.57,1.29,0.16,0.16
2020-01-07,4,4.76,5.00,5.00,4.63,1.27,0.16,0.16
2020-01-07,5,5.22,8.95,10.69,11.80,1.27,0.18,0.18
2020-01-07,6,10.14,16.50,16.50,16.50,1.23,0.20,0.20
2020-01-07,7,10.27,18.00,18.00,16.51,1.22,0.20,0.20
2020-01-07,8,44.49,16.50,16.50,16.51,11.47,11.47,11.44
2020-01-07,9,19.16,16.51,16.51,16.51,2.25,2.18,2.18
2020-01-07,10,14.35,16.25,16.25,16.51,1.00,0.45,0.45
2020-01-07,11,16.47,16.20,16.20,16.25,1.00,0.22,0.22
2020-01-07,12,18.93,16.25,16.25,16.25,5.00,0.22,0.22
2020-01-07,13,12.87,16.25,16.16,16.25,1.29,0.20,0.20
2020-01-07,14,1.57,16.00,15.80,16.00,1.29,0.20,0.20
2020-01-07,15,5.33,14.37,15.30,16.00,1.28,0.45,0.45
2020-01-07,16,0.00,16.00,16.00,16.00,1.29,1.29,1.29
2020-01-07,17,0.00,16.25,16.25,16.00,20.04,20.04,20.04
2020-01-07,18,5.86,21.37,22.94,19.64,29.46,29.46,29.46
2020-01-07,19,3.44,16.25,16.25,16.00,24.00,24.00,21.15
2020-01-07,20,7.28,14.40,16.00,16.00,10.15,10.15,10.15
2020-01-07,21,3.27,5.83,14.36,14.38,2.48,0.45,0.45
2020-01-07,22,5.04,5.96,5.88,5.83,1.69,0.20,0.20
2020-01-07,23,3.03,0.01,5.00,0.00,1.20,0.19,0.19
2020-01-07,24,2.05,0.00,0.00,0.00,1.25,0.15,0.15
2020-01-08,1,0.00,0.00,0.00,0.00,1.23,0.15,0.15
2020-01-08,2,0.00,0.00,0.00,0.00,1.22,0.13,0.13
2020-01-08,3,0.00,0.00,0.00,0.00,1.23,0.13,0.13
2020-01-08,4,0.00,0.00,0.00,0.00,1.22,0.13,0.13
2020-01-08,5,0.00,0.00,0.00,0.00,1.23,0.15,0.15
2020-01-08,6,0.00,0.00,0.00,0.00,1.22,0.19,0.19
2020-01-08,7,0.87,13.33,13.31,13.30,1.21,0.20,0.20
2020-01-08,8,15.22,13.35,13.38,13.31,1.27,0.20,0.20
2020-01-08,9,13.34,13.33,11.00,13.34,1.28,0.20,0.20
2020-01-08,10,4.24,12.00,10.00,0.00,1.28,0.20,0.20
2020-01-08,11,2.60,4.85,4.85,5.00,4.75,4.75,4.75
2020-01-08,12,1.37,2.00,4.15,4.85,3.89,3.89,3.89
2020-01-08,13,0.00,0.00,0.00,0.19,1.29,0.59,0.59
2020-01-08,14,0.00,0.00,0.00,0.00,1.29,0.45,0.45
2020-01-08,15,0.00,0.00,0.00,0.00,1.29,1.22,1.22
2020-01-08,16,0.00,0.00,0.00,5.94,4.75,4.75,4.75
2020-01-08,17,2.85,4.86,5.85,9.30,21.15,21.15,21.15
2020-01-08,18,16.92,13.37,13.36,15.66,21.10,21.10,6.57
2020-01-08,19,25.84,15.69,15.69,16.00,17.95,17.95,13.30
2020-01-08,20,41.25,15.75,15.75,15.75,23.51,23.51,23.49
2020-01-08,21,26.48,19.44,18.27,16.25,12.07,12.07,12.07
2020-01-08,22,16.71,16.25,16.67,19.90,4.39,0.45,0.45
2020-01-08,23,20.82,15.75,15.24,15.75,0.45,0.43,0.43
2020-01-08,24,13.43,13.35,13.36,13.39,1.21,0.20,0.20
2020-01-09,1,14.49,15.75,15.22,15.75,1.24,0.20,0.20
2020-01-09,2,13.45,13.36,13.36,14.32,1.56,0.20,0.20
2020-01-09,3,13.82,13.36,13.37,14.61,1.27,0.20,0.20
2020-01-09,4,14.01,14.65,13.38,14.64,1.26,0.19,0.19
2020-01-09,5,14.38,15.20,14.58,15.00,1.26,0.20,0.20
2020-01-09,6,5.71,15.76,15.76,15.75,1.56,0.20,0.20
2020-01-09,7,0.00,28.78,23.51,16.67,1.27,0.20,0.20
2020-01-09,8,0.82,29.12,29.07,17.50,3.26,0.45,0.45
2020-01-09,9,1.92,15.76,15.76,15.76,4.75,0.45,0.45
2020-01-09,10,0.00,13.32,15.75,13.35,1.24,0.20,0.20
2020-01-09,11,0.00,12.50,13.37,13.39,1.27,0.20,0.20
2020-01-09,12,0.00,13.36,15.75,15.03,1.28,0.20,0.20
2020-01-09,13,0.00,13.25,14.33,14.19,1.26,0.20,0.20
2020-01-09,14,11.53,5.83,13.37,14.33,1.26,0.20,0.20
2020-01-09,15,56.27,13.39,14.18,13.39,1.31,0.36,0.36
2020-01-09,16,13.74,15.75,14.48,13.35,1.56,1.56,1.56
2020-01-09,17,9.06,15.75,15.75,14.95,21.15,21.15,21.15
2020-01-09,18,49.95,19.00,18.68,19.75,39.25,30.00,30.00
2020-01-09,19,20.38,15.76,15.76,15.75,15.87,15.65,15.65
2020-01-09,20,29.51,15.75,15.75,15.75,19.13,18.23,17.48
2020-01-09,21,13.16,14.39,13.94,15.75,4.75,0.20,0.20
2020-01-09,22,5.27,13.33,13.33,14.44,2.37,0.20,0.20
2020-01-09,23,1.94,5.88,5.85,13.34,4.75,0.18,0.18
2020-01-09,24,0.00,0.00,0.00,0.00,1.31,0.18,0.18
2020-01-10,1,0.00,0.00,0.00,0.00,1.28,0.16,0.16
2020-01-10,2,0.00,0.00,0.00,0.00,1.25,0.16,0.16
2020-01-10,3,0.00,0.00,0.00,0.00,1.25,0.13,0.13
2020-01-10,4,0.00,0.00,0.00,0.00,1.27,0.13,0.13
2020-01-10,5,0.00,0.00,0.00,0.00,1.26,0.15,0.15
2020-01-10,6,0.00,0.00,0.00,0.00,1.26,0.15,0.15
2020-01-10,7,0.97,0.00,0.00,0.00,1.27,0.20,0.20
2020-01-10,8,8.10,0.00,0.00,0.00,1.25,0.20,0.20
2020-01-10,9,10.27,3.20,5.57,1.00,1.27,0.20,0.20
2020-01-10,10,3.80,0.00,0.00,0.00,1.56,0.45,0.45
2020-01-10,11,12.14,0.00,0.00,0.00,4.31,4.31,4.31
2020-01-10,12,11.51,0.00,0.00,0.50,4.31,4.31,4.31
2020-01-10,13,3.73,0.00,0.00,0.00,4.75,4.75,4.75
2020-01-10,14,6.64,5.00,2.27,5.88,21.60,21.60,21.60
2020-01-10,15,8.47,5.85,5.85,6.49,21.60,21.60,21.60
2020-01-10,16,20.03,13.35,13.37,15.75,6.15,6.15,6.15
2020-01-10,17,53.08,15.00,15.00,15.75,26.71,15.59,15.58
2020-01-10,18,22.86,17.09,15.76,15.76,8.59,8.59,8.49
2020-01-10,19,11.47,15.50,15.50,15.76,13.48,13.48,11.70
2020-01-10,20,6.04,15.00,15.00,16.00,15.18,15.18,14.34
2020-01-10,21,10.93,13.39,14.00,15.76,6.64,0.45,0.45
2020-01-10,22,14.25,14.16,14.17,15.50,1.69,0.20,0.20
2020-01-10,23,41.22,15.00,15.00,15.25,1.30,0.22,0.22
2020-01-10,24,3.17,13.31,11.78,13.37,1.30,0.13,0.13
2020-01-11,1,0.00,0.00,0.00,0.00,1.26,0.13,0.13
2020-01-11,2,0.00,0.00,0.00,0.00,1.28,0.13,0.13
2020-01-11,3,0.00,0.00,0.00,0.00,1.27,0.13,0.13
2020-01-11,4,0.00,0.00,0.00,0.00,1.26,0.13,0.13
2020-01-11,5,0.00,0.00,0.00,0.00,1.28,0.13,0.13
2020-01-11,6,0.00,0.00,0.00,0.00,1.27,0.13,0.13
2020-01-11,7,0.00,0.00,0.00,0.00,1.27,0.13,0.13
2020-01-11,8,0.00,0.00,0.00,0.00,1.28,0.17,0.17
2020-01-11,9,0.00,0.00,0.00,0.00,1.28,0.17,0.17
2020-01-11,10,9.63,0.00,0.00,0.00,1.28,0.20,0.20
2020-01-11,11,7.25,0.00,0.00,0.01,1.29,0.20,0.20
2020-01-11,12,13.57,0.00,0.00,0.01,1.29,0.20,0.20
2020-01-11,13,15.70,0.00,0.00,0.00,1.29,0.20,0.20
2020-01-11,14,17.80,5.85,4.83,5.88,1.28,0.20,0.20
2020-01-11,15,13.40,13.32,5.85,9.26,4.75,0.20,0.20
2020-01-11,16,5.71,13.36,13.31,12.14,4.75,0.20,0.20
2020-01-11,17,2.80,13.00,12.90,13.27,21.60,0.20,0.20
2020-01-11,18,5.25,13.38,13.35,15.75,4.75,0.20,0.20
2020-01-11,19,9.74,13.36,13.37,13.37,4.92,0.20,0.20
2020-01-11,20,13.34,13.37,13.36,12.11,1.30,0.20,0.20
2020-01-11,21,13.36,13.34,13.32,13.39,1.30,0.20,0.20
2020-01-11,22,13.86,13.31,13.31,13.32,1.57,0.20,0.20
2020-01-11,23,6.19,5.70,0.00,5.85,1.27,0.20,0.20
2020-01-11,24,1.42,0.05,0.00,0.00,1.30,0.20,0.20
2020-01-12,1,0.00,0.00,0.00,0.00,1.57,0.16,0.16
2020-01-12,2,0.00,0.00,0.00,0.00,1.57,0.17,0.17
2020-01-12,3,0.46,0.00,0.00,0.00,1.00,0.13,0.13
2020-01-12,4,0.00,0.00,0.00,0.00,1.00,0.13,0.13
2020-01-12,5,0.00,0.00,0.00,0.00,1.00,0.13,0.13
2020-01-12,6,0.89,0.00,0.00,0.00,1.00,0.13,0.13
2020-01-12,7,5.75,0.20,0.00,0.00,1.00,0.20,0.20
2020-01-12,8,0.00,0.00,0.00,0.05,0.42,0.20,0.14
2020-01-12,9,1.86,0.00,0.00,0.50,1.00,0.20,0.20
2020-01-12,10,20.92,0.00,0.00,1.00,1.00,0.20,0.20
2020-01-12,11,109.98,10.00,10.00,15.50,17.06,16.81,7.78
2020-01-12,12,46.56,39.13,15.50,15.50,1.24,0.20,0.20
2020-01-12,13,24.60,15.00,15.00,15.50,1.16,0.20,0.20
2020-01-12,14,29.80,14.55,14.55,16.68,0.73,0.20,0.19
2020-01-12,15,25.28,14.00,13.88,15.00,0.38,0.20,0.20
2020-01-12,16,4.33,13.29,13.00,15.75,0.37,0.20,0.18
2020-01-12,17,13.28,13.88,15.58,24.31,1.00,0.20,0.18
2020-01-12,18,20.77,21.35,15.75,22.68,0.20,0.20,0.11
2020-01-12,19,19.36,15.75,15.75,22.20,0.20,0.20,0.13
2020-01-12,20,20.79,21.57,21.57,21.57,1.00,0.20,0.13
2020-01-12,21,17.37,19.20,19.20,19.20,0.20,0.20,0.18
2020-01-12,22,15.25,15.75,15.75,15.75,0.20,0.20,0.19
2020-01-12,23,13.80,17.83,17.83,17.83,1.30,0.20,0.20
2020-01-12,24,12.99,15.75,15.75,15.75,1.28,0.16,0.16
2020-01-13,1,8.44,15.25,15.25,15.25,1.29,0.16,0.16
2020-01-13,2,10.82,13.35,13.34,13.38,1.27,0.15,0.15
2020-01-13,3,16.96,13.35,13.37,13.27,1.26,0.15,0.15
2020-01-13,4,16.15,13.36,13.37,13.27,0.90,0.13,0.13
2020-01-13,5,13.34,15.75,14.11,13.35,1.28,0.17,0.17
2020-01-13,6,7.49,15.75,15.75,15.50,1.28,0.20,0.20
2020-01-13,7,20.43,22.00,22.00,22.00,1.54,0.19,0.19
2020-01-13,8,23.59,22.34,22.25,22.11,0.28,0.20,0.20
2020-01-13,9,22.11,22.11,22.11,22.11,0.36,0.36,0.36
2020-01-13,10,25.13,22.31,22.33,22.11,10.01,0.20,0.20
2020-01-13,11,22.12,22.11,22.11,22.11,0.36,0.20,0.20
2020-01-13,12,22.22,22.27,22.27,22.00,4.71,0.20,0.20
2020-01-13,13,27.02,23.60,23.90,23.90,13.14,0.20,0.20
2020-01-13,14,23.46,23.89,23.89,24.31,7.35,0.20,0.20
2020-01-13,15,22.36,22.37,23.15,23.90,3.23,0.20,0.20
2020-01-13,16,24.27,23.99,23.99,23.90,2.30,0.45,0.45
2020-01-13,17,23.16,23.90,23.99,23.89,3.61,3.23,3.23
2020-01-13,18,24.05,25.00,24.00,26.17,7.50,7.50,1.27
2020-01-13,19,24.03,27.40,27.40,24.31,7.02,7.02,1.03
2020-01-13,20,24.00,24.01,24.00,24.00,6.99,6.99,1.00
2020-01-13,21,23.98,24.00,24.00,24.00,4.07,0.45,0.45
2020-01-13,22,22.99,23.89,23.89,22.34,2.21,0.36,0.36
2020-01-13,23,20.06,20.84,20.84,21.83,2.58,0.20,0.20
2020-01-13,24,13.07,16.11,17.11,20.84,1.39,0.20,0.20
2020-01-14,1,13.36,15.75,15.75,15.76,1.26,0.18,0.18
2020-01-14,2,12.89,15.67,15.75,15.75,1.25,0.19,0.19
2020-01-14,3,4.66,14.58,14.20,15.00,1.26,0.19,0.19
2020-01-14,4,0.00,11.37,13.33,13.35,1.26,0.19,0.19
2020-01-14,5,-0.11,5.20,10.12,13.37,1.26,0.20,0.20
2020-01-14,6,0.00,15.75,15.75,15.75,1.27,0.19,0.19
2020-01-14,7,8.72,22.01,22.82,22.78,1.29,1.29,1.29
2020-01-14,8,17.42,21.89,22.81,23.25,9.53,9.53,9.53
2020-01-14,9,13.36,15.77,15.77,15.77,12.25,12.25,12.25
2020-01-14,10,16.46,15.77,15.77,15.77,10.56,10.56,10.56
2020-01-14,11,22.76,15.75,15.75,22.81,7.61,7.61,7.61
2020-01-14,12,22.73,15.78,15.78,22.81,6.46,6.46,6.46
2020-01-14,13,21.28,20.74,15.75,21.85,12.01,12.01,12.01
2020-01-14,14,23.85,21.50,19.81,18.69,2.12,2.12,2.12
2020-01-14,15,15.69,15.75,14.70,14.69,5.57,5.57,5.57
2020-01-14,16,18.54,18.12,15.75,21.00,7.38,7.38,7.38
2020-01-14,17,19.69,22.83,21.78,15.76,20.13,20.13,20.13
2020-01-14,18,21.68,35.00,31.95,27.63,22.49,22.49,21.99
2020-01-14,19,17.09,35.00,32.83,21.55,23.94,23.94,0.45
2020-01-14,20,17.39,21.78,21.78,27.00,19.47,19.47,0.45
2020-01-14,21,14.40,15.75,15.79,24.31,4.75,0.45,0.45
2020-01-14,22,14.00,15.75,15.75,15.75,1.00,0.22,0.22
2020-01-14,23,16.27,14.40,15.75,17.35,1.32,0.20,0.20
2020-01-14,24,7.23,13.35,13.36,13.34,1.31,0.20,0.20
2020-01-15,1,0.00,13.32,13.32,4.78,1.34,0.16,0.16
2020-01-15,2,0.00,4.76,5.81,3.00,1.33,0.16,0.16
2020-01-15,3,0.00,5.11,3.01,3.01,1.32,0.16,0.16
2020-01-15,4,0.00,4.01,4.01,3.00,1.31,0.19,0.19
2020-01-15,5,0.90,13.33,5.96,4.01,1.29,0.19,0.19
2020-01-15,6,4.76,13.35,13.38,14.40,1.00,0.20,0.20
2020-01-15,7,14.86,22.84,22.84,22.84,0.37,0.20,0.20
2020-01-15,8,21.05,22.86,21.83,21.52,0.28,0.28,0.28
2020-01-15,9,13.41,21.52,21.52,22.21,4.85,4.85,4.85
2020-01-15,10,16.43,21.83,21.83,22.85,0.94,0.94,0.94
2020-01-15,11,16.29,17.17,19.81,22.88,0.87,0.87,0.87
2020-01-15,12,21.97,19.37,19.36,21.24,1.03,1.03,1.03
2020-01-15,13,15.88,20.22,17.68,21.52,2.05,2.03,2.03
2020-01-15,14,16.38,19.20,17.68,22.81,0.91,0.77,0.77
2020-01-15,15,15.64,16.66,15.81,21.00,1.27,1.27,1.27
2020-01-15,16,13.79,20.00,16.93,22.20,1.26,1.26,1.26
2020-01-15,17,10.31,21.73,20.88,23.26,13.64,13.64,13.64
2020-01-15,18,15.95,18.32,20.33,24.27,10.93,10.93,10.93
2020-01-15,19,21.95,21.73,24.26,24.28,8.10,8.10,1.16
2020-01-15,20,21.96,21.73,21.28,24.72,10.48,10.48,0.45
2020-01-15,21,23.44,24.16,24.16,24.27,3.89,0.45,0.45
2020-01-15,22,29.22,20.79,20.79,24.27,2.86,2.73,2.73
2020-01-15,23,15.66,15.76,15.76,20.65,0.39,0.20,0.20
2020-01-15,24,4.75,13.36,13.34,13.36,1.01,0.20,0.20
2020-01-16,1,0.47,5.98,14.32,14.36,1.31,0.15,0.15
2020-01-16,2,0.00,0.00,5.57,5.92,1.33,0.15,0.15
2020-01-16,3,0.00,0.00,0.00,0.00,1.33,0.13,0.13
2020-01-16,4,0.00,0.00,0.00,0.00,1.31,0.15,0.15
2020-01-16,5,0.00,0.00,0.00,0.00,1.30,0.15,0.15
2020-01-16,6,0.00,0.00,1.00,0.00,1.30,0.16,0.16
2020-01-16,7,6.00,15.75,15.75,17.67,1.25,0.20,0.20
2020-01-16,8,49.62,14.39,15.75,14.37,14.99,13.04,13.00
2020-01-16,9,19.06,15.75,14.39,14.39,6.86,6.86,6.86
2020-01-16,10,0.00,15.50,14.36,14.33,21.15,21.15,21.15
2020-01-16,11,3.98,14.40,15.75,14.35,4.75,4.75,4.75
2020-01-16,12,4.89,14.35,15.75,24.75,1.00,0.45,0.45
2020-01-16,13,0.08,0.79,5.65,14.36,1.74,0.20,0.20
2020-01-16,14,5.13,14.33,14.33,14.36,3.68,0.45,0.45
2020-01-16,15,3.81,14.34,14.35,6.00,4.75,0.45,0.45
2020-01-16,16,6.15,14.37,15.85,14.39,0.99,0.45,0.45
2020-01-16,17,9.51,15.32,15.75,20.70,6.37,6.37,4.76
2020-01-16,18,16.84,14.39,15.75,19.32,18.08,18.08,0.45
2020-01-16,19,15.85,15.75,15.75,17.90,16.49,16.49,0.57
2020-01-16,20,16.84,15.76,15.76,20.70,6.22,6.22,6.22
2020-01-16,21,14.37,15.76,15.76,21.79,0.45,0.45,0.45
2020-01-16,22,15.12,15.76,15.76,15.76,0.38,0.20,0.20
2020-01-16,23,30.98,21.02,21.10,20.83,0.75,0.60,0.60
2020-01-16,24,11.17,15.75,15.75,16.80,0.39,0.18,0.18
2020-01-17,1,16.80,15.75,15.75,15.33,1.29,0.17,0.17
2020-01-17,2,35.39,15.33,15.33,15.75,1.23,0.17,0.17
2020-01-17,3,42.18,13.39,15.01,13.37,1.14,0.19,0.19
2020-01-17,4,38.43,15.00,14.39,13.39,0.99,0.16,0.16
2020-01-17,5,24.41,22.37,15.33,15.50,0.38,0.19,0.19
2020-01-17,6,22.08,23.43,23.43,23.43,0.37,0.20,0.20
2020-01-17,7,40.30,33.22,30.40,24.40,5.38,5.27,5.25
2020-01-17,8,1258.05,33.00,33.00,23.43,1194.00,1194.00,1193.95
2020-01-17,9,101.05,25.68,22.37,23.43,40.29,40.29,37.50
2020-01-17,10,22.59,22.39,22.33,23.43,3.57,3.57,3.57
2020-01-17,11,19.83,20.50,19.64,19.90,1.14,1.01,1.01
2020-01-17,12,21.93,18.75,19.50,20.56,2.11,2.10,2.10
2020-01-17,13,21.14,20.00,19.00,21.88,8.15,8.15,8.15
2020-01-17,14,19.11,20.00,20.00,22.34,4.37,4.37,4.37
2020-01-17,15,15.13,16.60,16.56,17.00,4.75,4.75,4.75
2020-01-17,16,16.18,17.00,17.00,17.00,4.84,4.84,4.84
2020-01-17,17,15.10,17.51,17.51,19.52,9.82,9.82,9.82
2020-01-17,18,22.12,21.47,21.46,23.43,7.62,7.62,7.62
2020-01-17,19,21.96,24.66,23.55,23.45,7.72,7.72,7.72
2020-01-17,20,24.03,24.73,24.66,23.66,2.48,2.48,0.45
2020-01-17,21,24.12,24.47,24.25,23.56,1.36,0.45,0.45
2020-01-17,22,22.50,23.45,23.09,23.43,0.20,0.20,0.20
2020-01-17,23,20.77,21.60,21.44,21.43,0.35,0.20,0.20
2020-01-17,24,14.08,20.86,20.86,19.76,0.30,0.20,0.20
2020-01-18,1,6.24,19.00,19.85,19.90,1.30,0.20,0.20
2020-01-18,2,0.00,16.67,19.89,15.75,1.29,0.19,0.19
2020-01-18,3,0.00,18.10,18.41,13.43,1.24,0.20,0.20
2020-01-18,4,0.00,19.65,20.00,15.47,1.19,0.20,0.20
2020-01-18,5,0.00,13.39,19.45,16.95,1.24,0.20,0.20
2020-01-18,6,4.45,15.75,15.58,16.58,1.20,0.20,0.20
2020-01-18,7,13.35,15.75,15.75,13.35,1.16,0.20,0.20
2020-01-18,8,3.34,5.01,5.74,12.01,1.35,0.45,0.45
2020-01-18,9,7.36,4.86,1.01,5.74,1.35,1.35,1.35
2020-01-18,10,13.87,13.35,13.32,13.33,1.34,0.45,0.45
2020-01-18,11,113.93,21.90,22.00,14.39,30.03,30.03,30.00
2020-01-18,12,23.22,23.83,19.85,21.33,1.80,1.76,1.76
2020-01-18,13,13.37,23.83,20.00,15.56,21.52,21.52,21.52
2020-01-18,14,13.36,14.03,13.33,15.99,21.15,21.15,21.15
2020-01-18,15,15.10,18.34,17.65,17.02,8.91,8.91,8.91
2020-01-18,16,15.88,20.07,20.43,20.54,9.18,9.18,9.18
2020-01-18,17,20.08,23.83,23.83,23.70,0.50,0.45,0.45
2020-01-18,18,20.53,23.53,23.56,23.83,0.45,0.45,0.45
2020-01-18,19,20.30,20.54,20.54,21.07,0.94,0.45,0.45
2020-01-18,20,20.17,20.39,19.94,20.54,0.45,0.32,0.32
2020-01-18,21,16.81,14.40,14.78,18.34,5.06,0.20,0.20
2020-01-18,22,20.03,13.38,13.36,14.39,0.95,0.20,0.20
2020-01-18,23,18.56,13.38,13.37,13.37,1.30,0.20,0.20
2020-01-18,24,2.71,6.72,6.62,0.00,1.14,0.20,0.20
2020-01-19,1,1.84,5.00,0.00,0.00,1.33,0.18,0.18
2020-01-19,2,0.00,0.00,0.00,0.00,1.33,0.18,0.18
2020-01-19,3,6.68,0.00,0.00,0.00,1.24,0.18,0.18
2020-01-19,4,0.39,0.00,0.00,0.00,1.19,0.20,0.20
2020-01-19,5,0.00,0.00,0.00,0.00,1.35,0.20,0.20
2020-01-19,6,0.00,0.00,0.00,0.00,1.20,0.20,0.20
2020-01-19,7,1.28,0.00,0.00,0.00,1.14,0.20,0.20
2020-01-19,8,0.87,5.88,5.57,1.00,1.31,0.43,0.43
2020-01-19,9,10.49,5.92,5.92,8.00,1.30,0.45,0.45
2020-01-19,10,42.43,6.00,5.92,6.00,8.72,8.29,8.29
2020-01-19,11,16.15,45.48,15.60,15.60,1.32,0.37,0.37
2020-01-19,12,9.70,18.18,16.00,15.50,1.30,0.20,0.20
2020-01-19,13,13.33,15.50,14.74,15.60,1.33,0.20,0.20
2020-01-19,14,13.88,15.50,15.55,20.55,1.08,1.04,1.04
2020-01-19,15,11.96,15.50,15.50,16.00,1.08,1.08,1.08
2020-01-19,16,12.73,20.44,20.52,20.52,1.62,1.62,1.62
2020-01-19,17,11.34,16.67,17.06,18.00,11.91,11.91,11.91
2020-01-19,18,17.29,18.61,17.02,18.62,8.98,8.98,8.98
2020-01-19,19,19.13,20.98,19.13,18.82,8.04,8.04,8.04
2020-01-19,20,20.81,21.00,21.41,21.03,0.45,0.45,0.45
2020-01-19,21,23.11,21.98,21.99,22.51,0.26,0.20,0.20
2020-01-19,22,20.87,20.76,21.09,20.99,0.20,0.20,0.20
2020-01-19,23,20.46,21.01,20.80,21.09,0.36,0.20,0.20
2020-01-19,24,15.78,19.34,17.86,19.73,1.03,0.17,0.17
2020-01-20,1,25.57,19.95,20.36,20.00,1.32,0.20,0.20
2020-01-20,2,22.31,19.00,18.81,20.98,1.31,0.19,0.19
2020-01-20,3,16.69,19.20,18.80,22.51,1.32,0.20,0.20
2020-01-20,4,29.97,24.77,24.77,20.24,1.31,0.20,0.20
2020-01-20,5,20.44,22.51,22.51,22.51,1.21,0.20,0.20
2020-01-20,6,21.85,22.72,22.54,22.54,1.20,0.20,0.20
2020-01-20,7,21.28,22.55,22.54,22.54,3.92,3.92,3.92
2020-01-20,8,21.60,22.53,22.54,22.43,7.36,6.86,6.86
2020-01-20,9,22.27,22.43,22.43,22.51,6.99,3.65,3.65
2020-01-20,10,22.46,22.40,22.40,22.43,6.99,3.84,3.84
2020-01-20,11,21.09,21.06,21.05,21.08,6.99,0.45,0.45
2020-01-20,12,21.31,21.05,21.05,21.04,1.59,0.64,0.64
2020-01-20,13,21.06,21.05,21.04,21.05,6.99,3.70,3.70
2020-01-20,14,14.01,19.27,18.97,19.77,6.95,6.95,6.95
2020-01-20,15,13.36,17.00,17.00,18.34,4.75,4.75,4.75
2020-01-20,16,13.44,18.10,19.07,18.34,4.75,4.75,4.75
2020-01-20,17,14.87,19.93,20.25,21.80,7.11,7.11,7.11
2020-01-20,18,21.04,22.44,22.44,21.80,7.74,7.74,7.74
2020-01-20,19,18.98,22.37,22.39,22.51,8.52,8.52,8.52
2020-01-20,20,14.29,19.87,19.55,20.00,11.16,11.16,11.16
2020-01-20,21,18.25,20.98,21.08,21.00,5.29,5.29,0.16
2020-01-20,22,19.74,19.51,20.06,20.06,0.41,0.41,0.41
2020-01-20,23,17.82,19.00,19.50,21.00,0.20,0.20,0.19
2020-01-20,24,16.65,17.00,17.00,19.50,0.20,0.20,0.20
2020-01-21,1,20.67,18.50,19.00,20.00,0.56,0.20,0.20
2020-01-21,2,29.45,16.00,16.00,16.00,0.90,0.22,0.22
2020-01-21,3,18.30,17.36,17.00,18.00,0.37,0.20,0.20
2020-01-21,4,15.32,17.08,15.75,18.00,1.00,0.20,0.20
2020-01-21,5,13.36,13.38,13.39,15.75,0.90,0.20,0.20
2020-01-21,6,16.95,22.51,21.93,22.51,0.20,0.20,0.20
2020-01-21,7,20.95,22.51,22.51,22.51,0.30,0.30,0.30
2020-01-21,8,21.99,22.51,22.51,22.51,0.68,0.68,0.42
2020-01-21,9,21.03,21.03,21.03,21.03,3.78,3.78,3.78
2020-01-21,10,19.20,19.15,18.32,17.38,7.16,7.16,7.16
2020-01-21,11,20.28,16.21,15.77,17.99,2.30,2.30,2.30
2020-01-21,12,16.55,15.90,15.77,15.77,3.13,3.13,3.13
2020-01-21,13,16.17,15.78,15.76,15.90,3.20,3.20,3.20
2020-01-21,14,20.50,15.73,15.65,15.77,2.36,2.36,2.36
2020-01-21,15,16.34,15.75,15.23,15.47,3.80,3.80,3.80
2020-01-21,16,18.55,15.75,15.75,13.89,6.64,6.64,6.64
2020-01-21,17,14.38,22.51,22.42,22.51,7.46,7.46,7.46
2020-01-21,18,13.09,30.55,25.00,25.00,11.34,11.34,11.34
2020-01-21,19,13.30,22.42,22.41,22.51,10.54,10.54,8.01
2020-01-21,20,10.07,22.42,22.42,22.74,12.15,12.15,11.95
2020-01-21,21,7.41,23.94,24.84,22.12,16.93,16.93,16.93
2020-01-21,22,14.52,18.00,18.57,20.98,5.90,5.90,4.41
2020-01-21,23,11.34,18.13,18.12,19.91,1.84,0.28,0.28
2020-01-21,24,8.30,15.75,15.75,15.90,0.39,0.20,0.20
2020-01-22,1,3.16,13.35,14.40,14.74,1.24,0.20,0.20
2020-01-22,2,3.80,13.34,13.38,15.75,1.24,0.20,0.20
2020-01-22,3,5.29,13.02,13.04,14.06,1.23,0.20,0.20
2020-01-22,4,0.00,5.85,5.90,13.37,1.59,0.20,0.20
2020-01-22,5,0.00,5.84,5.56,5.90,1.22,0.20,0.20
2020-01-22,6,6.01,16.00,16.00,16.00,0.73,0.20,0.20
2020-01-22,7,11.77,17.70,17.70,17.70,10.90,9.21,9.21
2020-01-22,8,15.54,16.55,16.55,16.00,13.40,13.40,13.40
2020-01-22,9,14.67,16.00,16.00,16.55,19.43,19.43,19.43
2020-01-22,10,13.50,17.54,17.27,16.00,28.59,28.59,28.59
2020-01-22,11,23.06,20.05,20.14,20.00,9.72,9.72,9.72
2020-01-22,12,16.15,18.11,18.00,15.76,12.18,12.18,12.18
2020-01-22,13,9.08,17.42,17.42,17.98,5.90,5.90,5.90
2020-01-22,14,7.01,15.76,15.76,15.76,19.89,19.89,19.89
2020-01-22,15,14.74,15.46,15.75,16.03,6.00,6.00,6.00
2020-01-22,16,15.36,,17.98,15.76,7.81,7.81,7.81
2020-01-22,17,13.51,16.11,,17.33,9.21,9.21,8.70
2020-01-22,18,19.83,19.27,17.19,,7.65,7.65,7.65
2020-01-22,19,15.51,18.99,18.21,17.69,9.33,9.33,8.87
2020-01-22,20,13.37,21.41,20.93,25.66,10.28,10.28,10.28
2020-01-22,21,13.73,16.43,18.54,21.60,16.52,16.52,0.45
2020-01-22,22,12.75,15.76,15.76,20.49,5.09,5.09,0.54
2020-01-22,23,12.29,13.37,15.32,15.76,1.28,0.37,0.37
2020-01-22,24,13.44,15.35,15.32,15.75,1.00,0.20,0.20
2020-01-23,1,12.85,13.17,14.36,17.47,0.85,0.20,0.20
2020-01-23,2,5.16,6.49,5.65,14.39,1.26,0.20,0.20
2020-01-23,3,6.02,14.05,8.95,14.05,1.25,0.20,0.20
2020-01-23,4,2.76,5.96,5.96,13.41,1.25,0.39,0.39
2020-01-23,5,1.27,8.95,8.95,14.37,1.25,0.45,0.45
2020-01-23,6,8.75,15.75,15.75,19.26,0.38,0.38,0.38
2020-01-23,7,14.94,19.13,19.73,19.73,2.28,2.28,0.39
2020-01-23,8,16.78,15.77,15.77,18.61,8.35,8.35,8.35
2020-01-23,9,15.03,15.76,15.76,17.73,16.70,16.70,16.70
2020-01-23,10,16.39,17.39,17.39,15.77,8.61,8.61,7.72
2020-01-23,11,17.54,17.38,17.40,18.60,8.01,8.01,7.97
2020-01-23,12,18.89,19.45,18.62,19.45,5.50,5.50,5.50
2020-01-23,13,18.90,18.16,18.17,17.33,5.27,5.27,5.27
2020-01-23,14,14.17,13.74,13.23,16.53,10.23,10.23,10.23
2020-01-23,15,18.69,14.38,14.37,14.35,9.18,9.18,9.18
2020-01-23,16,15.20,19.67,14.39,16.30,7.92,7.92,7.92
2020-01-23,17,13.21,19.31,18.97,19.36,12.10,12.10,12.10
2020-01-23,18,19.17,21.40,21.40,22.98,11.32,11.32,10.89
2020-01-23,19,17.13,20.13,20.34,26.17,11.14,11.14,11.14
2020-01-23,20,13.35,18.74,18.47,21.40,12.87,12.87,12.87
2020-01-23,21,15.44,19.13,22.00,18.19,9.96,9.96,9.96
2020-01-23,22,17.42,18.50,19.75,18.67,1.21,1.21,0.16
2020-01-23,23,17.41,17.70,17.69,18.00,1.14,0.33,0.28
2020-01-23,24,4.70,15.00,15.00,18.00,0.41,0.20,0.20
2020-01-24,1,0.44,13.52,13.52,17.22,1.00,0.20,0.20
2020-01-24,2,4.48,6.94,13.21,13.23,1.20,0.37,0.37
2020-01-24,3,1.45,13.20,13.21,13.21,1.13,0.20,0.20
2020-01-24,4,0.42,13.21,13.21,13.21,1.25,0.20,0.20
2020-01-24,5,0.00,13.19,13.19,13.19,1.24,0.20,0.20
2020-01-24,6,0.00,13.19,13.21,13.19,1.28,0.20,0.20
2020-01-24,7,0.48,15.76,19.08,20.67,1.55,0.45,0.45
2020-01-24,8,6.25,16.47,15.00,13.37,14.82,14.82,4.76
2020-01-24,9,4.15,15.40,18.00,13.37,21.60,21.60,4.76
2020-01-24,10,3.66,13.22,13.36,13.32,22.50,22.50,4.76
2020-01-24,11,2.32,13.00,13.00,18.04,27.06,27.06,4.76
2020-01-24,12,8.35,17.47,18.04,19.16,27.74,27.74,2.87
2020-01-24,13,6.13,13.37,14.62,16.90,25.35,25.35,0.45
2020-01-24,14,0.00,5.81,5.93,13.26,23.09,23.09,23.09
2020-01-24,15,0.00,0.00,0.00,0.00,21.92,21.92,21.92
2020-01-24,16,2.21,3.68,0.00,0.00,21.60,21.60,21.60
2020-01-24,17,5.52,13.35,13.38,13.25,25.07,25.07,25.07
2020-01-24,18,6.80,18.80,18.37,13.34,30.20,30.20,30.10
2020-01-24,19,5.83,13.35,21.66,13.33,25.50,25.50,25.50
2020-01-24,20,4.90,9.64,10.66,11.62,27.56,27.56,27.56
2020-01-24,21,5.71,5.92,7.18,7.17,21.60,21.60,21.60
2020-01-24,22,1.69,4.69,5.57,5.86,21.15,21.15,21.15
2020-01-24,23,0.46,0.00,0.50,3.68,16.85,16.85,16.85
2020-01-24,24,0.00,5.00,4.69,0.00,0.41,0.20,0.20
2020-01-25,1,3.88,8.15,8.20,0.00,0.40,0.20,0.20
2020-01-25,2,0.00,8.01,8.09,0.00,1.21,0.20,0.20
2020-01-25,3,0.00,7.84,9.00,0.00,1.11,0.20,0.20
2020-01-25,4,2.23,10.00,10.00,0.00,0.40,0.20,0.20
2020-01-25,5,10.86,10.00,10.00,0.00,0.39,0.20,0.20
2020-01-25,6,12.72,10.00,10.00,3.00,0.38,0.20,0.20
2020-01-25,7,3.79,12.75,12.66,6.57,1.24,0.20,0.20
2020-01-25,8,2.94,8.00,8.00,5.74,4.76,4.76,4.76
2020-01-25,9,3.71,5.85,5.83,6.00,21.60,21.60,21.60
2020-01-25,10,7.80,13.00,13.00,18.00,4.87,0.45,0.45
2020-01-25,11,12.35,12.99,12.99,13.36,18.79,18.79,18.79
2020-01-25,12,13.34,13.00,13.00,13.00,21.15,21.15,21.15
2020-01-25,13,11.30,13.00,13.00,13.00,15.35,15.35,15.35
2020-01-25,14,7.13,13.00,13.00,13.00,12.49,12.49,12.49
2020-01-25,15,13.33,13.39,13.39,13.00,12.07,12.07,12.07
2020-01-25,16,9.10,13.00,13.00,13.00,18.00,18.00,18.00
2020-01-25,17,7.53,13.28,13.00,13.00,21.46,21.46,21.46
2020-01-25,18,11.86,13.33,13.35,13.00,26.71,26.71,26.71
2020-01-25,19,10.33,13.00,13.00,13.00,25.00,25.00,25.00
2020-01-25,20,9.97,13.00,13.00,12.99,30.00,30.00,30.00
2020-01-25,21,12.87,13.35,13.34,13.32,19.80,19.80,17.10
2020-01-25,22,6.58,13.35,13.36,13.33,4.68,0.94,0.94
2020-01-25,23,4.37,13.00,13.00,14.84,1.63,0.45,0.45
2020-01-25,24,5.45,13.00,13.00,13.34,0.64,0.20,0.20
2020-01-26,1,4.36,5.92,6.00,5.96,0.40,0.20,0.20
2020-01-26,2,6.53,10.00,10.00,3.00,1.23,0.20,0.20
2020-01-26,3,5.81,10.00,8.00,0.00,1.16,0.20,0.20
2020-01-26,4,5.24,10.00,10.00,0.00,0.41,0.20,0.20
2020-01-26,5,5.95,10.00,10.00,0.00,0.41,0.20,0.20
2020-01-26,6,5.82,10.00,10.00,0.00,0.41,0.20,0.20
2020-01-26,7,5.73,7.21,7.17,0.00,1.29,0.20,0.20
2020-01-26,8,0.00,5.00,0.00,0.00,4.75,4.75,4.75
2020-01-26,9,2.27,5.00,5.00,0.00,21.15,21.15,21.15
2020-01-26,10,4.41,5.92,5.96,5.88,7.20,0.45,0.45
2020-01-26,11,0.00,5.57,5.00,5.88,21.15,21.15,21.15
2020-01-26,12,0.00,5.92,5.92,5.96,18.00,18.00,18.00
2020-01-26,13,0.00,5.92,5.88,5.92,18.00,18.00,18.00
2020-01-26,14,0.00,5.74,5.92,0.00,21.60,21.60,21.60
2020-01-26,15,0.00,5.88,5.86,5.83,17.43,0.43,0.43
2020-01-26,16,5.05,6.65,12.00,6.00,14.35,14.35,14.35
2020-01-26,17,2.30,5.96,6.57,6.33,21.45,21.45,21.45
2020-01-26,18,5.84,12.69,6.57,6.33,21.60,21.60,21.60
2020-01-26,19,5.91,13.00,13.00,6.33,21.60,21.60,21.60
2020-01-26,20,5.84,5.92,5.92,5.96,21.60,21.60,21.60
2020-01-26,21,5.93,5.74,5.85,5.88,15.00,15.00,15.00
2020-01-26,22,8.98,13.00,7.00,6.55,15.47,15.47,15.47
2020-01-26,23,7.83,5.96,5.92,5.96,4.75,1.00,1.00
2020-01-26,24,6.52,5.86,5.90,4.63,0.64,0.45,0.45
2020-01-27,1,7.12,10.00,10.00,0.00,1.00,0.20,0.20
2020-01-27,2,11.70,7.02,6.57,0.00,1.27,0.20,0.20
2020-01-27,3,12.76,5.92,5.83,0.00,1.27,0.20,0.20
2020-01-27,4,7.76,5.83,5.22,0.00,1.28,0.20,0.20
2020-01-27,5,5.13,10.00,10.00,0.00,1.08,1.00,1.00
2020-01-27,6,2.81,10.00,10.00,5.88,0.76,0.76,0.76
2020-01-27,7,14.83,20.00,19.99,20.00,5.10,0.95,0.95
2020-01-27,8,10.61,13.39,13.37,19.96,19.75,19.75,16.20
2020-01-27,9,13.34,14.52,13.39,17.94,26.91,26.91,11.92
2020-01-27,10,13.35,13.33,13.33,18.47,27.71,27.71,21.15
2020-01-27,11,19.14,13.46,14.58,16.15,10.42,10.42,10.42
2020-01-27,12,17.48,15.75,13.37,16.31,15.19,15.19,15.19
2020-01-27,13,17.92,18.05,16.76,13.36,12.68,12.68,12.68
2020-01-27,14,13.36,13.46,13.37,13.33,21.43,21.43,21.43
2020-01-27,15,12.96,13.33,13.34,13.32,21.15,21.15,21.15
2020-01-27,16,11.93,13.32,13.34,13.35,15.38,15.38,15.38
2020-01-27,17,11.47,13.32,13.26,13.76,17.14,17.14,17.14
2020-01-27,18,70.98,23.00,20.23,13.38,56.98,56.98,56.88
2020-01-27,19,18.01,27.75,25.00,19.33,26.35,26.35,26.35
2020-01-27,20,19.17,29.89,29.00,19.33,22.63,22.63,22.63
2020-01-27,21,23.42,21.11,21.11,21.11,16.29,16.29,16.29
2020-01-27,22,20.43,21.11,21.11,21.11,14.87,14.87,14.87
2020-01-27,23,12.90,13.00,13.00,19.69,16.73,16.73,16.73
2020-01-27,24,34.38,17.91,19.66,18.18,2.80,2.80,2.80
2020-01-28,1,2.63,13.37,13.33,13.01,0.45,0.45,0.45
2020-01-28,2,4.53,13.01,13.01,13.01,1.19,0.45,0.45
2020-01-28,3,12.10,12.00,12.00,13.01,1.08,0.45,0.45
2020-01-28,4,5.14,12.86,12.86,13.01,0.45,0.45,0.45
2020-01-28,5,1.11,13.32,13.32,13.01,0.45,0.45,0.45
2020-01-28,6,6.27,13.34,13.36,14.00,1.27,0.45,0.45
2020-01-28,7,14.92,20.08,20.04,20.27,10.06,10.06,2.89
2020-01-28,8,22.23,19.38,19.77,17.45,13.63,13.63,13.63
2020-01-28,9,17.80,15.83,17.13,21.11,10.23,10.23,10.23
2020-01-28,10,34.98,21.11,21.11,21.11,20.57,20.57,20.57
2020-01-28,11,15.72,13.37,13.37,18.17,17.75,17.75,17.75
2020-01-28,12,16.01,19.94,18.46,20.64,11.83,11.83,11.83
2020-01-28,13,14.73,13.39,13.39,19.56,16.84,16.84,16.84
2020-01-28,14,14.57,13.65,13.65,19.02,29.58,29.58,29.58
2020-01-28,15,13.36,13.35,13.33,15.46,18.90,18.90,18.90
2020-01-28,16,14.46,14.84,14.94,21.01,14.88,14.88,14.88
2020-01-28,17,16.21,17.15,17.15,20.76,11.19,11.19,11.19
2020-01-28,18,23.62,23.02,21.87,21.11,9.88,9.88,9.88
2020-01-28,19,22.06,23.02,23.02,28.02,7.18,7.18,7.17
2020-01-28,20,21.83,21.00,21.00,21.87,7.18,7.18,7.17
2020-01-28,21,21.64,21.11,21.11,21.27,5.35,5.35,5.35
2020-01-28,22,17.99,19.63,18.24,20.31,2.08,1.85,1.85
2020-01-28,23,17.24,16.89,17.90,21.11,4.98,4.98,4.98
2020-01-28,24,14.94,15.31,15.31,18.67,0.20,0.20,0.20
2020-01-29,1,19.62,17.17,17.17,17.20,0.40,0.20,0.20
2020-01-29,2,13.64,13.35,13.38,17.17,1.19,0.20,0.20
2020-01-29,3,13.47,13.37,13.34,13.54,1.07,0.20,0.20
2020-01-29,4,13.35,13.35,13.01,13.35,0.38,0.20,0.20
2020-01-29,5,13.61,13.37,14.39,17.19,0.40,0.20,0.20
2020-01-29,6,15.06,17.49,17.18,17.98,2.80,0.20,0.20
2020-01-29,7,14.27,18.76,18.66,17.98,7.99,7.99,7.99
2020-01-29,8,20.32,20.42,20.51,20.17,2.35,2.35,2.35
2020-01-29,9,20.05,20.17,19.88,21.22,1.64,1.64,1.64
2020-01-29,10,19.56,20.15,20.15,21.47,1.09,0.45,0.45
2020-01-29,11,18.79,20.00,19.68,20.17,1.39,0.20,0.20
2020-01-29,12,19.59,17.49,19.71,20.17,0.84,0.20,0.20
2020-01-29,13,17.37,18.12,19.59,20.36,0.20,0.16,0.16
2020-01-29,14,17.19,17.20,17.20,19.44,1.78,0.18,0.18
2020-01-29,15,13.18,14.26,14.27,16.07,0.71,0.20,0.20
2020-01-29,16,14.58,14.84,15.83,20.62,0.50,0.43,0.43
2020-01-29,17,15.77,15.83,16.71,19.00,3.26,3.26,1.06
2020-01-29,18,19.51,17.74,17.74,20.08,13.11,13.11,0.37
2020-01-29,19,20.01,21.70,21.10,25.00,14.57,14.57,0.45
2020-01-29,20,17.61,17.74,19.88,22.87,16.01,16.01,0.29
2020-01-29,21,20.64,20.43,20.43,21.77,3.58,3.58,0.45
2020-01-29,22,30.61,20.66,20.61,18.62,9.40,1.51,1.51
2020-01-29,23,17.52,17.49,17.24,20.17,0.20,0.20,0.19
2020-01-29,24,17.60,17.52,17.39,20.00,0.20,0.14,0.14
2020-01-30,1,17.77,21.53,21.53,20.11,0.29,0.18,0.18
2020-01-30,2,24.39,21.53,21.53,21.53,0.38,0.20,0.20
2020-01-30,3,21.93,21.53,21.53,21.53,0.38,0.20,0.20
2020-01-30,4,10.08,13.33,13.32,20.00,0.20,0.20,0.20
2020-01-30,5,14.52,17.30,17.36,17.61,0.20,0.20,0.20
2020-01-30,6,20.23,20.80,20.80,21.46,1.33,1.33,1.33
2020-01-30,7,21.73,22.45,21.96,21.53,7.90,7.90,7.90
2020-01-30,8,26.69,24.96,28.63,21.53,18.85,18.85,16.31
2020-01-30,9,21.46,21.46,21.46,24.87,17.00,17.00,10.98
2020-01-30,10,20.10,20.13,20.13,21.35,6.96,6.96,6.96
2020-01-30,11,20.29,20.29,21.34,21.35,6.99,6.99,6.99
2020-01-30,12,20.12,20.14,20.13,21.53,4.29,4.29,4.29
2020-01-30,13,20.12,20.19,20.19,21.10,4.57,4.57,4.57
2020-01-30,14,17.91,20.17,19.95,21.35,2.53,2.53,0.45
2020-01-30,15,20.37,20.15,20.80,21.98,1.79,1.79,0.45
2020-01-30,16,17.32,19.95,19.95,20.36,2.27,2.27,0.10
2020-01-30,17,17.90,20.35,20.36,20.80,8.17,8.17,0.25
2020-01-30,18,20.91,20.80,20.80,20.80,7.42,7.42,0.51
2020-01-30,19,21.90,21.92,22.61,22.61,7.49,7.49,0.68
2020-01-30,20,30.23,24.96,24.96,21.92,15.76,15.76,8.59
2020-01-30,21,22.52,21.46,21.46,21.46,1.84,1.84,1.24
2020-01-30,22,21.37,21.46,21.46,20.80,0.54,0.44,0.44
2020-01-30,23,19.16,20.16,20.19,21.21,0.42,0.42,0.42
2020-01-30,24,18.70,18.34,18.34,19.67,0.20,0.20,0.20
2020-01-31,1,16.73,17.22,17.22,21.20,0.20,0.20,0.14
2020-01-31,2,13.58,15.00,15.00,18.95,0.19,0.16,0.16
2020-01-31,3,13.94,14.50,14.50,17.47,1.00,0.16,0.16
2020-01-31,4,13.36,13.00,13.00,13.32,0.20,0.16,0.16
2020-01-31,5,14.38,13.39,13.38,17.47,0.20,0.20,0.20
2020-01-31,6,15.80,21.08,19.29,21.20,1.00,0.20,0.18
2020-01-31,7,21.03,22.45,23.94,21.30,1.00,0.20,0.20
2020-01-31,8,20.68,21.30,21.30,21.36,1.99,1.99,0.42
2020-01-31,9,21.27,21.30,21.30,21.30,11.66,11.66,0.45
2020-01-31,10,20.01,21.05,20.90,21.19,2.35,0.20,0.20
2020-01-31,11,21.21,21.19,21.28,21.30,2.11,0.33,0.33
2020-01-31,12,21.65,21.19,21.30,22.07,1.31,0.22,0.22
2020-01-31,13,21.20,20.13,20.04,20.00,1.33,0.20,0.20
2020-01-31,14,20.84,20.61,20.01,19.95,1.33,0.22,0.22
2020-01-31,15,23.38,20.00,20.02,19.94,0.76,0.28,0.18
2020-01-31,16,21.54,20.69,20.61,20.00,1.20,0.20,0.20
2020-01-31,17,21.41,21.36,20.40,20.61,1.25,0.36,0.35
2020-01-31,18,21.31,21.30,21.36,20.35,7.20,7.20,0.16
2020-01-31,19,23.33,23.91,22.45,25.00,9.02,9.02,0.77
2020-01-31,20,21.27,21.30,21.30,22.12,6.27,6.27,0.11
2020-01-31,21,21.25,21.30,21.30,21.36,1.31,1.31,0.41
2020-01-31,22,21.09,20.98,20.98,20.02,0.45,0.45,0.45
2020-01-31,23,17.77,19.96,19.94,19.94,0.20,0.20,0.19
2020-01-31,24,14.98,19.93,19.93,16.00,1.00,0.20,0.20
2020-02-01,1,19.48,19.97,20.61,21.28,0.71,0.20,0.20
2020-02-01,2,13.91,17.00,17.15,19.98,1.60,0.20,0.20
2020-02-01,3,12.46,15.00,15.00,16.00,1.00,0.20,0.20
2020-02-01,4,13.36,13.71,13.71,14.50,0.20,0.20,0.20
2020-02-01,5,13.36,13.50,13.75,13.50,0.20,0.20,0.20
2020-02-01,6,15.07,15.00,15.00,15.00,1.22,0.20,0.20
2020-02-01,7,13.53,16.54,18.24,20.94,1.59,0.20,0.20
2020-02-01,8,10.86,14.00,14.00,15.03,3.88,3.88,3.88
2020-02-01,9,12.36,14.00,14.25,15.00,5.50,5.50,5.50
2020-02-01,10,15.90,14.25,14.84,16.39,8.92,8.92,8.92
2020-02-01,11,14.98,16.51,14.40,16.69,9.44,9.44,9.44
2020-02-01,12,13.33,14.80,14.95,18.16,9.95,9.95,9.95
2020-02-01,13,8.97,13.35,13.36,16.59,16.28,16.28,16.28
2020-02-01,14,12.41,13.34,13.39,19.58,6.96,6.96,6.96
2020-02-01,15,13.33,13.37,13.35,18.25,1.32,0.45,0.45
2020-02-01,16,13.42,13.38,13.36,18.11,1.31,0.45,0.45
2020-02-01,17,14.83,18.44,18.46,17.28,14.36,14.36,14.34
2020-02-01,18,19.96,20.94,20.94,20.94,15.41,15.41,14.87
2020-02-01,19,15.96,20.94,20.94,21.47,19.64,19.64,17.57
2020-02-01,20,15.17,20.94,19.18,20.94,15.48,15.48,15.48
2020-02-01,21,10.26,13.36,13.35,19.78,25.07,25.07,20.10
2020-02-01,22,14.02,14.40,15.00,18.12,1.30,1.00,1.00
2020-02-01,23,13.36,13.50,13.50,13.75,1.31,0.43,0.43
2020-02-01,24,14.07,13.50,13.50,13.37,1.00,0.20,0.20
2020-02-02,1,10.25,13.33,13.35,13.50,1.30,0.20,0.20
2020-02-02,2,5.18,13.30,13.30,13.35,1.32,0.20,0.20
2020-02-02,3,4.57,13.25,13.20,13.25,1.32,0.20,0.20
2020-02-02,4,4.02,13.15,13.15,13.25,1.31,0.20,0.20
2020-02-02,5,0.80,13.15,13.15,13.25,1.31,0.20,0.20
2020-02-02,6,0.39,13.15,13.20,12.93,1.32,0.29,0.29
2020-02-02,7,2.88,13.15,13.15,13.25,1.32,0.45,0.45
2020-02-02,8,0.00,13.15,13.15,13.33,1.31,1.31,1.31
2020-02-02,9,5.31,13.15,13.15,13.15,16.47,13.52,13.52
2020-02-02,10,10.29,12.13,13.15,11.11,9.14,5.48,5.48
2020-02-02,11,27.87,12.55,12.55,12.93,21.95,14.92,14.89
2020-02-02,12,21.04,13.35,13.36,13.88,2.41,0.43,0.43
2020-02-02,13,16.55,13.77,13.00,16.69,1.31,0.45,0.45
2020-02-02,14,13.39,13.37,13.00,13.80,1.31,1.31,1.31
2020-02-02,15,18.13,13.88,13.88,13.88,1.31,1.31,1.31
2020-02-02,16,17.33,13.38,13.80,19.27,1.31,1.31,1.31
2020-02-02,17,14.70,13.36,13.37,18.40,10.90,10.90,10.36
2020-02-02,18,26.02,18.44,17.00,17.19,22.56,22.56,16.63
2020-02-02,19,15.53,14.50,14.49,19.33,27.12,27.12,13.35
2020-02-02,20,13.08,13.88,13.43,15.36,9.67,9.67,9.67
2020-02-02,21,1.47,13.33,13.33,14.96,17.55,17.55,17.12
2020-02-02,22,4.46,5.94,13.32,13.34,4.75,4.75,4.75
2020-02-02,23,4.14,6.02,6.02,13.33,1.34,0.45,0.45
2020-02-02,24,4.72,5.76,5.76,5.67,1.32,0.21,0.21
2020-02-03,1,2.48,5.94,12.93,12.93,1.31,0.20,0.20
2020-02-03,2,0.00,5.59,5.76,5.76,1.31,0.20,0.20
2020-02-03,3,0.00,0.00,0.00,0.00,1.31,0.20,0.20
2020-02-03,4,0.00,0.00,0.00,0.00,1.31,0.20,0.20
2020-02-03,5,0.40,5.85,5.85,5.83,1.31,0.20,0.20
2020-02-03,6,0.89,13.20,13.20,13.15,1.31,0.40,0.40
2020-02-03,7,11.67,19.01,19.22,19.21,1.30,0.45,0.45
2020-02-03,8,17.52,16.87,17.05,19.22,15.17,15.17,15.17
2020-02-03,9,14.44,16.01,16.00,17.00,16.96,16.96,16.96
2020-02-03,10,17.06,18.56,19.21,17.89,8.43,8.43,8.43
2020-02-03,11,15.68,16.49,19.21,19.84,9.19,9.19,6.59
2020-02-03,12,17.90,19.21,18.26,19.23,7.81,7.81,3.62
2020-02-03,13,15.78,16.90,17.35,19.23,8.88,8.88,6.62
2020-02-03,14,13.37,17.84,15.65,19.22,5.15,5.15,5.15
2020-02-03,15,16.00,18.15,18.14,17.89,3.71,3.55,3.43
2020-02-03,16,18.85,17.65,18.20,19.21,2.22,1.10,1.10
2020-02-03,17,19.59,24.23,20.65,20.13,4.14,4.14,3.83
2020-02-03,18,18.50,36.56,35.00,20.65,7.51,7.51,7.42
2020-02-03,19,21.02,34.48,38.40,31.48,7.91,7.91,4.78
2020-02-03,20,17.04,20.65,20.65,20.65,4.53,4.53,4.53
2020-02-03,21,18.24,20.65,22.56,20.20,8.13,8.13,8.10
2020-02-03,22,18.20,20.13,20.13,20.40,7.16,7.16,7.16
2020-02-03,23,17.01,17.26,17.26,20.13,1.16,0.45,0.45
2020-02-03,24,21.07,15.00,15.00,19.45,1.00,0.32,0.32
2020-02-04,1,18.04,14.35,14.38,15.12,1.07,0.20,0.20
2020-02-04,2,12.88,13.30,13.30,13.75,1.16,0.22,0.22
2020-02-04,3,7.24,13.25,13.25,13.50,1.16,0.20,0.20
2020-02-04,4,7.93,13.25,13.20,13.25,1.25,0.20,0.20
2020-02-04,5,0.41,13.30,13.30,13.50,1.28,0.20,0.20
2020-02-04,6,0.41,18.70,18.72,20.13,1.27,0.20,0.20
2020-02-04,7,9.84,20.13,20.13,20.13,1.27,1.27,1.27
2020-02-04,8,16.03,19.78,19.78,19.82,1.30,1.30,1.30
2020-02-04,9,15.37,18.67,18.50,20.13,8.15,8.15,8.15
2020-02-04,10,21.91,18.76,20.13,20.13,6.99,6.99,6.99
2020-02-04,11,19.29,20.13,20.13,20.13,7.44,7.44,7.44
2020-02-04,12,17.33,20.13,20.13,20.13,6.21,6.21,6.21
2020-02-04,13,17.59,20.13,20.13,20.13,4.11,4.11,4.11
2020-02-04,14,15.10,20.13,20.13,20.13,2.69,2.69,2.69
2020-02-04,15,15.29,20.13,20.13,20.13,1.36,0.45,0.45
2020-02-04,16,13.46,20.13,20.13,19.01,8.43,8.43,8.43
2020-02-04,17,15.49,20.13,20.13,20.13,15.65,15.65,6.13
2020-02-04,18,12.77,20.13,20.13,20.13,28.85,28.85,5.69
2020-02-04,19,13.35,20.13,20.13,20.56,30.10,30.10,4.04
2020-02-04,20,13.55,18.00,18.01,20.13,30.10,30.10,3.67
2020-02-04,21,15.13,17.50,17.72,18.71,8.19,8.19,3.69
2020-02-04,22,13.56,15.76,15.64,16.15,3.96,3.96,3.96
2020-02-04,23,8.26,13.50,13.75,15.96,1.88,1.17,1.17
2020-02-04,24,5.84,13.37,13.43,15.00,1.31,0.59,0.59
2020-02-05,1,0.00,13.25,13.25,14.00,0.66,0.20,0.20
2020-02-05,2,0.00,13.25,13.25,14.00,1.58,0.20,0.20
2020-02-05,3,0.00,13.30,13.30,14.00,1.58,0.20,0.20
2020-02-05,4,0.00,13.30,13.30,14.00,0.58,0.20,0.20
2020-02-05,5,2.72,13.30,13.32,15.00,0.58,0.20,0.20
2020-02-05,6,20.02,20.55,20.55,20.55,1.24,0.20,0.20
2020-02-05,7,21.42,24.10,24.06,21.04,1.29,0.31,0.31
2020-02-05,8,21.82,21.04,21.15,21.15,5.14,0.45,0.45
2020-02-05,9,21.01,21.45,21.02,21.15,1.23,0.45,0.45
2020-02-05,10,20.25,21.04,21.15,20.55,1.26,0.43,0.43
2020-02-05,11,20.03,20.55,21.04,21.15,1.32,0.20,0.20
2020-02-05,12,20.06,20.55,20.55,20.55,1.31,0.20,0.20
2020-02-05,13,20.06,20.55,20.55,20.55,1.31,0.45,0.45
2020-02-05,14,16.74,18.50,18.64,19.81,1.06,0.20,0.20
2020-02-05,15,19.92,19.96,19.97,19.97,0.44,0.44,0.44
2020-02-05,16,19.62,21.33,21.31,21.34,1.27,1.27,1.07
2020-02-05,17,21.12,21.74,21.45,21.51,2.17,2.17,0.46
2020-02-05,18,21.35,22.22,22.48,22.22,7.22,7.22,0.45
2020-02-05,19,22.21,25.25,22.22,29.58,8.05,8.05,0.45
2020-02-05,20,21.08,21.44,21.44,22.10,7.00,7.00,0.45
2020-02-05,21,20.90,21.28,21.15,21.15,7.09,7.09,0.45
2020-02-05,22,20.95,21.15,21.15,21.32,3.35,1.62,1.62
2020-02-05,23,19.73,21.04,21.04,21.04,1.30,0.42,0.42
2020-02-05,24,21.98,20.55,20.55,20.55,0.22,0.22,0.22
2020-02-06,1,22.31,20.79,20.79,20.79,0.20,0.20,0.20
2020-02-06,2,7.13,15.00,15.00,20.79,1.30,0.20,0.20
2020-02-06,3,6.88,15.00,15.00,17.88,1.29,0.20,0.20
2020-02-06,4,13.94,15.00,15.00,15.35,0.20,0.20,0.20
2020-02-06,5,4.43,15.00,15.00,20.79,0.20,0.20,0.20
2020-02-06,6,14.09,20.79,21.12,21.28,1.29,0.20,0.20
2020-02-06,7,12.72,20.79,20.79,21.62,1.27,1.27,1.27
2020-02-06,8,20.48,20.79,20.79,20.79,6.98,6.98,6.98
2020-02-06,9,20.07,20.79,20.79,21.12,6.99,6.99,6.98
2020-02-06,10,20.26,20.75,20.75,21.12,6.99,6.99,6.99
2020-02-06,11,20.25,20.68,20.79,20.79,3.09,3.09,3.09
2020-02-06,12,20.06,20.79,20.79,21.01,2.39,2.39,2.39
2020-02-06,13,22.60,20.79,20.79,20.79,2.96,2.96,2.96
2020-02-06,14,21.13,20.79,20.79,20.79,1.30,0.71,0.71
2020-02-06,15,20.40,20.79,20.79,20.79,1.31,1.22,1.21
2020-02-06,16,19.25,20.79,20.79,20.79,1.00,1.00,1.00
2020-02-06,17,19.95,20.79,20.79,20.79,5.63,5.63,1.35
2020-02-06,18,21.11,21.12,21.12,20.79,7.07,7.07,0.45
2020-02-06,19,21.18,21.43,21.12,22.28,7.12,7.12,0.45
2020-02-06,20,20.74,20.79,20.79,20.79,6.99,6.99,0.45
2020-02-06,21,20.30,20.79,20.79,20.79,6.99,6.99,0.45
2020-02-06,22,18.85,19.07,19.35,17.89,7.51,7.51,0.45
2020-02-06,23,17.01,15.91,15.72,19.05,5.75,0.28,0.28
2020-02-06,24,6.87,13.36,13.36,17.79,0.20,0.20,0.20
2020-02-07,1,17.63,20.75,20.75,20.75,1.00,0.17,0.17
2020-02-07,2,0.41,13.00,13.00,16.87,1.59,0.20,0.20
2020-02-07,3,6.80,13.00,13.00,13.37,1.58,0.20,0.20
2020-02-07,4,12.72,13.00,13.00,13.38,1.00,0.20,0.20
2020-02-07,5,0.00,13.00,13.00,13.35,1.00,0.20,0.20
2020-02-07,6,-0.21,13.00,13.00,15.33,1.32,0.20,0.20
2020-02-07,7,0.05,13.36,14.38,20.11,1.31,0.20,0.20
2020-02-07,8,4.84,13.00,13.00,20.09,6.09,0.45,0.45
2020-02-07,9,12.73,13.34,13.34,20.08,6.64,6.64,6.63
2020-02-07,10,13.92,13.34,13.02,16.81,10.08,0.45,0.45
2020-02-07,11,20.09,15.83,13.39,19.75,1.30,0.45,0.45
2020-02-07,12,20.08,20.07,20.07,18.87,1.30,1.30,1.30
2020-02-07,13,16.91,20.07,20.07,20.00,3.52,3.52,3.52
2020-02-07,14,13.35,18.82,18.82,20.09,1.31,1.31,1.31
2020-02-07,15,9.02,13.21,13.21,13.37,1.26,1.04,1.04
2020-02-07,16,9.95,13.02,13.34,20.11,0.64,0.64,0.64
2020-02-07,17,12.75,13.34,13.02,19.71,0.61,0.61,0.61
2020-02-07,18,18.15,19.43,17.50,18.63,15.21,15.21,1.64
2020-02-07,19,23.70,20.75,20.75,20.75,6.20,6.20,0.45
2020-02-07,20,18.73,21.82,20.76,20.75,9.03,9.03,0.45
2020-02-07,21,17.64,20.75,20.75,20.75,10.94,10.94,0.45
2020-02-07,22,18.21,20.75,20.75,20.75,1.30,1.30,0.45
2020-02-07,23,21.26,20.75,20.75,20.75,0.26,0.22,0.22
2020-02-07,24,16.17,17.79,16.83,20.10,0.20,0.20,0.20
2020-02-08,1,15.81,15.00,15.34,14.01,0.20,0.20,0.20
2020-02-08,2,14.29,13.36,13.36,15.49,1.29,0.16,0.16
2020-02-08,3,13.35,13.38,13.37,13.42,1.28,0.16,0.16
2020-02-08,4,13.33,13.35,13.35,13.27,0.20,0.16,0.16
2020-02-08,5,13.36,13.34,13.34,13.29,0.20,0.16,0.16
2020-02-08,6,13.98,17.97,17.97,13.37,1.27,0.20,0.20
2020-02-08,7,17.82,20.43,20.43,20.05,1.27,0.29,0.29
2020-02-08,8,20.02,17.55,17.55,15.39,1.27,0.45,0.45
2020-02-08,9,20.02,20.44,17.71,19.23,7.05,0.45,0.45
2020-02-08,10,24.84,20.45,20.44,17.71,12.57,5.42,5.42
2020-02-08,11,75.56,20.81,20.81,20.81,60.57,30.10,30.00
2020-02-08,12,24.44,20.81,20.81,20.81,13.47,2.18,2.18
2020-02-08,13,25.45,22.56,21.76,20.81,5.13,0.24,0.24
2020-02-08,14,20.97,20.81,20.81,20.94,0.50,0.19,0.19
2020-02-08,15,20.73,20.81,20.81,21.10,0.23,0.18,0.17
2020-02-08,16,19.58,20.48,19.27,20.82,0.26,0.20,0.20
2020-02-08,17,18.59,20.46,20.45,21.61,1.05,0.20,0.20
2020-02-08,18,19.64,18.92,19.23,20.45,6.23,6.23,0.62
2020-02-08,19,21.19,20.48,20.49,21.40,3.65,3.65,0.45
2020-02-08,20,18.19,20.05,19.23,20.46,2.52,2.52,2.52
2020-02-08,21,17.82,20.45,20.45,20.45,0.32,0.32,0.32
2020-02-08,22,20.11,20.46,20.52,21.20,0.16,0.16,0.16
2020-02-08,23,19.17,20.49,20.46,21.45,0.20,0.14,0.14
2020-02-08,24,17.91,17.73,17.75,20.51,0.17,0.15,0.15
2020-02-09,1,20.62,16.95,16.79,18.42,0.20,0.19,0.19
2020-02-09,2,16.75,15.08,15.30,17.56,1.14,0.19,0.19
2020-02-09,3,13.68,17.01,17.01,17.24,1.01,0.20,0.20
2020-02-09,4,13.54,17.12,16.47,18.01,1.00,0.20,0.20
2020-02-09,5,14.62,16.83,16.82,18.69,1.01,0.20,0.20
2020-02-09,6,21.25,16.47,15.69,18.94,1.31,0.20,0.20
2020-02-09,7,20.27,20.29,20.25,20.51,1.03,0.20,0.20
2020-02-09,8,20.37,20.75,20.22,21.04,1.01,0.20,0.20
2020-02-09,9,19.78,20.22,20.30,21.16,1.01,0.29,0.29
2020-02-09,10,23.39,20.32,20.32,20.22,1.30,0.44,0.44
2020-02-09,11,22.18,20.48,20.22,21.16,1.20,0.34,0.34
2020-02-09,12,19.89,20.14,19.39,20.14,1.30,0.20,0.20
2020-02-09,13,14.69,18.66,18.56,18.67,1.31,0.20,0.20
2020-02-09,14,14.38,18.50,15.08,15.08,1.30,1.16,1.16
2020-02-09,15,13.36,13.38,14.76,16.56,0.46,0.45,0.45
2020-02-09,16,16.18,14.70,14.93,20.44,1.03,0.35,0.35
2020-02-09,17,13.38,16.66,15.56,16.89,10.52,0.45,0.45
2020-02-09,18,13.35,20.44,18.56,17.26,10.54,10.54,6.98
2020-02-09,19,11.49,28.42,23.88,21.26,11.47,11.47,6.98
2020-02-09,20,13.35,19.10,20.45,20.45,10.54,10.54,6.98
2020-02-09,21,11.50,14.00,14.00,17.40,4.84,4.84,4.84
2020-02-09,22,10.91,13.47,14.56,17.35,1.31,0.21,0.21
2020-02-09,23,9.24,13.25,13.25,13.26,1.31,0.20,0.20
2020-02-09,24,8.20,13.25,13.25,13.25,1.01,0.19,0.19
2020-02-10,1,6.96,13.25,13.25,13.25,1.30,0.20,0.20
2020-02-10,2,0.00,5.85,13.00,5.85,1.32,0.20,0.20
2020-02-10,3,3.56,4.80,4.80,12.26,1.30,0.20,0.20
2020-02-10,4,2.94,0.01,0.50,5.16,1.01,0.20,0.20
2020-02-10,5,1.74,5.59,0.69,4.64,1.01,0.20,0.20
2020-02-10,6,7.70,20.45,20.45,20.48,1.30,0.20,0.20
2020-02-10,7,16.28,21.25,21.25,21.16,1.28,0.20,0.20
2020-02-10,8,24.92,21.25,21.25,21.25,8.60,3.25,2.55
2020-02-10,9,52.09,21.25,21.25,21.25,26.68,23.05,16.33
2020-02-10,10,51.43,21.16,20.54,21.25,31.28,27.01,26.94
2020-02-10,11,20.21,20.44,20.44,21.25,7.08,0.20,0.20
2020-02-10,12,17.42,20.44,18.74,21.25,1.30,0.20,0.10
2020-02-10,13,17.08,17.36,17.63,20.46,1.30,0.20,0.20
2020-02-10,14,17.16,15.56,15.56,17.51,1.30,0.20,0.18
2020-02-10,15,18.41,17.36,17.36,20.25,1.30,0.18,0.17
2020-02-10,16,20.39,20.53,20.53,21.55,1.54,0.20,0.19
2020-02-10,17,21.32,21.25,21.25,21.55,3.41,0.45,0.45
2020-02-10,18,21.23,20.94,20.92,21.25,7.05,7.05,0.45
2020-02-10,19,20.40,20.94,20.48,21.25,7.23,7.23,0.45
2020-02-10,20,20.25,20.45,20.45,21.25,15.00,15.00,0.45
2020-02-10,21,29.70,21.16,21.16,21.15,12.58,12.58,7.35
2020-02-10,22,20.23,20.45,20.45,21.25,1.31,0.45,0.45
2020-02-10,23,17.65,19.16,19.00,20.26,1.31,0.20,0.18
2020-02-10,24,14.63,14.50,15.90,17.29,0.27,0.27,0.27
2020-02-11,1,15.41,14.50,14.50,17.00,0.20,0.20,0.20
2020-02-11,2,15.01,13.50,13.50,16.00,1.30,0.20,0.20
2020-02-11,3,13.35,14.02,13.50,16.33,0.96,0.16,0.16
2020-02-11,4,13.35,13.50,13.50,16.22,0.20,0.16,0.16
2020-02-11,5,13.34,14.50,14.50,17.74,0.20,0.16,0.16
2020-02-11,6,13.39,21.25,23.88,21.25,1.22,0.20,0.20
2020-02-11,7,18.38,24.41,24.24,24.02,1.12,0.41,0.41
2020-02-11,8,21.14,21.25,21.27,21.46,1.44,1.44,1.44
2020-02-11,9,20.73,20.71,20.73,21.25,0.77,0.77,0.45
2020-02-11,10,20.65,19.85,19.84,19.95,0.65,0.53,0.53
2020-02-11,11,20.39,19.89,19.75,20.56,0.89,0.81,0.81
2020-02-11,12,16.41,19.94,19.07,20.59,3.70,3.59,2.95
2020-02-11,13,14.28,17.78,18.86,19.88,1.30,0.45,0.45
2020-02-11,14,13.85,17.38,17.42,19.80,1.29,0.20,0.20
2020-02-11,15,19.20,13.35,13.38,17.65,0.22,0.22,0.22
2020-02-11,16,10.88,14.00,14.00,21.25,0.20,0.20,0.20
2020-02-11,17,6.33,20.50,15.00,23.30,0.45,0.45,0.45
2020-02-11,18,12.43,21.25,21.25,21.25,14.32,14.32,0.81
2020-02-11,19,13.73,21.46,22.08,26.47,13.02,13.02,1.09
2020-02-11,20,8.20,21.45,21.25,22.08,27.71,27.71,2.60
2020-02-11,21,7.62,21.25,25.12,21.46,30.10,30.10,18.42
2020-02-11,22,12.78,21.25,21.25,21.50,5.23,5.23,5.23
2020-02-11,23,10.87,14.50,17.16,21.25,1.30,0.20,0.20
2020-02-11,24,5.78,13.33,13.33,15.00,1.26,0.20,0.20
2020-02-12,1,13.35,13.25,13.25,13.25,1.26,0.20,0.20
2020-02-12,2,6.40,5.72,5.85,11.11,1.57,0.20,0.20
2020-02-12,3,5.79,5.85,5.56,6.49,1.28,0.20,0.20
2020-02-12,4,5.54,5.83,5.55,4.78,1.00,0.20,0.20
2020-02-12,5,2.02,5.78,6.73,12.00,0.93,0.20,0.20
2020-02-12,6,7.75,15.11,15.11,18.63,1.25,0.20,0.20
2020-02-12,7,15.59,19.87,19.73,20.44,0.98,0.45,0.45
2020-02-12,8,18.71,19.11,19.56,17.00,4.02,4.02,2.66
2020-02-12,9,14.05,17.85,17.44,16.90,15.57,15.57,14.51
2020-02-12,10,9.65,14.36,13.86,15.14,21.35,21.35,20.69
2020-02-12,11,5.69,13.00,13.50,14.38,21.73,21.73,21.61
2020-02-12,12,0.39,13.30,13.30,18.74,8.29,8.29,8.29
2020-02-12,13,1.53,6.53,13.00,14.38,7.86,7.86,7.86
2020-02-12,14,11.68,11.43,13.00,14.20,3.52,3.52,3.52
2020-02-12,15,3.43,13.00,13.00,18.94,1.31,0.88,0.88
2020-02-12,16,4.18,13.00,17.47,20.44,1.30,1.30,1.30
2020-02-12,17,12.99,14.85,17.46,22.04,2.53,2.53,2.53
2020-02-12,18,102.41,14.90,15.11,13.35,96.87,96.87,43.64
2020-02-12,19,40.70,27.26,23.12,27.26,36.07,36.07,23.09
2020-02-12,20,15.98,16.12,14.69,24.54,30.10,30.10,6.48
2020-02-12,21,38.85,20.44,20.44,25.62,30.10,30.10,17.41
2020-02-12,22,17.15,15.12,16.17,24.09,3.21,3.21,3.21
2020-02-12,23,5.17,13.38,13.35,13.37,1.07,0.45,0.45
2020-02-12,24,10.23,13.22,13.35,15.11,0.92,0.45,0.45
2020-02-13,1,34.35,13.11,13.12,13.39,1.00,0.23,0.23
2020-02-13,2,13.36,13.01,13.01,13.02,1.58,0.20,0.20
2020-02-13,3,12.72,13.12,13.11,13.11,1.57,0.20,0.20
2020-02-13,4,6.48,13.01,13.01,13.01,1.01,0.20,0.20
2020-02-13,5,14.57,13.12,13.12,13.12,1.04,0.20,0.20
2020-02-13,6,20.50,20.33,20.31,20.31,1.56,0.20,0.20
2020-02-13,7,20.41,21.31,21.31,21.27,1.13,0.45,0.45
2020-02-13,8,19.86,20.46,20.46,20.46,7.66,7.66,7.66
2020-02-13,9,20.54,20.46,20.46,20.34,7.56,7.56,7.55
2020-02-13,10,20.91,20.46,20.46,20.46,7.17,7.17,7.17
2020-02-13,11,20.33,20.46,20.46,20.46,7.43,7.43,7.43
2020-02-13,12,20.32,20.46,20.46,20.46,1.29,1.29,1.29
2020-02-13,13,20.32,20.46,20.46,20.46,0.65,0.65,0.65
2020-02-13,14,18.30,20.46,20.46,20.46,1.20,0.45,0.45
2020-02-13,15,19.13,20.46,20.46,20.46,1.17,0.45,0.45
2020-02-13,16,20.44,20.46,20.46,20.46,1.18,0.28,0.28
2020-02-13,17,19.31,20.46,20.46,20.46,3.26,0.45,0.45
2020-02-13,18,17.58,19.97,18.91,20.44,12.91,12.91,0.84
2020-02-13,19,20.40,20.46,20.54,20.46,7.01,7.01,0.45
2020-02-13,20,20.36,20.46,20.46,20.54,7.02,7.02,0.45
2020-02-13,21,20.60,20.43,20.46,20.46,4.49,4.49,0.45
2020-02-13,22,20.30,18.25,18.25,20.44,0.20,0.20,0.20
2020-02-13,23,16.12,15.40,15.40,20.32,0.20,0.20,0.20
2020-02-13,24,13.74,14.38,14.34,17.20,0.20,0.20,0.20
2020-02-14,1,14.65,13.35,13.36,16.00,0.19,0.19,0.19
2020-02-14,2,14.82,13.34,13.35,13.38,0.20,0.20,0.20
2020-02-14,3,15.91,16.00,13.35,13.37,0.20,0.20,0.20
2020-02-14,4,15.92,13.37,13.37,13.35,0.20,0.20,0.20
2020-02-14,5,15.93,13.39,13.39,16.00,0.20,0.20,0.20
2020-02-14,6,20.25,21.80,21.48,21.48,0.20,0.20,0.20
2020-02-14,7,20.59,27.76,27.76,21.48,6.30,0.45,0.45
2020-02-14,8,34.43,32.40,32.40,27.08,30.10,30.10,14.72
2020-02-14,9,21.31,21.48,21.48,21.48,30.10,30.10,3.92
2020-02-14,10,57.97,22.63,22.33,21.94,36.54,34.53,33.95
2020-02-14,11,22.71,23.08,22.63,22.15,0.56,0.56,0.56
2020-02-14,12,21.43,22.20,21.48,21.48,0.45,0.45,0.45
2020-02-14,13,19.42,21.17,21.17,21.48,0.45,0.45,0.45
2020-02-14,14,20.45,21.17,21.17,21.17,0.45,0.45,0.45
2020-02-14,15,19.48,20.00,20.00,21.17,0.37,0.37,0.37
2020-02-14,16,18.23,21.17,21.17,21.17,0.43,0.43,0.43
2020-02-14,17,18.46,21.21,21.02,21.02,0.75,0.75,0.58
2020-02-14,18,21.10,22.00,21.48,19.85,5.63,5.63,0.45
2020-02-14,19,21.91,26.22,28.56,21.48,7.42,7.42,0.45
2020-02-14,20,20.10,21.48,21.48,22.63,6.44,6.44,0.45
2020-02-14,21,20.12,22.22,21.69,22.26,1.87,1.87,0.45
2020-02-14,22,20.31,22.85,26.38,22.60,0.82,0.82,0.45
2020-02-14,23,18.41,21.48,21.48,21.48,0.20,0.20,0.17
2020-02-14,24,18.14,18.30,18.35,20.00,0.19,0.19,0.16
2020-02-15,1,21.37,22.01,21.84,21.03,0.16,0.16,0.16
2020-02-15,2,19.41,20.05,21.25,21.18,0.16,0.16,0.16
2020-02-15,3,18.79,18.00,19.97,20.03,1.23,0.16,0.16
2020-02-15,4,15.53,18.00,17.89,19.98,0.29,0.16,0.16
2020-02-15,5,13.35,15.25,15.65,15.12,0.49,0.16,0.16
2020-02-15,6,8.87,17.00,17.00,20.10,1.28,0.15,0.15
2020-02-15,7,9.73,16.00,16.77,20.19,1.32,0.17,0.17
2020-02-15,8,13.35,16.00,16.00,18.72,1.31,0.45,0.45
2020-02-15,9,13.58,18.48,19.09,18.72,1.32,0.45,0.45
2020-02-15,10,11.50,13.50,13.39,18.77,1.33,0.45,0.45
2020-02-15,11,2.29,13.38,13.35,18.00,1.35,0.45,0.45
2020-02-15,12,0.00,13.26,13.33,13.32,1.35,0.20,0.20
2020-02-15,13,5.07,13.34,13.35,13.26,1.34,0.20,0.20
2020-02-15,14,13.33,13.39,13.39,13.26,1.34,0.20,0.20
2020-02-15,15,9.60,13.26,13.27,13.26,1.34,0.20,0.20
2020-02-15,16,6.98,13.27,13.33,13.26,1.34,0.20,0.20
2020-02-15,17,3.45,13.27,13.27,15.30,1.34,0.45,0.45
2020-02-15,18,9.49,13.27,13.27,13.36,23.87,23.87,16.64
2020-02-15,19,5.85,13.33,13.31,16.86,25.29,25.29,20.18
2020-02-15,20,5.30,13.27,13.27,13.27,21.60,21.60,20.06
2020-02-15,21,7.74,13.26,13.27,15.30,1.34,0.45,0.45
2020-02-15,22,8.99,13.26,13.26,13.27,1.34,0.43,0.43
2020-02-15,23,8.49,13.25,13.25,13.25,1.34,0.20,0.20
2020-02-15,24,5.28,6.00,7.00,5.72,1.24,0.20,0.20
2020-02-16,1,0.00,0.01,0.01,4.00,1.26,0.15,0.15
2020-02-16,2,0.00,0.00,0.00,0.00,1.60,0.15,0.15
2020-02-16,3,0.49,0.01,0.01,0.00,1.33,0.15,0.15
2020-02-16,4,10.83,0.00,0.01,0.01,1.24,0.15,0.15
2020-02-16,5,8.27,5.83,2.39,0.01,1.33,0.15,0.15
2020-02-16,6,13.24,13.00,13.00,1.00,1.59,0.15,0.15
2020-02-16,7,14.92,13.00,13.00,13.32,1.64,0.15,0.15
2020-02-16,8,13.34,13.01,13.01,10.46,1.59,0.15,0.15
2020-02-16,9,13.06,13.39,13.34,17.88,1.32,0.20,0.20
2020-02-16,10,14.52,13.52,13.75,15.00,1.59,0.20,0.20
2020-02-16,11,5.16,17.88,14.00,19.04,1.32,0.20,0.20
2020-02-16,12,6.50,19.03,19.04,15.66,1.32,0.20,0.20
2020-02-16,13,10.64,13.39,18.59,18.56,1.32,0.18,0.18
2020-02-16,14,5.80,13.33,15.30,15.30,4.75,0.15,0.15
2020-02-16,15,12.71,15.30,15.30,15.30,4.75,0.15,0.15
2020-02-16,16,12.09,18.56,18.85,18.74,1.30,0.15,0.15
2020-02-16,17,12.48,17.65,18.28,19.55,16.99,0.20,0.20
2020-02-16,18,16.87,18.12,18.18,20.50,4.15,4.15,4.15
2020-02-16,19,16.75,18.33,16.66,19.52,9.39,9.39,1.56
2020-02-16,20,15.10,16.52,16.52,18.33,11.43,11.43,2.61
2020-02-16,21,15.70,17.17,16.91,20.36,5.28,5.28,5.24
2020-02-16,22,17.99,15.00,17.48,18.33,1.21,1.12,1.12
2020-02-16,23,30.86,18.00,19.00,18.29,2.96,1.99,1.99
2020-02-16,24,13.35,15.00,15.00,15.00,1.19,0.20,0.20
2020-02-17,1,24.48,18.65,19.01,20.75,1.25,0.19,0.19
2020-02-17,2,12.73,13.32,13.34,18.58,1.58,0.16,0.16
2020-02-17,3,13.33,13.35,13.33,13.37,1.31,0.16,0.16
2020-02-17,4,5.60,13.02,13.02,17.25,1.58,0.15,0.15
2020-02-17,5,14.79,18.01,18.02,19.99,1.30,0.14,0.14
2020-02-17,6,16.85,18.67,18.67,18.01,1.58,0.15,0.15
2020-02-17,7,20.01,20.03,19.99,19.97,1.58,0.20,0.20
2020-02-17,8,19.03,19.99,19.98,20.75,1.53,0.45,0.45
2020-02-17,9,13.34,17.50,19.97,17.00,1.30,0.45,0.45
2020-02-17,10,19.81,19.99,20.03,19.49,1.56,0.45,0.45
2020-02-17,11,19.98,20.75,20.75,20.75,1.56,0.20,0.20
2020-02-17,12,19.99,20.75,20.75,20.75,1.56,0.20,0.20
2020-02-17,13,19.47,20.75,20.75,20.75,0.38,0.20,0.20
2020-02-17,14,13.95,15.51,15.74,20.66,1.57,0.20,0.20
2020-02-17,15,8.48,13.39,14.49,18.50,1.30,0.20,0.20
2020-02-17,16,6.87,13.38,14.26,18.28,27.33,0.20,0.20
2020-02-17,17,13.91,20.75,20.75,20.79,9.05,9.05,3.64
2020-02-17,18,17.29,22.27,22.27,22.27,30.10,30.10,1.66
2020-02-17,19,17.31,20.75,22.27,22.27,30.10,30.10,1.47
2020-02-17,20,15.14,22.17,20.75,21.00,17.65,17.65,4.67
2020-02-17,21,12.06,20.75,20.75,21.00,0.45,0.45,0.45
2020-02-17,22,13.13,22.12,22.88,20.75,5.00,0.39,0.39
2020-02-17,23,7.04,20.75,20.75,20.75,1.32,0.20,0.20
2020-02-17,24,1.27,13.01,13.34,13.02,0.20,0.20,0.20
2020-02-18,1,0.00,13.01,13.01,13.01,0.74,0.20,0.20
2020-02-18,2,4.72,5.85,12.99,12.99,1.31,0.20,0.20
2020-02-18,3,0.00,5.16,5.16,13.00,1.30,0.20,0.20
2020-02-18,4,0.00,5.10,5.10,1.00,0.77,0.20,0.20
2020-02-18,5,1.39,12.95,12.95,13.00,0.77,0.20,0.20
2020-02-18,6,14.70,14.00,14.00,15.33,1.30,0.20,0.20
2020-02-18,7,5.64,21.90,16.00,18.12,1.29,0.20,0.20
2020-02-18,8,3.30,95.20,16.00,17.65,26.48,26.48,21.15
2020-02-18,9,11.50,15.00,15.90,16.00,24.00,24.00,21.15
2020-02-18,10,69.51,13.37,15.00,18.82,44.39,30.10,29.17
2020-02-18,11,15.65,13.00,13.00,18.12,6.17,6.17,6.17
2020-02-18,12,10.24,13.00,13.00,18.61,4.75,0.45,0.45
2020-02-18,13,7.09,13.00,13.00,13.39,1.30,0.45,0.45
2020-02-18,14,3.40,13.00,13.00,13.35,1.58,0.45,0.45
2020-02-18,15,0.00,13.00,13.00,18.72,1.58,0.43,0.43
2020-02-18,16,16.39,5.98,13.00,16.10,6.16,6.16,6.16
2020-02-18,17,15.32,13.00,13.00,17.23,9.81,9.81,9.81
2020-02-18,18,15.00,13.00,13.00,15.92,27.28,27.28,27.28
2020-02-18,19,13.07,13.00,13.00,16.51,24.96,24.96,24.96
2020-02-18,20,13.36,13.00,13.00,20.00,30.00,30.00,30.00
2020-02-18,21,10.84,13.00,13.00,18.11,17.72,17.72,16.76
2020-02-18,22,15.08,15.33,15.30,18.76,3.67,0.45,0.45
2020-02-18,23,16.80,17.50,16.60,15.30,1.19,0.20,0.20
2020-02-18,24,5.92,13.36,13.33,13.32,1.26,0.20,0.20
2020-02-19,1,1.73,12.95,13.00,13.01,0.76,0.20,0.20
2020-02-19,2,2.30,12.95,12.95,13.01,1.56,0.20,0.20
2020-02-19,3,13.37,10.47,11.66,12.88,1.56,0.20,0.20
2020-02-19,4,13.44,5.92,5.78,5.00,0.79,0.20,0.20
2020-02-19,5,0.00,13.00,9.77,6.00,0.39,0.20,0.20
2020-02-19,6,0.00,13.02,13.32,13.36,1.26,0.20,0.20
2020-02-19,7,7.58,20.75,20.76,20.75,1.21,0.20,0.20
2020-02-19,8,19.37,20.85,20.86,20.75,1.57,0.20,0.20
2020-02-19,9,19.51,20.81,20.91,20.75,1.17,0.20,0.20
2020-02-19,10,15.28,20.75,20.73,20.75,4.82,0.20,0.20
2020-02-19,11,17.78,20.75,20.75,20.98,4.20,0.20,0.20
2020-02-19,12,19.77,20.61,20.75,21.09,1.20,0.20,0.20
2020-02-19,13,18.74,20.75,20.70,21.02,1.29,0.20,0.20
2020-02-19,14,2.84,15.01,15.18,20.75,1.30,0.32,0.32
2020-02-19,15,5.36,16.00,15.26,18.90,1.30,0.20,0.20
2020-02-19,16,7.83,20.26,20.75,20.80,3.06,3.06,2.53
2020-02-19,17,16.15,21.85,21.70,23.65,2.66,2.66,0.30
2020-02-19,18,18.75,21.14,21.14,22.66,5.36,5.36,0.37
2020-02-19,19,22.00,22.12,22.13,27.53,2.76,2.76,0.45
2020-02-19,20,21.78,22.13,22.12,22.13,0.98,0.98,0.45
2020-02-19,21,20.83,21.79,21.79,22.13,0.45,0.45,0.45
2020-02-19,22,19.94,21.06,21.05,21.59,0.30,0.26,0.26
2020-02-19,23,16.36,19.46,19.23,18.97,0.25,0.16,0.16
2020-02-19,24,13.26,18.55,18.56,19.46,0.19,0.16,0.16
2020-02-20,1,14.97,18.11,18.14,21.39,0.20,0.15,0.15
2020-02-20,2,13.35,16.01,16.02,18.21,0.20,0.15,0.15
2020-02-20,3,12.17,15.01,15.01,15.43,0.33,0.15,0.15
2020-02-20,4,15.82,15.01,15.01,18.00,0.20,0.16,0.16
2020-02-20,5,14.12,15.01,15.02,19.93,0.20,0.16,0.16
2020-02-20,6,20.68,22.24,22.23,22.23,0.20,0.16,0.16
2020-02-20,7,25.14,27.89,22.94,22.91,1.33,0.27,0.27
2020-02-20,8,22.27,36.36,26.98,22.94,18.25,5.38,5.38
2020-02-20,9,22.21,30.48,30.48,22.34,7.18,7.18,0.45
2020-02-20,10,21.54,21.96,21.96,21.96,7.34,7.34,0.45
2020-02-20,11,21.42,21.96,21.96,21.96,5.98,5.98,5.98
2020-02-20,12,22.80,21.96,21.96,22.94,2.65,0.22,0.22
2020-02-20,13,23.48,21.96,21.93,21.96,0.20,0.20,0.20
2020-02-20,14,21.61,21.42,21.42,21.96,0.20,0.20,0.20
2020-02-20,15,17.25,14.01,13.34,15.12,0.20,0.20,0.18
2020-02-20,16,17.44,16.44,14.09,16.41,3.27,3.27,3.27
2020-02-20,17,19.25,21.04,20.54,22.02,1.74,1.74,1.74
2020-02-20,18,21.92,21.96,21.96,22.20,4.31,4.31,4.31
2020-02-20,19,23.22,23.48,23.47,22.94,4.88,4.88,4.88
2020-02-20,20,23.10,23.48,23.48,23.48,4.68,4.68,4.68
2020-02-20,21,23.27,23.48,23.82,23.83,1.92,1.92,1.92
2020-02-20,22,25.03,29.84,29.77,22.34,3.24,3.23,3.23
2020-02-20,23,21.86,22.34,22.34,22.77,0.20,0.20,0.20
2020-02-20,24,17.32,18.88,18.62,20.68,0.20,0.19,0.18
2020-02-21,1,14.69,16.88,16.67,18.75,0.20,0.20,0.20
2020-02-21,2,16.24,16.00,16.01,16.02,3.78,0.20,0.20
2020-02-21,3,13.37,16.01,16.01,16.01,4.75,0.20,0.20
2020-02-21,4,12.96,13.50,13.36,15.01,0.20,0.20,0.20
2020-02-21,5,13.87,14.39,16.45,13.34,0.20,0.20,0.20
2020-02-21,6,15.26,22.27,22.27,20.83,0.45,0.45,0.45
2020-02-21,7,15.75,22.27,22.27,20.83,20.80,20.80,20.80
2020-02-21,8,21.21,29.97,29.77,25.52,5.32,5.32,5.32
2020-02-21,9,17.92,20.02,19.23,21.85,7.48,7.48,7.48
2020-02-21,10,9.33,13.58,17.27,21.15,17.82,17.82,17.82
2020-02-21,11,11.94,17.28,17.22,13.75,9.43,9.43,9.43
2020-02-21,12,0.00,14.50,13.85,16.19,4.75,4.75,4.75
2020-02-21,13,0.00,13.39,16.19,13.50,1.31,1.31,1.31
2020-02-21,14,0.00,6.00,13.50,13.50,1.00,0.45,0.45
2020-02-21,15,0.00,1.00,6.00,7.77,4.75,4.75,4.75
2020-02-21,16,0.00,12.58,13.25,13.25,7.53,7.53,7.53
2020-02-21,17,0.00,9.43,13.25,13.25,21.60,21.60,21.60
2020-02-21,18,2.08,13.25,13.35,13.39,21.49,21.49,21.49
2020-02-21,19,5.88,13.30,13.30,14.00,21.15,21.15,21.15
2020-02-21,20,2.32,13.30,13.30,13.50,19.87,19.87,19.87
2020-02-21,21,2.22,13.30,13.30,13.38,13.10,13.10,13.10
2020-02-21,22,4.24,13.35,13.35,13.35,12.78,12.78,12.78
2020-02-21,23,12.07,13.50,13.50,13.50,1.31,0.20,0.20
2020-02-21,24,5.18,13.00,13.00,16.19,0.20,0.16,0.16
2020-02-22,1,2.28,6.00,10.01,14.36,0.38,0.16,0.16
2020-02-22,2,2.91,0.01,0.01,4.85,0.94,0.16,0.16
2020-02-22,3,3.94,0.01,0.01,0.01,1.04,0.16,0.16
2020-02-22,4,0.00,0.01,0.01,0.01,0.41,0.16,0.16
2020-02-22,5,0.00,0.01,0.01,0.01,0.41,0.16,0.16
2020-02-22,6,0.00,0.30,5.59,5.74,0.41,0.20,0.20
2020-02-22,7,0.47,13.30,5.92,13.30,0.38,0.20,0.20
2020-02-22,8,3.71,14.38,14.37,13.75,1.24,0.20,0.20
2020-02-22,9,0.00,13.00,13.00,14.35,1.28,0.40,0.40
2020-02-22,10,0.00,13.25,13.30,13.00,0.20,0.20,0.20
2020-02-22,11,4.73,13.25,13.25,13.25,0.20,0.20,0.20
2020-02-22,12,5.69,5.88,5.92,13.25,0.20,0.20,0.20
2020-02-22,13,4.94,6.00,6.00,0.00,0.20,0.20,0.20
2020-02-22,14,0.00,5.74,0.01,0.00,0.20,0.20,0.20
2020-02-22,15,0.00,0.00,1.00,0.00,0.20,0.20,0.20
2020-02-22,16,0.00,0.00,1.00,0.00,0.20,0.20,0.20
2020-02-22,17,1.39,13.25,13.25,13.25,0.20,0.20,0.20
2020-02-22,18,0.94,13.34,13.36,13.35,0.45,0.45,0.45
2020-02-22,19,1.63,13.35,13.35,13.37,4.75,4.75,4.75
2020-02-22,20,4.31,13.35,13.35,13.35,21.15,21.15,21.15
2020-02-22,21,1.87,13.25,13.30,13.30,8.46,8.46,8.46
2020-02-22,22,4.37,13.00,13.00,13.00,2.20,0.20,0.20
2020-02-22,23,3.42,13.00,13.00,13.00,0.20,0.20,0.20
2020-02-22,24,0.48,5.80,5.92,10.56,0.15,0.15,0.15
2020-02-23,1,1.77,5.88,5.92,13.25,0.13,0.13,0.13
2020-02-23,2,2.46,5.16,5.75,5.88,0.12,0.12,0.12
2020-02-23,3,0.00,0.01,0.01,4.78,0.12,0.12,0.12
2020-02-23,4,5.76,0.01,0.01,5.83,0.12,0.12,0.12
2020-02-23,5,0.79,4.97,4.22,5.93,0.12,0.12,0.12
2020-02-23,6,5.12,12.29,9.14,7.80,0.13,0.13,0.13
2020-02-23,7,5.34,13.00,13.00,13.00,0.14,0.14,0.14
2020-02-23,8,4.85,13.00,13.00,13.00,1.28,0.20,0.20
2020-02-23,9,0.00,13.25,13.25,13.25,1.28,0.41,0.41
2020-02-23,10,0.00,13.25,13.25,11.64,0.13,0.13,0.13
2020-02-23,11,0.00,5.96,13.25,6.10,0.20,0.20,0.20
2020-02-23,12,0.00,6.10,8.56,13.25,0.20,0.20,0.20
2020-02-23,13,3.77,6.10,8.66,5.74,0.17,0.17,0.17
2020-02-23,14,0.00,5.88,5.74,1.00,0.19,0.19,0.19
2020-02-23,15,0.00,2.00,5.00,1.00,0.16,0.16,0.16
2020-02-23,16,0.00,5.85,5.95,5.96,0.20,0.20,0.20
2020-02-23,17,0.00,6.27,6.33,13.25,0.20,0.20,0.20
2020-02-23,18,0.00,13.25,13.25,13.25,7.52,7.52,7.52
2020-02-23,19,0.00,13.25,13.25,13.34,7.53,7.52,7.52
2020-02-23,20,2.38,13.01,13.25,13.25,7.53,7.52,7.52
2020-02-23,21,1.92,5.86,7.00,9.03,7.53,0.45,0.45
2020-02-23,22,3.35,5.95,5.96,5.96,0.20,0.20,0.20
2020-02-23,23,2.36,5.96,5.95,5.92,0.20,0.20,0.20
2020-02-23,24,0.00,0.01,0.01,0.00,0.16,0.16,0.16
2020-02-24,1,0.00,0.00,0.01,0.00,0.65,0.16,0.16
2020-02-24,2,0.00,0.00,0.00,0.00,1.54,0.16,0.16
2020-02-24,3,0.00,0.00,0.00,0.00,1.54,0.16,0.16
2020-02-24,4,0.00,0.00,0.00,0.01,0.62,0.16,0.16
2020-02-24,5,0.00,0.01,0.01,4.79,0.67,0.20,0.20
2020-02-24,6,1.95,13.00,13.00,13.35,0.41,0.41,0.41
2020-02-24,7,14.82,20.19,20.20,20.23,0.70,0.66,0.66
2020-02-24,8,18.80,20.19,20.19,20.19,21.99,21.99,1.46
2020-02-24,9,19.86,19.48,19.70,20.90,8.59,8.59,6.60
2020-02-24,10,19.41,16.00,16.00,19.03,9.29,9.29,8.28
2020-02-24,11,17.76,15.50,15.50,18.75,7.00,0.45,0.45
2020-02-24,12,16.90,15.05,15.51,19.22,8.87,0.29,0.29
2020-02-24,13,15.86,18.00,15.48,16.26,1.27,0.20,0.20
2020-02-24,14,16.17,14.41,14.00,15.10,1.28,0.21,0.21
2020-02-24,15,21.29,13.33,13.25,13.25,0.40,0.33,0.33
2020-02-24,16,21.25,20.44,14.56,15.48,0.27,0.27,0.27
2020-02-24,17,20.58,21.35,21.28,20.28,2.34,2.34,0.50
2020-02-24,18,21.17,21.35,21.34,21.56,3.77,3.77,0.51
2020-02-24,19,21.76,21.35,21.42,21.97,7.40,7.40,0.46
2020-02-24,20,21.37,21.35,21.35,21.71,7.01,7.01,0.52
2020-02-24,21,20.37,20.56,20.56,20.62,5.47,5.47,0.45
2020-02-24,22,25.07,20.25,20.20,20.15,3.01,3.01,3.01
2020-02-24,23,16.82,18.45,18.45,20.24,0.20,0.20,0.20
2020-02-24,24,14.52,14.55,13.39,19.04,0.20,0.20,0.20
2020-02-25,1,8.29,13.36,13.35,18.54,0.20,0.20,0.20
2020-02-25,2,4.18,13.31,13.31,15.58,1.55,0.16,0.16
2020-02-25,3,3.81,13.31,13.31,14.40,1.26,0.16,0.16
2020-02-25,4,2.58,13.00,13.00,13.35,0.38,0.20,0.20
2020-02-25,5,0.00,13.31,13.31,13.31,0.38,0.20,0.20
2020-02-25,6,0.00,13.36,13.35,15.58,0.20,0.20,0.20
2020-02-25,7,14.44,19.90,19.89,20.40,0.21,0.21,0.21
2020-02-25,8,20.15,20.93,21.01,20.27,1.13,0.42,0.42
2020-02-25,9,20.00,19.94,19.93,22.52,1.01,0.45,0.45
2020-02-25,10,19.79,19.88,19.88,20.24,1.20,0.45,0.45
2020-02-25,11,19.90,19.50,16.56,19.90,1.28,0.45,0.45
2020-02-25,12,19.93,19.91,19.88,18.59,1.28,0.45,0.45
2020-02-25,13,19.89,19.13,19.88,19.89,1.28,0.20,0.20
2020-02-25,14,19.89,15.47,15.23,19.88,1.27,0.20,0.20
2020-02-25,15,12.80,13.22,13.22,13.74,0.40,0.40,0.40
2020-02-25,16,11.28,13.35,13.11,11.16,0.20,0.20,0.20
2020-02-25,17,12.06,15.23,16.32,19.98,3.82,0.45,0.45
2020-02-25,18,13.60,15.59,15.60,21.60,4.75,4.75,4.75
2020-02-25,19,21.53,21.76,21.76,21.61,1.60,0.66,0.66
2020-02-25,20,21.18,21.76,21.76,21.76,2.35,1.00,1.00
2020-02-25,21,13.36,14.22,15.23,21.01,0.22,0.22,0.22
2020-02-25,22,17.57,17.15,17.12,17.85,0.27,0.27,0.27
2020-02-25,23,5.19,13.00,13.34,17.58,0.20,0.20,0.20
2020-02-25,24,2.73,5.96,13.31,13.35,0.20,0.20,0.20
