\\Hourly Zonal Demand Report,,,,,,,,,,,,,,
\\Created at 2020-02-22 08:00:22,,,,,,,,,,,,,,
\\For 2020,,,,,,,,,,,,,,
Date,Hour,Ontario Demand,Northwest,Northeast,Ottawa,East,Toronto,Essa,Bruce,Southwest,Niagara,West,Zone Total,Diff
2020-01-01,1,13219,523,1200,914,847,4718,902,64,2564,399,1290,13419,200
2020-01-01,2,12895,518,1190,887,826,4571,869,60,2504,384,1273,13082,187
2020-01-01,3,12554,519,1201,865,803,4443,839,60,2404,373,1260,12768,214
2020-01-01,4,12360,519,1183,852,789,4356,825,59,2406,361,1241,12591,231
2020-01-01,5,12353,520,1194,852,809,4317,826,60,2403,360,1244,12586,232
2020-01-01,6,12458,517,1171,870,829,4343,845,64,2417,368,1260,12684,226
2020-01-01,7,12729,526,1175,902,852,4437,875,66,2491,382,1306,13012,283
2020-01-01,8,13180,542,1135,921,912,4519,900,68,2518,395,1363,13274,94
2020-01-01,9,13406,543,1149,940,951,4563,922,72,2633,405,1378,13556,151
2020-01-01,10,13765,552,1162,975,990,4705,959,75,2703,424,1366,13910,145
2020-01-01,11,14078,558,1168,1001,1010,4899,988,74,2807,448,1307,14259,181
2020-01-01,12,14373,562,1163,1023,1002,5074,978,71,2916,460,1248,14497,125
2020-01-01,13,14495,560,1178,1043,992,5222,984,72,2816,470,1225,14562,67
2020-01-01,14,14513,555,1173,1041,966,5263,1014,73,2838,476,1209,14608,95
2020-01-01,15,14690,552,1217,1033,986,5242,1040,70,2860,463,1247,14709,19
2020-01-01,16,14753,549,1232,1025,1017,5224,1060,72,2917,456,1344,14895,142
2020-01-01,17,15490,588,1278,1096,1088,5360,1124,76,3079,469,1484,15642,152
2020-01-01,18,16324,596,1289,1158,1121,5768,1212,76,3238,503,1564,16525,200
2020-01-01,19,16208,594,1276,1127,1116,5787,1192,69,3187,494,1545,16387,178
2020-01-01,20,15911,587,1255,1096,1092,5691,1156,63,3130,482,1493,16045,134
2020-01-01,21,15535,582,1268,1068,1032,5583,1121,62,3085,469,1443,15714,179
2020-01-01,22,15222,578,1268,1043,998,5419,1068,57,2984,451,1414,15280,57
2020-01-01,23,14426,574,1269,989,956,5182,992,57,2839,424,1345,14629,203
2020-01-01,24,13698,560,1231,925,897,4889,920,58,2651,396,1286,13813,114
2020-01-02,1,12996,544,1190,879,840,4641,869,55,2521,377,1260,13176,180
2020-01-02,2,12662,535,1168,852,816,4464,831,54,2476,394,1249,12839,177
2020-01-02,3,12435,536,1160,839,810,4348,818,53,2421,369,1253,12606,171
2020-01-02,4,12365,539,1149,836,820,4301,813,53,2438,375,1254,12579,214
2020-01-02,5,12481,535,1188,854,811,4326,822,53,2491,369,1266,12716,235
2020-01-02,6,12940,542,1148,897,849,4511,858,54,2599,383,1306,13147,208
2020-01-02,7,13999,561,1138,982,922,4891,927,58,2810,410,1402,14100,102
2020-01-02,8,15238,579,1199,1047,1021,5341,1003,62,3121,446,1513,15332,95
2020-01-02,9,15655,586,1270,1078,1042,5571,1038,64,3190,459,1560,15859,204
2020-01-02,10,15819,605,1278,1094,995,5689,1046,66,3175,453,1574,15976,157
2020-01-02,11,15839,554,1311,1096,922,5750,980,63,3239,454,1556,15925,86
2020-01-02,12,15846,547,1315,1098,840,5924,914,64,3230,453,1497,15882,35
2020-01-02,13,15685,539,1345,1085,878,5942,954,65,3203,460,1436,15906,221
2020-01-02,14,15926,536,1347,1066,920,5960,991,59,3242,477,1412,16010,84
2020-01-02,15,15932,531,1363,1074,970,5917,1013,60,3171,475,1455,16029,97
2020-01-02,16,16048,549,1330,1103,1034,5891,1043,62,3251,481,1545,16289,241
2020-01-02,17,16846,578,1370,1166,1119,6071,1113,63,3396,491,1603,16969,124
2020-01-02,18,17621,584,1364,1229,1178,6327,1194,64,3560,516,1635,17649,29
2020-01-02,19,17331,592,1361,1198,1152,6258,1175,61,3517,510,1636,17460,130
2020-01-02,20,17099,623,1387,1169,1111,6137,1155,59,3444,500,1606,17193,93
2020-01-02,21,16784,620,1382,1133,1069,5993,1125,59,3374,489,1579,16823,39
2020-01-02,22,16005,602,1346,1108,1023,5758,1062,58,3219,466,1540,16182,177
2020-01-02,23,15145,588,1321,1028,980,5417,984,57,3046,437,1460,15320,176
2020-01-02,24,14154,581,1267,942,892,5039,898,58,2859,400,1376,14313,159
2020-01-03,1,13369,561,1248,885,813,4729,835,55,2722,376,1332,13556,188
2020-01-03,2,12976,556,1214,847,811,4516,796,52,2577,362,1338,13069,93
2020-01-03,3,12588,550,1212,844,795,4381,770,55,2502,359,1345,12814,226
2020-01-03,4,12570,556,1210,834,792,4316,761,55,2574,351,1328,12777,207
2020-01-03,5,12759,556,1243,834,832,4339,771,59,2627,363,1350,12973,214
2020-01-03,6,13419,551,1221,884,874,4513,808,61,2697,381,1425,13414,-5
2020-01-03,7,14323,558,1217,942,922,4873,889,68,2836,406,1527,14239,-84
2020-01-03,8,15321,544,1277,1012,939,5302,976,76,3068,442,1655,15291,-30
2020-01-03,9,15941,572,1267,1070,973,5555,1021,79,3208,464,1721,15930,-11
2020-01-03,10,16053,583,1261,1065,960,5704,1043,80,3280,484,1743,16203,151
2020-01-03,11,16339,554,1268,1063,950,5834,1042,81,3347,493,1770,16402,63
2020-01-03,12,16358,576,1279,1076,958,5919,1029,81,3343,507,1762,16530,172
2020-01-03,13,16684,578,1311,1088,975,5967,1005,79,3353,508,1767,16634,-50
2020-01-03,14,16744,578,1299,1085,967,5975,1013,79,3384,504,1782,16664,-79
2020-01-03,15,16516,575,1306,1092,961,5908,1033,81,3383,503,1779,16620,104
2020-01-03,16,16491,575,1309,1102,1012,5877,1054,82,3382,495,1768,16657,165
2020-01-03,17,16991,577,1370,1154,1081,6008,1118,83,3396,509,1791,17087,96
2020-01-03,18,17675,586,1393,1188,1136,6228,1196,86,3538,532,1789,17671,-4
2020-01-03,19,17228,590,1384,1173,1109,6163,1184,84,3486,524,1732,17429,201
2020-01-03,20,16918,620,1349,1146,1099,6047,1171,82,3435,509,1696,17155,237
2020-01-03,21,16669,611,1338,1103,1076,5926,1151,82,3352,500,1675,16814,145
2020-01-03,22,16091,603,1306,1053,1025,5723,1100,103,3206,485,1631,16235,143
2020-01-03,23,15254,590,1301,1001,969,5427,1025,78,3039,457,1549,15437,183
2020-01-03,24,14304,575,1243,939,905,5057,936,76,2869,420,1475,14496,192
2020-01-04,1,13670,556,1202,885,859,4755,863,70,2749,407,1449,13796,126
2020-01-04,2,13237,550,1212,851,832,4547,819,69,2628,388,1424,13321,84
2020-01-04,3,12942,546,1221,825,825,4405,794,69,2605,381,1402,13072,130
2020-01-04,4,12814,538,1216,802,824,4338,785,69,2573,383,1399,12926,112
2020-01-04,5,12814,536,1225,819,825,4357,791,69,2564,387,1405,12978,164
2020-01-04,6,13030,531,1190,845,846,4463,809,73,2643,406,1420,13227,197
2020-01-04,7,13623,511,1231,888,900,4662,855,78,2729,420,1461,13734,111
2020-01-04,8,14289,485,1259,936,990,4898,927,82,2847,447,1544,14416,127
2020-01-04,9,14854,524,1306,989,1042,5095,987,83,2937,468,1596,15028,174
2020-01-04,10,15432,558,1333,1038,1054,5332,1037,82,3051,492,1642,15618,186
2020-01-04,11,15880,573,1310,1073,1052,5529,1058,78,3128,509,1671,15978,98
2020-01-04,12,16125,583,1296,1077,1043,5693,1059,77,3159,527,1722,16236,111
2020-01-04,13,16131,588,1307,1063,1024,5759,1060,77,3144,526,1742,16288,158
2020-01-04,14,16123,585,1278,1064,1023,5758,1052,71,3182,525,1734,16272,149
2020-01-04,15,16082,579,1293,1060,1031,5717,1052,71,3152,516,1709,16181,99
2020-01-04,16,16139,572,1328,1101,1053,5725,1071,74,3160,523,1697,16305,166
2020-01-04,17,16640,575,1391,1143,1128,5854,1133,76,3264,537,1685,16787,147
2020-01-04,18,17273,597,1402,1186,1193,6074,1218,78,3417,551,1666,17382,109
2020-01-04,19,16885,593,1371,1159,1159,6032,1192,77,3377,537,1637,17132,248
2020-01-04,20,16579,595,1365,1125,1122,5908,1147,70,3316,517,1621,16786,207
2020-01-04,21,16251,589,1352,1088,1086,5777,1114,69,3239,502,1573,16389,138
2020-01-04,22,15788,584,1349,1050,1051,5604,1064,66,3131,485,1494,15877,89
2020-01-04,23,15023,600,1335,992,997,5348,996,65,2949,456,1450,15190,167
2020-01-04,24,14213,579,1282,929,934,5055,927,61,2820,430,1386,14402,189
2020-01-05,1,13678,570,1251,880,885,4788,875,55,2697,407,1342,13750,72
2020-01-05,2,13156,554,1230,861,856,4577,839,53,2566,420,1315,13272,116
2020-01-05,3,12831,547,1240,842,842,4436,820,55,2486,422,1300,12991,160
2020-01-05,4,12827,547,1271,848,844,4353,812,52,2507,417,1311,12963,136
2020-01-05,5,12822,541,1268,851,854,4331,813,58,2474,417,1320,12928,106
2020-01-05,6,12994,541,1245,872,884,4372,836,63,2534,397,1344,13089,95
2020-01-05,7,13468,537,1286,900,917,4516,894,74,2644,409,1390,13567,99
2020-01-05,8,13991,553,1289,945,967,4696,958,75,2703,432,1462,14079,88
2020-01-05,9,14406,569,1325,1002,995,4854,996,76,2780,447,1504,14549,143
2020-01-05,10,14727,593,1314,1042,935,5059,999,82,2853,466,1498,14841,114
2020-01-05,11,14913,602,1331,1071,876,5206,975,84,2969,473,1457,15044,131
2020-01-05,12,14979,608,1314,1084,814,5364,969,78,3029,495,1470,15226,247
2020-01-05,13,15208,608,1319,1083,755,5535,1013,73,3055,493,1511,15447,239
2020-01-05,14,15412,612,1318,1070,757,5603,1052,77,3119,492,1551,15652,240
2020-01-05,15,15750,609,1321,1075,873,5654,1050,82,3113,501,1567,15844,95
2020-01-05,16,15992,585,1355,1113,1002,5706,1062,81,3141,505,1585,16135,143
2020-01-05,17,16846,599,1389,1207,1157,5954,1196,83,3294,522,1664,17064,218
2020-01-05,18,17885,612,1434,1294,1259,6246,1283,86,3515,533,1684,17946,60
2020-01-05,19,17617,612,1415,1271,1236,6251,1258,79,3465,530,1632,17749,131
2020-01-05,20,17288,607,1414,1242,1203,6172,1213,72,3413,513,1577,17425,137
2020-01-05,21,16853,598,1405,1224,1172,6028,1166,66,3289,496,1540,16983,130
2020-01-05,22,16207,595,1393,1170,1119,5806,1097,66,3124,474,1484,16327,120
2020-01-05,23,15354,576,1385,1091,1049,5496,1016,67,2913,448,1431,15472,118
2020-01-05,24,14477,556,1377,1027,982,5147,934,59,2817,421,1375,14695,218
2020-01-06,1,13928,543,1359,991,941,4853,883,52,2724,400,1338,14083,155
2020-01-06,2,13629,550,1340,959,924,4665,861,51,2668,393,1348,13759,130
2020-01-06,3,13484,557,1318,955,920,4549,849,51,2622,391,1347,13560,76
2020-01-06,4,13454,564,1310,967,923,4519,835,50,2648,394,1313,13523,69
2020-01-06,5,13602,557,1308,990,943,4589,854,51,2659,397,1325,13673,71
2020-01-06,6,14206,559,1298,1052,981,4853,896,54,2751,416,1400,14261,55
2020-01-06,7,15539,572,1336,1169,1067,5330,1003,61,3030,440,1526,15534,-5
2020-01-06,8,16992,537,1380,1264,1129,5981,1113,64,3302,494,1691,16955,-36
2020-01-06,9,17125,559,1358,1288,1136,6080,1127,66,3355,506,1706,17180,55
2020-01-06,10,17055,553,1279,1270,1109,6220,1122,65,3378,513,1623,17133,78
2020-01-06,11,16949,539,1279,1271,1073,6312,1119,65,3406,510,1556,17130,180
2020-01-06,12,16846,535,1264,1263,1048,6363,1108,54,3350,510,1494,16988,142
2020-01-06,13,16738,522,1275,1228,1033,6382,1098,51,3321,500,1431,16842,103
2020-01-06,14,16548,520,1269,1241,1018,6372,1078,59,3271,499,1405,16733,184
2020-01-06,15,16419,512,1290,1223,1033,6298,1089,66,3231,491,1411,16642,223
2020-01-06,16,16723,511,1312,1237,1077,6319,1132,69,3298,499,1482,16936,213
2020-01-06,17,17668,535,1403,1308,1167,6513,1194,68,3419,522,1620,17749,81
2020-01-06,18,18680,583,1444,1387,1236,6789,1285,70,3621,555,1709,18679,-2
2020-01-06,19,18368,594,1423,1346,1210,6789,1272,69,3591,549,1696,18540,172
2020-01-06,20,18196,626,1416,1323,1192,6687,1249,68,3544,532,1668,18306,110
2020-01-06,21,17817,632,1406,1288,1148,6484,1207,65,3506,516,1652,17904,87
2020-01-06,22,17122,623,1374,1226,1088,6214,1145,64,3383,496,1637,17249,127
2020-01-06,23,16078,610,1315,1129,995,5815,1053,60,3201,461,1578,16217,139
2020-01-06,24,14881,588,1224,1050,936,5376,967,62,2975,433,1501,15112,231
2020-01-07,1,14347,582,1193,977,906,5065,910,60,2845,414,1485,14437,90
2020-01-07,2,14010,578,1163,960,888,4889,887,60,2778,407,1479,14090,80
2020-01-07,3,13781,571,1169,928,885,4796,871,63,2714,403,1488,13889,107
2020-01-07,4,13867,572,1190,935,884,4755,867,67,2786,403,1494,13952,85
2020-01-07,5,14074,569,1174,948,897,4819,879,70,2794,403,1529,14082,8
2020-01-07,6,14606,563,1176,1000,949,5052,945,72,2878,426,1569,14629,22
2020-01-07,7,15931,580,1243,1121,1025,5555,1047,76,3144,467,1678,15935,5
2020-01-07,8,17335,590,1320,1211,1100,6136,1164,79,3448,516,1823,17387,51
2020-01-07,9,17547,619,1321,1196,1095,6307,1181,79,3493,527,1853,17670,123
2020-01-07,10,17363,619,1319,1166,1029,6404,1163,76,3462,523,1770,17531,169
2020-01-07,11,17155,617,1322,1106,994,6439,1148,76,3419,523,1677,17320,165
2020-01-07,12,16869,609,1293,1079,933,6416,1118,76,3331,530,1626,17012,143
2020-01-07,13,16508,601,1253,1065,901,6346,1077,64,3213,521,1600,16642,134
2020-01-07,14,16333,592,1242,1094,937,6308,1027,72,3217,506,1576,16572,238
2020-01-07,15,16439,593,1273,1124,981,6285,1004,76,3271,502,1603,16711,272
2020-01-07,16,16715,600,1301,1141,1035,6236,1057,83,3284,503,1701,16942,227
2020-01-07,17,17399,608,1356,1234,1134,6363,1159,79,3444,523,1744,17645,246
2020-01-07,18,18266,626,1408,1310,1213,6717,1252,70,3619,548,1751,18514,248
2020-01-07,19,18118,639,1423,1243,1207,6683,1227,63,3608,541,1697,18330,212
2020-01-07,20,18010,670,1442,1257,1194,6571,1210,60,3608,527,1712,18254,243
2020-01-07,21,17686,677,1399,1217,1169,6409,1180,57,3531,513,1690,17843,158
2020-01-07,22,16970,661,1354,1153,1106,6151,1125,56,3425,495,1633,17159,189
2020-01-07,23,16024,648,1314,1067,1012,5767,1035,58,3226,467,1553,16146,122
2020-01-07,24,14916,633,1310,982,938,5349,937,52,3005,425,1448,15078,162
2020-01-08,1,14222,624,1262,936,903,5034,891,51,2897,417,1388,14403,181
2020-01-08,2,13877,613,1289,884,871,4870,861,55,2820,418,1378,14060,182
2020-01-08,3,13682,602,1296,895,874,4765,842,57,2729,418,1386,13863,181
2020-01-08,4,13733,599,1295,895,882,4791,842,50,2708,412,1388,13864,131
2020-01-08,5,13914,606,1329,935,889,4847,856,51,2733,404,1388,14039,125
2020-01-08,6,14500,603,1330,966,940,5071,913,55,2871,416,1434,14601,101
2020-01-08,7,15743,624,1310,1079,1018,5582,1029,63,3114,457,1545,15821,78
2020-01-08,8,17297,639,1362,1166,1089,6148,1142,66,3451,516,1723,17303,6
2020-01-08,9,17549,668,1397,1151,1083,6310,1172,68,3490,527,1774,17639,90
2020-01-08,10,17465,659,1398,1157,1026,6367,1154,70,3438,518,1768,17555,89
2020-01-08,11,17360,641,1406,1155,959,6491,1137,71,3454,520,1725,17560,200
2020-01-08,12,17291,631,1415,1143,864,6527,1144,71,3443,529,1723,17491,199
2020-01-08,13,17134,626,1451,1130,804,6482,1112,70,3436,539,1685,17335,201
2020-01-08,14,17035,578,1431,1151,792,6515,1098,69,3443,543,1700,17321,286
2020-01-08,15,17162,568,1446,1155,876,6520,1126,75,3399,540,1715,17419,257
2020-01-08,16,17606,566,1466,1208,1014,6604,1191,71,3418,551,1757,17846,240
2020-01-08,17,18465,590,1536,1281,1189,6770,1281,73,3591,562,1845,18718,253
2020-01-08,18,19597,607,1550,1393,1304,7083,1387,75,3803,588,1923,19713,116
2020-01-08,19,19786,632,1570,1367,1302,7107,1390,74,3812,589,1916,19759,-27
2020-01-08,20,19688,637,1616,1335,1305,7016,1392,75,3788,586,1912,19661,-27
2020-01-08,21,19503,637,1620,1289,1266,6846,1360,79,3731,556,1889,19273,-229
2020-01-08,22,18598,632,1591,1229,1208,6559,1301,81,3545,537,1821,18504,-93
2020-01-08,23,17607,631,1545,1155,1150,6177,1229,82,3423,510,1758,17661,54
2020-01-08,24,16503,614,1485,1096,1094,5751,1147,80,3222,467,1668,16624,122
2020-01-09,1,15786,616,1458,1051,1062,5431,1091,77,3091,449,1624,15950,164
2020-01-09,2,15456,618,1412,1026,1052,5223,1066,73,3033,439,1616,15558,102
2020-01-09,3,15165,614,1403,1021,1054,5112,1061,74,2955,435,1607,15336,171
2020-01-09,4,15115,607,1389,1031,1063,5077,1066,71,2978,434,1603,15320,205
2020-01-09,5,15348,607,1409,1057,1094,5122,1090,74,2999,435,1601,15487,139
2020-01-09,6,15751,588,1417,1116,1153,5325,1141,77,3081,452,1607,15958,207
2020-01-09,7,16969,600,1471,1233,1248,5830,1241,80,3341,492,1661,17197,228
2020-01-09,8,18288,595,1526,1334,1324,6411,1338,79,3589,539,1768,18504,216
2020-01-09,9,18448,608,1548,1314,1227,6570,1338,79,3606,550,1781,18622,174
2020-01-09,10,17980,605,1537,1246,1018,6686,1311,74,3524,541,1727,18270,290
2020-01-09,11,17776,605,1525,1213,898,6780,1233,69,3520,539,1704,18086,310
2020-01-09,12,17618,611,1514,1179,841,6792,1202,66,3477,535,1707,17925,307
2020-01-09,13,17638,608,1516,1187,961,6725,1204,64,3463,530,1691,17950,312
2020-01-09,14,17858,601,1464,1220,1042,6690,1215,64,3454,531,1693,17973,115
2020-01-09,15,17896,602,1467,1223,1087,6632,1226,65,3496,544,1741,18083,187
2020-01-09,16,18289,597,1498,1263,1173,6652,1255,67,3533,558,1742,18337,48
2020-01-09,17,18887,597,1570,1354,1305,6796,1314,67,3636,566,1776,18981,93
2020-01-09,18,19758,604,1589,1424,1373,7101,1389,69,3793,591,1783,19717,-41
2020-01-09,19,19587,611,1582,1389,1357,7055,1367,66,3756,586,1742,19511,-76
2020-01-09,20,19294,651,1592,1387,1345,6882,1346,64,3694,578,1701,19241,-53
2020-01-09,21,18842,645,1583,1369,1306,6698,1313,61,3610,554,1662,18802,-40
2020-01-09,22,17985,629,1534,1318,1226,6413,1233,59,3480,526,1584,18002,17
2020-01-09,23,16785,615,1495,1189,1142,5985,1125,54,3268,487,1489,16850,65
2020-01-09,24,15603,596,1451,1118,1065,5564,1024,53,3038,447,1407,15762,159
2020-01-10,1,14871,591,1417,1045,1020,5199,955,49,2850,414,1358,14898,28
2020-01-10,2,14289,579,1371,1009,991,4968,909,49,2719,401,1334,14330,41
2020-01-10,3,13879,579,1367,998,968,4830,879,48,2677,394,1319,14059,181
2020-01-10,4,13714,556,1333,1006,933,4775,859,49,2653,392,1330,13886,173
2020-01-10,5,13789,543,1233,1020,935,4800,863,49,2671,399,1365,13877,88
2020-01-10,6,14350,543,1255,1056,986,4980,894,49,2871,412,1420,14465,114
2020-01-10,7,15546,551,1283,1174,1050,5456,987,55,3062,454,1525,15597,52
2020-01-10,8,16947,584,1332,1268,1111,6044,1088,59,3380,504,1667,17037,90
2020-01-10,9,17492,616,1343,1269,1126,6256,1114,59,3499,512,1732,17525,34
2020-01-10,10,17355,600,1356,1265,1114,6353,1103,59,3477,520,1741,17586,231
2020-01-10,11,17425,587,1378,1257,1081,6456,1094,59,3436,522,1755,17625,199
2020-01-10,12,17529,598,1368,1242,1069,6507,1082,64,3447,525,1766,17668,139
2020-01-10,13,17451,593,1362,1221,1057,6478,1068,70,3493,524,1747,17612,161
2020-01-10,14,17486,569,1346,1197,1059,6469,1070,72,3450,525,1750,17506,20
2020-01-10,15,17396,563,1346,1187,1059,6407,1079,77,3449,518,1756,17442,46
2020-01-10,16,17520,569,1327,1183,1095,6352,1087,85,3462,528,1755,17442,-78
2020-01-10,17,17951,573,1377,1222,1150,6451,1140,90,3548,533,1787,17872,-79
2020-01-10,18,18297,583,1387,1251,1178,6567,1197,92,3573,539,1768,18135,-162
2020-01-10,19,17691,591,1376,1225,1146,6478,1177,88,3492,531,1716,17821,130
2020-01-10,20,17317,593,1386,1206,1135,6343,1157,85,3456,516,1663,17539,222
2020-01-10,21,16996,593,1461,1171,1104,6163,1132,84,3397,501,1624,17229,233
2020-01-10,22,16443,596,1435,1117,1046,5925,1083,81,3250,482,1592,16608,166
2020-01-10,23,15623,582,1409,1037,988,5563,1002,78,3084,457,1518,15719,96
2020-01-10,24,14421,565,1377,976,928,5196,899,75,2854,425,1375,14670,249
2020-01-11,1,13665,557,1352,916,886,4864,830,68,2682,402,1283,13841,175
2020-01-11,2,13151,575,1308,885,851,4654,786,66,2581,382,1245,13333,182
2020-01-11,3,12932,588,1305,875,845,4509,764,64,2505,399,1221,13074,143
2020-01-11,4,12680,589,1296,880,844,4406,747,62,2476,411,1203,12913,234
2020-01-11,5,12642,592,1311,857,840,4402,754,58,2442,405,1191,12852,210
2020-01-11,6,12836,596,1310,879,848,4436,765,54,2480,412,1190,12972,136
2020-01-11,7,13526,605,1327,926,870,4576,812,69,2601,428,1257,13471,-54
2020-01-11,8,14171,617,1352,966,921,4807,890,72,2736,431,1356,14147,-24
2020-01-11,9,14770,649,1431,1038,963,4997,953,63,2849,450,1527,14918,148
2020-01-11,10,15641,680,1472,1112,993,5329,1018,66,3050,466,1639,15826,185
2020-01-11,11,16397,681,1495,1132,1034,5622,1077,72,3154,497,1650,16413,16
2020-01-11,12,16638,675,1483,1146,1073,5747,1122,78,3218,507,1620,16669,31
2020-01-11,13,16955,665,1478,1178,1068,5868,1160,79,3348,515,1634,16993,38
2020-01-11,14,17318,653,1434,1166,1066,6016,1180,82,3461,521,1634,17213,-105
2020-01-11,15,17352,644,1446,1160,1083,5987,1177,83,3432,527,1611,17150,-202
2020-01-11,16,17160,647,1448,1181,1090,5943,1185,84,3428,519,1607,17133,-27
2020-01-11,17,17613,660,1498,1215,1146,6086,1227,85,3501,525,1671,17614,1
2020-01-11,18,18052,673,1527,1246,1198,6257,1281,87,3579,529,1644,18020,-32
2020-01-11,19,17561,672,1519,1205,1156,6192,1245,83,3492,519,1591,17674,114
2020-01-11,20,17039,655,1511,1154,1100,6025,1195,80,3374,514,1556,17165,125
2020-01-11,21,16771,641,1494,1117,1069,5886,1160,80,3306,496,1537,16787,16
2020-01-11,22,16237,638,1474,1071,1020,5672,1116,79,3200,481,1523,16274,37
2020-01-11,23,15427,631,1470,1019,964,5429,1053,76,2979,458,1451,15531,104
2020-01-11,24,14601,613,1438,964,922,5144,988,73,2874,429,1374,14819,218
2020-01-12,1,14042,603,1408,919,887,4918,939,72,2720,409,1357,14230,189
2020-01-12,2,13671,599,1337,882,873,4724,905,68,2704,399,1349,13840,170
2020-01-12,3,13474,591,1331,877,893,4601,888,68,2669,401,1339,13659,185
2020-01-12,4,13440,585,1330,878,912,4532,882,69,2661,391,1329,13569,128
2020-01-12,5,13387,584,1306,883,913,4529,886,72,2666,386,1318,13542,155
2020-01-12,6,13709,586,1324,903,946,4603,917,78,2696,411,1362,13826,117
2020-01-12,7,14288,595,1333,944,974,4786,970,85,2777,420,1431,14316,28
2020-01-12,8,14948,606,1375,993,1030,5015,1033,99,2902,433,1506,14992,44
2020-01-12,9,15583,620,1419,1044,1099,5186,1094,104,2998,458,1577,15599,15
2020-01-12,10,16179,631,1433,1087,1134,5488,1137,107,3130,481,1622,16250,71
2020-01-12,11,16759,645,1432,1125,1152,5712,1161,109,3213,498,1626,16674,-86
2020-01-12,12,16970,639,1420,1157,1166,5830,1177,107,3238,515,1632,16882,-88
2020-01-12,13,17134,629,1401,1171,1163,5902,1192,106,3280,523,1680,17046,-87
2020-01-12,14,16996,612,1384,1157,1150,5906,1191,105,3264,521,1702,16993,-3
2020-01-12,15,17032,621,1399,1167,1146,5909,1193,106,3246,531,1720,17037,6
2020-01-12,16,17278,621,1407,1175,1187,5948,1210,108,3337,541,1748,17282,4
2020-01-12,17,17983,628,1518,1244,1257,6109,1277,111,3454,553,1817,17969,-15
2020-01-12,18,19012,646,1564,1337,1346,6473,1376,116,3613,580,1832,18884,-128
2020-01-12,19,18687,659,1561,1316,1314,6475,1346,111,3577,566,1787,18711,25
2020-01-12,20,18112,651,1555,1272,1271,6333,1306,108,3477,542,1753,18267,155
2020-01-12,21,17642,644,1559,1231,1224,6181,1264,108,3383,527,1725,17845,203
2020-01-12,22,17063,632,1516,1167,1167,6010,1203,105,3275,508,1679,17263,201
2020-01-12,23,16240,610,1525,1082,1101,5704,1117,103,3109,480,1606,16436,196
2020-01-12,24,15448,580,1465,1002,1031,5342,1031,101,2956,447,1552,15507,59
2020-01-13,1,14740,534,1439,954,994,5058,982,99,2825,437,1509,14830,90
2020-01-13,2,14359,529,1436,933,974,4920,954,98,2782,424,1483,14533,174
2020-01-13,3,14339,527,1439,925,972,4835,944,98,2755,419,1488,14402,63
2020-01-13,4,14488,522,1416,923,981,4801,941,97,2724,421,1478,14304,-184
2020-01-13,5,14462,525,1390,946,992,4813,956,96,2821,418,1490,14447,-15
2020-01-13,6,15178,572,1406,996,1040,5107,1010,100,2948,436,1548,15164,-14
2020-01-13,7,16554,583,1433,1116,1134,5635,1134,107,3177,476,1652,16448,-106
2020-01-13,8,17968,609,1520,1225,1225,6257,1213,112,3462,526,1794,17943,-25
2020-01-13,9,18421,644,1548,1252,1249,6433,1239,114,3544,541,1832,18397,-23
2020-01-13,10,18480,639,1518,1248,1233,6537,1239,111,3552,546,1810,18433,-47
2020-01-13,11,18391,597,1502,1251,1212,6608,1223,110,3528,549,1803,18383,-8
2020-01-13,12,18249,591,1463,1261,1200,6637,1207,99,3533,555,1785,18330,82
2020-01-13,13,18132,586,1449,1256,1190,6603,1187,99,3524,559,1764,18217,84
2020-01-13,14,18049,588,1423,1261,1184,6584,1174,106,3555,554,1762,18191,142
2020-01-13,15,18005,572,1435,1261,1180,6559,1172,104,3522,550,1781,18138,133
2020-01-13,16,18108,563,1438,1266,1199,6593,1175,104,3505,553,1817,18213,105
2020-01-13,17,18642,558,1501,1325,1260,6690,1221,109,3578,560,1872,18673,31
2020-01-13,18,19271,575,1511,1381,1323,6909,1296,111,3735,581,1879,19300,29
2020-01-13,19,19041,595,1517,1368,1293,6860,1279,109,3712,568,1846,19148,107
2020-01-13,20,18771,635,1515,1333,1287,6729,1256,108,3665,557,1819,18904,133
2020-01-13,21,18349,617,1517,1291,1269,6515,1226,106,3631,543,1790,18504,156
2020-01-13,22,17631,601,1485,1200,1204,6285,1164,102,3471,519,1730,17760,129
2020-01-13,23,16486,580,1455,1106,1104,5897,1078,101,3253,485,1640,16699,213
2020-01-13,24,15353,557,1389,1036,1014,5486,991,98,3055,446,1559,15631,278
2020-01-14,1,14611,536,1326,965,969,5110,936,95,2914,425,1498,14775,164
2020-01-14,2,14013,539,1302,943,955,4865,905,94,2835,415,1473,14325,312
2020-01-14,3,13792,541,1303,914,951,4750,887,94,2771,409,1446,14067,274
2020-01-14,4,13749,539,1283,931,951,4726,885,93,2752,434,1439,14033,284
2020-01-14,5,14068,548,1317,954,969,4793,900,94,2738,442,1448,14201,133
2020-01-14,6,14668,550,1291,1011,1013,5034,949,95,2890,443,1488,14764,95
2020-01-14,7,15920,571,1397,1120,1118,5512,1050,105,3166,477,1591,16109,189
2020-01-14,8,17457,604,1476,1223,1186,6110,1158,111,3468,521,1730,17588,131
2020-01-14,9,17751,611,1487,1211,1192,6288,1180,110,3493,533,1742,17846,95
2020-01-14,10,17680,604,1466,1229,1174,6443,1181,106,3453,528,1738,17923,243
2020-01-14,11,18022,602,1455,1246,1172,6540,1180,104,3465,520,1797,18081,59
2020-01-14,12,18070,598,1419,1220,1158,6589,1169,104,3531,523,1793,18104,34
2020-01-14,13,17884,592,1403,1217,1146,6586,1173,110,3510,530,1732,18000,116
2020-01-14,14,17809,596,1400,1238,1160,6576,1166,105,3514,517,1719,17991,182
2020-01-14,15,17716,592,1400,1207,1172,6532,1160,82,3511,516,1726,17897,181
2020-01-14,16,17905,592,1432,1235,1200,6532,1161,84,3519,526,1743,18023,117
2020-01-14,17,18392,597,1499,1312,1258,6673,1209,79,3624,531,1774,18557,165
2020-01-14,18,19128,614,1524,1372,1324,6838,1277,80,3764,548,1780,19121,-7
2020-01-14,19,18766,621,1517,1343,1304,6779,1259,75,3708,532,1750,18887,121
2020-01-14,20,18361,611,1503,1302,1282,6661,1244,70,3646,522,1730,18571,210
2020-01-14,21,17992,618,1490,1264,1249,6502,1207,65,3592,511,1707,18205,213
2020-01-14,22,17376,610,1450,1194,1183,6247,1151,61,3451,492,1665,17503,127
2020-01-14,23,16401,586,1409,1111,1103,5831,1055,60,3260,458,1579,16453,52
2020-01-14,24,15098,563,1355,1019,1026,5415,962,57,3018,433,1499,15347,249
2020-01-15,1,14319,548,1308,983,980,5101,907,57,2847,420,1474,14626,307
2020-01-15,2,14114,549,1280,950,946,4885,872,55,2848,429,1476,14290,176
2020-01-15,3,13952,546,1274,921,936,4772,852,55,2771,425,1455,14007,56
2020-01-15,4,13742,535,1259,939,925,4718,842,58,2704,428,1463,13871,129
2020-01-15,5,13900,521,1255,936,938,4763,859,66,2739,427,1508,14013,113
2020-01-15,6,14569,522,1255,996,983,4979,905,71,2859,419,1568,14558,-11
2020-01-15,7,15852,550,1311,1100,1068,5423,1004,79,3114,455,1688,15793,-59
2020-01-15,8,17223,585,1364,1191,1138,6030,1109,84,3407,505,1831,17245,22
2020-01-15,9,17405,559,1371,1209,1151,6165,1124,84,3508,519,1851,17542,137
2020-01-15,10,17378,562,1366,1188,1131,6247,1115,84,3531,526,1783,17532,154
2020-01-15,11,17460,567,1376,1194,1101,6343,1111,82,3565,538,1697,17576,116
2020-01-15,12,17284,560,1354,1167,1091,6434,1106,84,3536,532,1629,17494,210
2020-01-15,13,17361,555,1376,1164,1072,6434,1099,83,3489,528,1639,17440,79
2020-01-15,14,17128,556,1363,1173,1078,6369,1099,86,3445,529,1615,17313,185
2020-01-15,15,17157,552,1367,1176,1092,6382,1098,84,3474,513,1657,17395,239
2020-01-15,16,17428,556,1379,1177,1110,6392,1102,85,3475,518,1697,17492,64
2020-01-15,17,17933,561,1422,1234,1179,6503,1153,85,3538,531,1813,18020,86
2020-01-15,18,18573,576,1458,1286,1248,6750,1236,87,3687,543,1854,18725,153
2020-01-15,19,18667,595,1457,1248,1226,6735,1230,83,3705,548,1826,18651,-16
2020-01-15,20,18315,601,1441,1222,1214,6624,1216,82,3667,562,1805,18434,119
2020-01-15,21,17972,599,1432,1182,1184,6472,1187,82,3563,548,1786,18036,64
2020-01-15,22,17284,587,1391,1128,1129,6190,1133,79,3471,541,1732,17380,96
2020-01-15,23,16197,572,1354,1046,1043,5783,1045,75,3308,483,1609,16319,123
2020-01-15,24,15070,554,1320,962,955,5354,956,73,3085,466,1464,15188,118
2020-01-16,1,14258,560,1301,937,914,5036,899,70,2960,435,1349,14462,204
2020-01-16,2,13938,578,1313,908,903,4868,885,66,2870,448,1322,14160,221
2020-01-16,3,13913,575,1347,910,913,4787,875,63,2849,447,1311,14076,163
2020-01-16,4,13919,575,1330,918,953,4753,857,63,2825,417,1333,14024,105
2020-01-16,5,14069,585,1338,937,1012,4750,855,58,2821,419,1364,14138,69
2020-01-16,6,14603,586,1319,1006,1042,4974,905,58,2969,437,1420,14716,113
2020-01-16,7,15811,597,1371,1099,1096,5468,1000,65,3220,454,1552,15922,111
2020-01-16,8,17207,627,1408,1172,1144,6063,1103,68,3498,505,1697,17284,78
2020-01-16,9,17574,649,1425,1195,1146,6220,1124,67,3557,522,1752,17657,83
2020-01-16,10,17430,644,1421,1186,1134,6276,1119,68,3520,527,1728,17624,193
2020-01-16,11,17317,627,1410,1182,1107,6279,1104,69,3497,537,1723,17534,217
2020-01-16,12,17288,617,1390,1181,1095,6347,1098,73,3475,526,1669,17471,183
2020-01-16,13,17150,606,1390,1180,1093,6371,1098,70,3435,527,1614,17384,234
2020-01-16,14,17148,617,1328,1172,1081,6366,1103,70,3411,528,1660,17336,188
2020-01-16,15,17100,608,1338,1181,1092,6360,1111,69,3423,533,1651,17366,266
2020-01-16,16,17340,600,1376,1198,1125,6399,1135,67,3429,539,1678,17547,207
2020-01-16,17,18021,599,1447,1275,1190,6525,1208,68,3590,541,1765,18209,188
2020-01-16,18,18926,614,1500,1385,1299,6840,1320,71,3785,567,1781,19162,236
2020-01-16,19,19155,636,1501,1360,1293,6917,1338,69,3829,576,1774,19291,137
2020-01-16,20,18982,646,1493,1329,1292,6856,1343,71,3803,587,1755,19176,194
2020-01-16,21,18730,648,1503,1294,1278,6765,1332,69,3733,568,1722,18912,182
2020-01-16,22,18135,606,1486,1221,1230,6552,1289,72,3645,541,1686,18327,192
2020-01-16,23,17174,601,1458,1160,1158,6142,1205,68,3415,530,1598,17334,160
2020-01-16,24,16097,586,1406,1086,1095,5715,1119,66,3178,477,1530,16257,160
2020-01-17,1,15653,604,1384,1081,1074,5422,1071,66,3079,466,1502,15750,97
2020-01-17,2,15442,608,1365,1059,1068,5239,1047,65,2997,472,1512,15433,-9
2020-01-17,3,15353,601,1399,1047,1077,5138,1038,67,2963,467,1512,15308,-45
2020-01-17,4,15340,601,1389,1030,1090,5147,1041,69,2949,458,1524,15297,-43
2020-01-17,5,15597,600,1424,1032,1116,5222,1069,72,2983,466,1559,15542,-55
2020-01-17,6,16202,609,1371,1097,1174,5444,1122,77,3114,487,1625,16121,-81
2020-01-17,7,17401,623,1425,1236,1280,5898,1227,86,3372,536,1736,17418,17
2020-01-17,8,18891,643,1501,1367,1377,6478,1336,92,3653,565,1891,18902,11
2020-01-17,9,19202,632,1536,1351,1357,6670,1357,91,3697,578,1922,19191,-10
2020-01-17,10,18835,629,1515,1275,1271,6681,1326,92,3633,578,1888,18889,54
2020-01-17,11,18544,651,1509,1257,1217,6710,1277,90,3611,575,1819,18714,170
2020-01-17,12,18312,649,1476,1295,1188,6699,1226,86,3541,582,1741,18482,171
2020-01-17,13,18110,643,1440,1269,1155,6641,1186,85,3488,572,1763,18241,131
2020-01-17,14,17936,602,1426,1251,1121,6596,1168,89,3521,558,1795,18127,191
2020-01-17,15,17859,591,1439,1249,1131,6564,1184,86,3558,544,1798,18145,286
2020-01-17,16,18142,630,1432,1264,1207,6607,1214,88,3586,550,1831,18409,267
2020-01-17,17,18877,633,1487,1340,1314,6737,1300,132,3708,567,1879,19097,220
2020-01-17,18,19928,631,1544,1433,1425,7022,1404,142,3912,595,1880,19989,61
2020-01-17,19,19739,630,1534,1383,1425,7013,1420,140,3906,591,1850,19891,152
2020-01-17,20,19617,616,1571,1358,1412,6845,1413,140,3881,588,1839,19663,46
2020-01-17,21,19277,610,1559,1333,1382,6742,1388,139,3738,579,1809,19280,4
2020-01-17,22,18508,603,1535,1289,1334,6522,1334,136,3636,563,1736,18688,180
2020-01-17,23,17646,582,1500,1215,1258,6190,1246,133,3445,529,1642,17740,94
2020-01-17,24,16227,551,1444,1142,1193,5737,1152,123,3190,485,1535,16552,324
2020-01-18,1,15466,534,1410,1078,1133,5416,1081,120,3039,469,1443,15723,258
2020-01-18,2,14990,529,1360,1068,1108,5198,1036,117,2955,455,1392,15218,228
2020-01-18,3,14615,539,1328,1040,1096,5076,1015,114,2837,474,1357,14876,261
2020-01-18,4,14543,536,1310,1055,1092,5009,1004,113,2831,475,1350,14774,231
2020-01-18,5,14504,544,1302,1054,1098,4972,1007,110,2758,473,1353,14670,166
2020-01-18,6,14832,561,1305,1083,1117,5080,1020,110,2872,475,1392,15015,183
2020-01-18,7,15442,582,1341,1108,1166,5202,1064,117,2948,467,1442,15438,-4
2020-01-18,8,16040,590,1403,1188,1241,5441,1137,120,3076,490,1514,16201,161
2020-01-18,9,16995,627,1438,1238,1295,5691,1199,123,3283,513,1559,16964,-31
2020-01-18,10,17692,645,1440,1277,1328,6040,1255,119,3447,549,1610,17711,19
2020-01-18,11,18189,647,1459,1302,1335,6321,1290,120,3506,573,1645,18198,9
2020-01-18,12,18524,648,1465,1326,1344,6534,1313,115,3567,578,1668,18559,36
2020-01-18,13,18721,648,1473,1323,1344,6603,1327,115,3555,570,1680,18638,-82
2020-01-18,14,18640,643,1467,1351,1337,6594,1310,113,3564,565,1661,18606,-34
2020-01-18,15,18462,639,1456,1355,1341,6528,1306,112,3549,555,1630,18470,9
2020-01-18,16,18449,637,1461,1372,1349,6460,1313,112,3534,553,1611,18403,-46
2020-01-18,17,18798,640,1476,1428,1413,6528,1351,114,3573,563,1622,18707,-91
2020-01-18,18,19417,635,1496,1504,1480,6719,1416,117,3749,568,1631,19316,-101
2020-01-18,19,19030,610,1493,1454,1431,6666,1382,110,3647,561,1602,18956,-74
2020-01-18,20,18305,583,1491,1405,1383,6465,1314,113,3474,544,1551,18324,19
2020-01-18,21,17667,573,1461,1359,1334,6238,1274,111,3276,523,1509,17659,-8
2020-01-18,22,16926,568,1430,1297,1271,6010,1213,110,3148,496,1468,17011,84
2020-01-18,23,16157,552,1379,1244,1219,5710,1140,108,3023,467,1408,16251,94
2020-01-18,24,15280,552,1377,1165,1148,5410,1067,106,2848,438,1349,15458,178
2020-01-19,1,14570,577,1346,1107,1114,5112,999,104,2662,420,1315,14757,186
2020-01-19,2,14154,576,1323,1089,1084,4915,950,104,2644,407,1300,14393,240
2020-01-19,3,14034,576,1329,1072,1067,4782,920,103,2605,407,1294,14155,122
2020-01-19,4,13813,576,1262,1047,1063,4686,916,102,2587,401,1282,13922,109
2020-01-19,5,13669,555,1270,1021,1057,4676,930,106,2636,398,1295,13944,275
2020-01-19,6,14012,555,1256,1007,1077,4717,953,107,2728,408,1321,14129,117
2020-01-19,7,14457,544,1282,1038,1099,4852,1000,114,2788,420,1370,14508,51
2020-01-19,8,15025,569,1314,1082,1149,5046,1070,119,2911,443,1445,15147,122
2020-01-19,9,15781,586,1338,1127,1201,5280,1139,126,3044,470,1514,15825,44
2020-01-19,10,16458,583,1354,1162,1249,5555,1186,129,3151,495,1560,16424,-34
2020-01-19,11,16809,606,1351,1174,1266,5781,1206,131,3233,520,1561,16830,21
2020-01-19,12,16880,615,1324,1184,1254,5950,1202,130,3259,532,1540,16990,110
2020-01-19,13,17063,626,1325,1216,1243,6063,1197,124,3281,533,1555,17161,98
2020-01-19,14,17003,656,1331,1205,1209,6071,1180,126,3250,526,1595,17148,145
2020-01-19,15,16974,648,1363,1197,1218,6065,1171,129,3238,529,1629,17186,211
2020-01-19,16,17145,646,1411,1211,1248,6093,1192,129,3232,525,1669,17355,210
2020-01-19,17,17771,640,1449,1279,1302,6264,1272,131,3372,548,1761,18017,247
2020-01-19,18,18939,665,1489,1367,1383,6635,1395,136,3610,581,1796,19057,118
2020-01-19,19,19032,672,1500,1345,1355,6779,1407,131,3637,577,1792,19196,164
2020-01-19,20,18742,667,1513,1309,1312,6680,1365,127,3594,583,1761,18913,171
2020-01-19,21,18487,674,1539,1278,1287,6528,1326,124,3450,563,1738,18506,19
2020-01-19,22,17852,667,1491,1206,1227,6277,1265,124,3348,552,1679,17835,-18
2020-01-19,23,16806,657,1464,1128,1144,5938,1179,125,3200,506,1607,16947,141
2020-01-19,24,15911,639,1423,1053,1079,5610,1104,125,3075,483,1571,16163,252
2020-01-20,1,15390,624,1399,1006,1047,5331,1068,124,2967,478,1553,15598,208
2020-01-20,2,15211,620,1350,985,1039,5202,1046,125,2918,473,1537,15296,84
2020-01-20,3,14957,617,1331,978,1040,5087,1044,125,2918,451,1541,15132,175
2020-01-20,4,15020,617,1372,985,1054,5061,1052,126,2938,482,1546,15233,213
2020-01-20,5,15346,623,1387,1018,1093,5130,1074,128,3014,472,1569,15507,162
2020-01-20,6,16068,627,1394,1079,1153,5391,1133,132,3150,497,1629,16183,115
2020-01-20,7,17245,610,1431,1193,1254,5920,1239,139,3398,524,1751,17459,214
2020-01-20,8,18571,582,1453,1281,1325,6504,1345,143,3658,556,1907,18754,183
2020-01-20,9,18897,600,1476,1292,1330,6677,1356,143,3700,573,1927,19074,177
2020-01-20,10,18798,595,1433,1264,1280,6768,1296,142,3583,565,1880,18806,8
2020-01-20,11,18562,557,1440,1249,1232,6821,1232,140,3529,559,1789,18548,-14
2020-01-20,12,18230,528,1392,1241,1188,6878,1172,125,3547,554,1696,18323,93
2020-01-20,13,17876,507,1375,1223,1147,6835,1130,124,3472,543,1637,17992,116
2020-01-20,14,17571,507,1333,1213,1111,6797,1106,129,3436,532,1615,17779,208
2020-01-20,15,17457,553,1347,1205,1108,6724,1105,130,3441,526,1648,17786,329
2020-01-20,16,17708,561,1356,1232,1149,6707,1158,132,3492,538,1723,18047,339
2020-01-20,17,18472,577,1440,1311,1251,6798,1268,133,3617,559,1850,18804,332
2020-01-20,18,19522,592,1494,1412,1365,7098,1392,130,3872,594,1924,19872,349
2020-01-20,19,19756,613,1516,1410,1365,7183,1414,123,3844,601,1913,19982,226
2020-01-20,20,19560,639,1524,1374,1352,7098,1402,120,3810,607,1881,19807,247
2020-01-20,21,19233,647,1527,1325,1333,6954,1372,122,3745,582,1850,19457,224
2020-01-20,22,18500,641,1496,1258,1257,6695,1321,124,3585,570,1801,18748,248
2020-01-20,23,17419,624,1448,1175,1172,6277,1232,119,3364,517,1731,17658,238
2020-01-20,24,16452,608,1406,1099,1121,5836,1154,117,3189,480,1655,16665,213
2020-01-21,1,15764,565,1380,1057,1089,5503,1104,117,3061,463,1626,15964,200
2020-01-21,2,15360,556,1368,1035,1084,5297,1077,118,2991,477,1602,15605,245
2020-01-21,3,15140,545,1369,1004,1088,5191,1069,118,2905,458,1594,15341,202
2020-01-21,4,15053,540,1351,1003,1099,5173,1070,119,2883,457,1578,15275,222
2020-01-21,5,15250,536,1366,1048,1106,5188,1089,119,2934,461,1592,15438,188
2020-01-21,6,15744,539,1376,1120,1182,5359,1134,121,3074,475,1632,16012,268
2020-01-21,7,17087,556,1426,1247,1281,5882,1223,128,3296,501,1750,17288,201
2020-01-21,8,18481,542,1489,1325,1353,6504,1316,133,3562,554,1891,18669,188
2020-01-21,9,18793,561,1496,1330,1350,6688,1342,133,3640,568,1903,19010,218
2020-01-21,10,18750,599,1468,1304,1300,6776,1340,132,3608,569,1849,18945,194
2020-01-21,11,18684,596,1452,1263,1260,6865,1316,124,3650,568,1734,18829,145
2020-01-21,12,18435,580,1433,1241,1233,6918,1283,118,3646,571,1668,18691,256
2020-01-21,13,18297,573,1414,1215,1219,6891,1229,130,3609,564,1607,18451,154
2020-01-21,14,18253,573,1413,1241,1211,6843,1215,171,3565,564,1588,18383,130
2020-01-21,15,18155,565,1388,1248,1208,6816,1222,170,3529,560,1612,18320,164
2020-01-21,16,18202,555,1381,1275,1197,6741,1217,172,3431,546,1668,18183,-19
2020-01-21,17,18003,518,1376,1311,1220,6650,1261,173,3450,532,1731,18221,219
2020-01-21,18,18600,523,1415,1393,1297,6931,1352,175,3612,549,1786,19032,432
2020-01-21,19,18721,532,1420,1334,1286,6958,1368,173,3607,559,1775,19011,291
2020-01-21,20,18485,531,1437,1305,1259,6874,1351,173,3583,569,1753,18837,352
2020-01-21,21,18278,531,1449,1290,1231,6816,1334,172,3546,551,1750,18669,390
2020-01-21,22,17954,534,1428,1224,1187,6587,1276,166,3492,551,1715,18160,206
2020-01-21,23,16841,524,1382,1121,1105,6186,1184,163,3291,509,1631,17095,254
2020-01-21,24,15864,518,1344,1035,1039,5764,1086,159,3062,507,1555,16069,205
2020-01-22,1,15152,524,1301,994,1000,5441,1035,158,2950,487,1505,15396,244
2020-01-22,2,14807,520,1273,953,975,5256,1005,157,2949,477,1473,15038,231
2020-01-22,3,14595,539,1281,957,957,5141,987,158,2859,484,1452,14816,221
2020-01-22,4,14546,550,1279,955,964,5100,984,162,2856,463,1454,14766,220
2020-01-22,5,14642,516,1268,961,986,5115,996,164,2902,458,1472,14837,195
2020-01-22,6,15234,524,1281,1030,1031,5339,1034,165,2997,475,1533,15409,175
2020-01-22,7,16552,565,1326,1132,1122,5830,1129,171,3242,473,1656,16646,94
2020-01-22,8,17946,559,1380,1223,1195,6435,1239,172,3534,527,1806,18070,124
2020-01-22,9,18091,586,1392,1223,1177,6567,1238,174,3586,541,1821,18306,215
2020-01-22,10,17938,587,1373,1210,1132,6629,1211,171,3525,548,1753,18138,201
2020-01-22,11,17848,584,1387,1180,1080,6683,1183,166,3507,537,1664,17972,124
2020-01-22,12,17549,571,1369,1146,1059,6660,1145,169,3434,537,1606,17697,148
2020-01-22,13,17149,562,1350,1122,1021,6608,1102,166,3348,531,1562,17371,222
2020-01-22,14,17026,560,1371,1081,1010,6593,1086,170,3354,515,1578,17319,293
2020-01-22,15,17195,550,1359,1102,1040,6564,1100,167,3379,517,1621,17399,204
2020-01-22,16,17559,548,1355,1136,1077,6581,1138,172,3397,531,1689,17624,65
2020-01-22,17,18236,555,1396,1221,1167,6702,1214,174,3506,546,1801,18282,46
2020-01-22,18,19013,563,1395,1315,1257,6973,1314,174,3671,575,1868,19104,91
2020-01-22,19,19126,571,1399,1295,1244,7022,1325,175,3702,582,1860,19172,47
2020-01-22,20,18932,608,1409,1274,1233,6895,1314,174,3673,584,1795,18960,27
2020-01-22,21,18649,628,1407,1242,1200,6748,1285,171,3621,563,1767,18632,-17
2020-01-22,22,18042,616,1374,1182,1130,6482,1217,143,3491,544,1713,17893,-149
2020-01-22,23,16925,602,1356,1092,1037,6062,1124,119,3280,513,1642,16826,-98
2020-01-22,24,15684,583,1321,1012,979,5584,1026,116,3050,463,1565,15698,13
2020-01-23,1,14807,568,1302,949,936,5285,970,110,2937,477,1544,15078,271
2020-01-23,2,14377,557,1250,925,903,5085,936,111,2807,462,1525,14563,186
2020-01-23,3,14111,550,1268,892,901,4972,924,113,2792,447,1523,14382,271
2020-01-23,4,14079,548,1275,908,911,4923,916,115,2773,452,1528,14349,270
2020-01-23,5,14479,550,1258,922,920,4960,935,117,2786,447,1546,14440,-39
2020-01-23,6,14918,550,1258,992,976,5178,984,119,2872,467,1608,15004,86
2020-01-23,7,16102,556,1288,1105,1074,5685,1086,127,3150,480,1719,16270,168
2020-01-23,8,17458,549,1356,1182,1160,6252,1190,133,3438,528,1863,17651,193
2020-01-23,9,17729,576,1396,1169,1144,6388,1190,132,3469,535,1895,17894,165
2020-01-23,10,17593,573,1386,1158,1072,6473,1143,131,3492,526,1871,17825,232
2020-01-23,11,17667,571,1411,1125,1020,6521,1110,132,3526,527,1856,17799,132
2020-01-23,12,17576,570,1387,1107,967,6526,1068,134,3484,524,1825,17592,17
2020-01-23,13,17314,569,1381,1086,917,6469,1041,132,3490,523,1803,17411,98
2020-01-23,14,17271,556,1357,1094,911,6487,1035,131,3479,517,1834,17401,130
2020-01-23,15,17317,558,1326,1115,966,6453,1050,127,3427,522,1856,17399,82
2020-01-23,16,17453,551,1328,1138,1044,6405,1090,124,3464,529,1859,17531,78
2020-01-23,17,17946,549,1346,1204,1141,6526,1162,126,3536,547,1892,18029,83
2020-01-23,18,18537,558,1363,1260,1222,6796,1255,128,3658,555,1877,18672,135
2020-01-23,19,18559,576,1357,1248,1217,6824,1265,130,3681,552,1859,18709,150
2020-01-23,20,18382,574,1378,1233,1210,6725,1252,133,3647,545,1851,18546,164
2020-01-23,21,18038,610,1375,1202,1174,6620,1222,131,3552,533,1818,18236,198
2020-01-23,22,17462,618,1367,1135,1104,6339,1154,126,3443,509,1756,17552,91
2020-01-23,23,16359,607,1337,1043,1018,5958,1056,118,3250,475,1662,16524,165
2020-01-23,24,15204,588,1262,966,948,5527,960,115,3016,447,1554,15383,179
2020-01-24,1,14418,576,1255,917,909,5212,904,115,2844,422,1532,14686,268
2020-01-24,2,14039,569,1233,893,883,5006,869,113,2762,412,1525,14266,227
2020-01-24,3,13841,567,1245,894,878,4873,850,111,2715,408,1498,14039,198
2020-01-24,4,13800,568,1260,885,872,4824,848,110,2714,407,1459,13948,147
2020-01-24,5,13817,559,1237,904,891,4861,865,111,2754,416,1436,14034,217
2020-01-24,6,14305,538,1255,954,939,5072,907,114,2820,431,1468,14497,193
2020-01-24,7,15469,572,1302,1068,1024,5524,1005,120,2994,459,1569,15636,167
2020-01-24,8,16851,555,1387,1133,1090,6126,1096,127,3298,507,1686,17005,154
2020-01-24,9,17138,563,1403,1170,1077,6294,1109,125,3366,525,1744,17375,236
2020-01-24,10,17171,567,1396,1155,971,6325,1070,163,3433,528,1743,17352,181
2020-01-24,11,16958,552,1407,1130,883,6381,1011,169,3380,511,1718,17141,183
2020-01-24,12,16825,525,1400,1108,836,6376,980,158,3372,516,1705,16974,149
2020-01-24,13,16611,526,1371,1110,772,6322,947,166,3370,510,1704,16798,187
2020-01-24,14,16380,524,1347,1091,729,6374,947,123,3366,501,1711,16711,331
2020-01-24,15,16417,526,1368,1054,762,6364,993,112,3324,492,1705,16698,281
2020-01-24,16,16602,528,1393,1082,890,6317,1026,112,3350,503,1712,16914,312
2020-01-24,17,17128,528,1400,1166,1059,6425,1079,115,3363,521,1734,17389,261
2020-01-24,18,17720,525,1414,1236,1149,6650,1167,115,3547,531,1711,18044,325
2020-01-24,19,17768,533,1404,1212,1138,6646,1178,113,3546,525,1692,17987,219
2020-01-24,20,17639,555,1419,1189,1128,6592,1168,111,3509,518,1681,17870,232
2020-01-24,21,17408,578,1397,1155,1094,6487,1150,108,3427,512,1663,17569,161
2020-01-24,22,16876,583,1363,1128,1041,6247,1095,105,3297,500,1611,16969,93
2020-01-24,23,15881,561,1344,1057,977,5885,1020,104,3119,470,1507,16044,163
2020-01-24,24,14747,550,1316,993,913,5450,925,102,2836,462,1407,14955,208
2020-01-25,1,14282,543,1296,951,871,5136,852,97,2690,430,1412,14280,-1
2020-01-25,2,13691,507,1255,914,851,4921,813,95,2581,399,1388,13725,34
2020-01-25,3,13305,523,1249,905,790,4770,798,96,2487,395,1380,13393,88
2020-01-25,4,13151,521,1217,889,786,4695,799,98,2490,393,1376,13263,112
2020-01-25,5,13372,531,1231,896,838,4686,800,100,2589,393,1396,13460,88
2020-01-25,6,13732,501,1228,906,877,4788,829,105,2642,405,1429,13709,-23
2020-01-25,7,14111,515,1263,953,912,4950,885,111,2708,416,1495,14208,97
2020-01-25,8,14877,558,1297,1014,975,5202,963,114,2892,451,1584,15050,173
2020-01-25,9,15642,550,1335,1047,1041,5478,1039,117,3037,475,1640,15759,117
2020-01-25,10,16237,559,1365,1076,1081,5779,1096,118,3146,499,1691,16411,174
2020-01-25,11,16738,571,1394,1063,1098,6000,1123,119,3273,514,1686,16841,103
2020-01-25,12,16961,566,1392,1079,1127,6112,1125,121,3313,518,1718,17072,111
2020-01-25,13,17037,566,1400,1113,1150,6154,1127,125,3286,514,1713,17149,112
2020-01-25,14,16948,561,1415,1155,1146,6111,1107,124,3243,508,1701,17071,123
2020-01-25,15,16846,555,1433,1176,1149,6041,1104,123,3195,502,1707,16984,138
2020-01-25,16,16844,558,1421,1198,1144,5955,1108,123,3216,499,1708,16931,87
2020-01-25,17,17178,532,1449,1218,1190,6054,1157,126,3296,505,1737,17264,86
2020-01-25,18,17629,533,1460,1234,1243,6234,1227,129,3402,534,1721,17717,89
2020-01-25,19,17417,544,1451,1200,1201,6202,1218,128,3354,528,1689,17516,99
2020-01-25,20,16868,537,1440,1159,1144,6034,1160,124,3267,516,1649,17029,161
2020-01-25,21,16414,532,1447,1116,1085,5850,1117,122,3159,500,1602,16532,118
2020-01-25,22,15823,529,1418,1051,1024,5654,1066,120,3063,482,1546,15952,129
2020-01-25,23,15118,551,1410,992,982,5401,994,117,2933,456,1474,15310,192
2020-01-25,24,14379,573,1343,936,938,5109,916,115,2808,421,1403,14563,183
2020-01-26,1,13852,582,1314,890,898,4836,861,112,2725,404,1365,13987,135
2020-01-26,2,13376,567,1279,853,869,4646,825,111,2586,395,1329,13459,83
2020-01-26,3,13013,563,1275,839,858,4503,800,113,2556,393,1312,13211,198
2020-01-26,4,12964,560,1246,828,843,4439,790,114,2558,392,1306,13076,112
2020-01-26,5,12913,558,1250,825,847,4409,787,111,2512,394,1316,13009,96
2020-01-26,6,13096,556,1261,853,867,4461,799,112,2556,397,1330,13191,95
2020-01-26,7,13482,563,1292,896,894,4542,836,114,2659,406,1385,13588,106
2020-01-26,8,14048,570,1263,932,936,4808,905,117,2769,424,1447,14171,123
2020-01-26,9,14612,586,1296,978,991,5010,974,119,2799,450,1512,14714,102
2020-01-26,10,15261,606,1308,1012,1004,5339,1032,121,2952,473,1560,15407,146
2020-01-26,11,15664,591,1319,1037,1003,5567,1049,121,3044,476,1592,15799,135
2020-01-26,12,15867,596,1323,1064,1016,5704,1041,122,3088,498,1593,16048,181
2020-01-26,13,16037,603,1338,1077,1001,5794,1028,123,3136,499,1588,16185,148
2020-01-26,14,16007,602,1345,1078,999,5828,1011,122,3133,499,1584,16200,193
2020-01-26,15,16116,603,1335,1075,1017,5802,1014,122,3193,498,1603,16261,145
2020-01-26,16,16313,618,1324,1087,1044,5826,1046,124,3204,514,1621,16407,94
2020-01-26,17,16871,627,1384,1141,1111,5995,1119,127,3270,533,1666,16972,100
2020-01-26,18,17646,632,1398,1223,1182,6286,1203,126,3451,541,1676,17718,73
2020-01-26,19,17669,645,1398,1201,1169,6319,1193,120,3438,540,1660,17683,14
2020-01-26,20,17260,611,1415,1164,1126,6254,1156,118,3363,543,1633,17384,125
2020-01-26,21,16886,606,1419,1126,1088,6090,1110,116,3302,526,1597,16980,93
2020-01-26,22,16303,591,1401,1069,1035,5879,1053,114,3207,497,1556,16402,99
2020-01-26,23,15576,581,1373,985,963,5564,983,111,3042,468,1513,15584,7
2020-01-26,24,14754,562,1327,912,898,5239,916,109,2884,463,1472,14783,29
2020-01-27,1,14172,554,1286,857,860,4970,873,112,2765,432,1457,14167,-5
2020-01-27,2,13761,549,1259,827,846,4798,844,114,2720,439,1458,13853,93
2020-01-27,3,13654,547,1253,814,855,4687,826,112,2716,425,1463,13700,46
2020-01-27,4,13591,544,1245,819,851,4661,814,114,2676,441,1471,13637,47
2020-01-27,5,13751,535,1248,838,859,4667,834,117,2767,434,1480,13780,29
2020-01-27,6,14296,543,1250,896,912,4882,878,119,2891,452,1535,14358,62
2020-01-27,7,15433,564,1306,1002,1000,5397,979,126,3114,464,1656,15606,173
2020-01-27,8,16895,577,1335,1075,1067,6025,1086,129,3383,512,1812,17000,105
2020-01-27,9,17259,591,1351,1094,1045,6231,1108,131,3470,530,1859,17410,150
2020-01-27,10,17324,589,1358,1094,1007,6335,1113,134,3438,533,1868,17467,143
2020-01-27,11,17418,591,1376,1072,993,6448,1142,134,3382,539,1874,17551,133
2020-01-27,12,17374,586,1320,1089,957,6508,1144,134,3379,541,1853,17512,139
2020-01-27,13,17312,582,1319,1083,932,6495,1131,124,3401,542,1846,17455,143
2020-01-27,14,17265,577,1310,1080,943,6471,1091,121,3487,535,1843,17459,194
2020-01-27,15,17229,573,1353,1091,971,6439,1072,132,3477,528,1857,17494,265
2020-01-27,16,17471,575,1388,1128,1014,6477,1099,133,3471,537,1842,17665,194
2020-01-27,17,17990,588,1413,1180,1101,6542,1156,135,3517,551,1919,18102,112
2020-01-27,18,18722,594,1452,1268,1189,6771,1242,136,3687,562,1918,18818,95
2020-01-27,19,18772,602,1403,1238,1190,6828,1254,133,3696,567,1909,18820,48
2020-01-27,20,18574,617,1398,1204,1177,6752,1237,132,3632,576,1875,18600,26
2020-01-27,21,18112,620,1390,1182,1134,6586,1212,131,3578,560,1851,18245,133
2020-01-27,22,17475,621,1359,1130,1073,6320,1142,129,3519,532,1742,17567,93
2020-01-27,23,16489,610,1375,1029,998,5927,1053,123,3317,504,1695,16632,143
2020-01-27,24,15337,582,1326,935,928,5426,952,120,3065,460,1569,15363,27
2020-01-28,1,14547,546,1308,883,890,5133,903,119,2922,445,1529,14678,131
2020-01-28,2,14105,531,1281,862,872,4928,871,116,2848,423,1531,14263,158
2020-01-28,3,13912,535,1290,861,864,4770,854,116,2845,425,1551,14110,198
2020-01-28,4,13861,538,1280,862,863,4733,853,115,2835,426,1540,14045,184
2020-01-28,5,14041,527,1284,875,878,4816,871,118,2858,436,1549,14213,172
2020-01-28,6,14600,533,1280,933,926,5055,919,122,2931,453,1592,14743,143
2020-01-28,7,15950,576,1357,1054,1021,5609,1013,129,3173,478,1712,16122,172
2020-01-28,8,17504,591,1436,1132,1093,6120,1117,132,3489,524,1835,17469,-35
2020-01-28,9,17631,615,1449,1130,1031,6274,1143,132,3481,532,1926,17712,80
2020-01-28,10,17502,610,1429,1131,920,6363,1126,133,3504,537,1917,17671,169
2020-01-28,11,17523,598,1437,1102,884,6443,1109,134,3521,530,1900,17658,136
2020-01-28,12,17430,588,1418,1125,866,6499,1091,131,3519,533,1893,17662,232
2020-01-28,13,17409,579,1408,1151,902,6480,1069,128,3503,528,1884,17632,223
2020-01-28,14,17478,571,1400,1159,953,6517,1058,129,3494,534,1892,17706,228
2020-01-28,15,17446,561,1409,1140,983,6476,1055,130,3511,533,1903,17702,256
2020-01-28,16,17678,559,1424,1154,1045,6479,1081,130,3516,536,1908,17832,154
2020-01-28,17,18150,573,1467,1203,1132,6579,1154,136,3604,547,1939,18335,184
2020-01-28,18,18800,590,1505,1306,1208,6797,1249,136,3761,565,1935,19052,252
2020-01-28,19,18937,605,1523,1250,1212,6845,1268,134,3755,562,1919,19074,137
2020-01-28,20,18757,616,1523,1238,1209,6739,1255,134,3769,556,1890,18929,172
2020-01-28,21,18367,580,1512,1192,1182,6582,1229,134,3671,544,1864,18489,121
2020-01-28,22,17629,571,1465,1155,1120,6330,1177,133,3515,516,1800,17782,153
2020-01-28,23,16686,566,1443,1064,1049,6002,1094,130,3319,479,1715,16861,175
2020-01-28,24,15678,543,1383,992,973,5501,1014,128,3111,449,1639,15733,55
2020-01-29,1,14971,566,1360,954,938,5228,968,125,3024,426,1592,15183,212
2020-01-29,2,14701,569,1344,926,922,5061,943,125,2933,415,1568,14806,105
2020-01-29,3,14548,577,1360,926,917,4962,929,124,2910,411,1565,14681,132
2020-01-29,4,14619,596,1346,919,919,4932,929,123,2879,412,1570,14626,7
2020-01-29,5,14795,596,1348,962,938,5009,950,127,2930,418,1581,14859,63
2020-01-29,6,15401,570,1347,1019,998,5255,1002,131,3039,444,1628,15433,31
2020-01-29,7,16509,491,1395,1139,1092,5768,1112,138,3293,478,1733,16638,129
2020-01-29,8,17764,499,1434,1236,1169,6352,1213,141,3529,531,1868,17973,209
2020-01-29,9,18127,515,1457,1185,1059,6537,1202,141,3620,540,1928,18185,57
2020-01-29,10,17630,507,1406,1110,833,6604,1104,140,3611,546,1924,17786,156
2020-01-29,11,17247,502,1379,1093,667,6575,1006,138,3567,545,1924,17396,148
2020-01-29,12,16907,503,1338,1077,599,6550,944,131,3522,548,1913,17123,215
2020-01-29,13,16714,494,1345,1082,572,6482,905,135,3458,545,1887,16906,192
2020-01-29,14,16587,482,1336,1065,567,6458,881,135,3440,540,1885,16789,202
2020-01-29,15,16555,472,1338,1080,621,6397,881,134,3423,538,1880,16766,210
2020-01-29,16,16903,476,1341,1096,784,6395,949,134,3429,538,1893,17036,133
2020-01-29,17,17660,491,1410,1204,1063,6541,1117,135,3568,542,1931,18003,343
2020-01-29,18,18729,508,1452,1319,1248,6818,1277,138,3751,570,1935,19016,287
2020-01-29,19,19340,516,1450,1321,1277,6994,1325,137,3837,586,1926,19370,30
2020-01-29,20,19176,520,1465,1293,1268,6912,1327,135,3819,604,1903,19245,69
2020-01-29,21,18784,532,1458,1257,1248,6776,1309,136,3701,575,1881,18874,90
2020-01-29,22,18005,531,1425,1197,1185,6495,1258,131,3606,558,1814,18200,195
2020-01-29,23,17050,552,1395,1109,1108,6103,1180,127,3410,514,1728,17227,177
2020-01-29,24,16013,544,1351,1039,1040,5697,1090,127,3181,478,1651,16200,186
2020-01-30,1,15430,552,1355,967,1013,5356,1039,127,3087,471,1610,15577,147
2020-01-30,2,15101,571,1358,948,1005,5161,1016,126,2988,460,1584,15218,117
2020-01-30,3,14918,575,1354,964,1005,5046,1004,126,2924,449,1571,15019,101
2020-01-30,4,14920,573,1332,973,1006,5016,1003,126,2963,459,1568,15020,101
2020-01-30,5,15050,568,1351,991,1038,5051,1021,126,2939,460,1580,15124,74
2020-01-30,6,15582,566,1356,1047,1092,5268,1070,129,3064,464,1637,15692,110
2020-01-30,7,16837,577,1411,1184,1181,5745,1165,134,3337,509,1739,16983,146
2020-01-30,8,18151,561,1487,1270,1248,6319,1262,135,3561,552,1894,18288,137
2020-01-30,9,18369,583,1522,1220,1142,6477,1252,137,3611,562,1935,18441,72
2020-01-30,10,18113,580,1508,1158,941,6600,1182,137,3619,553,1941,18221,108
2020-01-30,11,17934,585,1508,1134,792,6691,1127,137,3586,547,1924,18031,98
2020-01-30,12,17759,578,1453,1110,751,6755,1075,135,3521,536,1889,17802,43
2020-01-30,13,17424,560,1397,1073,743,6721,1049,134,3472,527,1843,17518,93
2020-01-30,14,17271,530,1399,1090,754,6689,1035,136,3434,524,1842,17432,161
2020-01-30,15,17295,552,1399,1109,835,6613,1029,135,3401,522,1869,17464,169
2020-01-30,16,17575,543,1394,1176,981,6588,1083,136,3403,523,1900,17726,151
2020-01-30,17,18182,538,1430,1244,1155,6638,1176,130,3544,539,1947,18341,159
2020-01-30,18,18860,553,1472,1324,1276,6849,1290,101,3728,570,1933,19095,235
2020-01-30,19,19160,570,1469,1319,1284,6916,1326,98,3778,584,1917,19261,101
2020-01-30,20,18972,621,1456,1298,1281,6835,1326,96,3774,599,1890,19176,204
2020-01-30,21,18655,613,1444,1268,1256,6724,1302,95,3704,579,1871,18856,201
2020-01-30,22,17993,576,1428,1215,1199,6451,1250,91,3583,566,1807,18165,172
2020-01-30,23,17000,566,1433,1121,1126,6054,1162,88,3379,526,1722,17178,178
2020-01-30,24,15973,562,1396,1059,1063,5627,1072,86,3179,473,1638,16155,182
2020-01-31,1,15253,570,1384,1014,1026,5311,1019,78,3019,463,1611,15495,242
2020-01-31,2,14887,566,1380,985,1007,5111,987,77,2911,449,1596,15069,183
2020-01-31,3,14648,566,1379,977,1007,4973,967,76,2885,442,1580,14851,203
2020-01-31,4,14542,557,1364,968,1008,4924,962,76,2876,422,1573,14729,188
2020-01-31,5,14639,561,1367,986,1030,4967,974,77,2881,433,1581,14858,218
2020-01-31,6,15300,546,1371,1072,1082,5193,1018,79,3008,451,1626,15444,144
2020-01-31,7,16511,572,1407,1161,1165,5680,1110,85,3238,486,1739,16642,132
2020-01-31,8,17790,547,1417,1253,1228,6228,1199,90,3506,528,1873,17868,78
2020-01-31,9,18067,571,1444,1242,1194,6419,1235,92,3539,542,1916,18193,126
2020-01-31,10,18047,569,1441,1192,1127,6504,1233,91,3527,544,1916,18142,95
2020-01-31,11,18020,566,1465,1196,1069,6573,1204,89,3540,543,1924,18170,150
2020-01-31,12,18004,568,1415,1172,1022,6672,1173,88,3524,545,1910,18090,86
2020-01-31,13,17886,566,1413,1201,984,6651,1154,86,3527,548,1882,18011,125
2020-01-31,14,17842,571,1408,1201,986,6647,1140,86,3481,554,1868,17941,99
2020-01-31,15,17854,568,1432,1195,1046,6604,1131,90,3456,544,1810,17876,22
2020-01-31,16,17828,577,1442,1211,1080,6553,1133,88,3458,545,1837,17924,95
2020-01-31,17,18209,571,1457,1235,1148,6604,1184,89,3539,548,1896,18270,61
2020-01-31,18,18723,564,1466,1305,1231,6794,1262,91,3680,555,1894,18844,121
2020-01-31,19,18902,578,1457,1297,1235,6837,1287,90,3698,555,1889,18924,22
2020-01-31,20,18555,599,1425,1266,1221,6741,1275,87,3627,552,1858,18652,98
2020-01-31,21,18119,596,1435,1233,1184,6594,1250,85,3536,544,1828,18284,166
2020-01-31,22,17533,608,1404,1186,1130,6344,1191,82,3400,524,1767,17636,103
2020-01-31,23,16515,606,1368,1104,1062,5975,1111,79,3202,488,1678,16671,156
2020-01-31,24,15458,584,1345,1030,983,5529,1020,76,2997,448,1589,15601,142
2020-02-01,1,14714,560,1311,987,947,5195,951,73,2850,423,1550,14846,132
2020-02-01,2,14250,568,1292,942,928,4996,910,71,2775,411,1515,14411,161
2020-02-01,3,13927,555,1266,950,933,4851,892,71,2707,401,1508,14133,206
2020-02-01,4,13816,540,1255,943,937,4755,888,71,2698,396,1504,13987,171
2020-02-01,5,13835,544,1257,946,939,4739,889,72,2674,399,1511,13969,135
2020-02-01,6,14162,547,1259,985,965,4818,909,74,2717,414,1535,14221,59
2020-02-01,7,14548,542,1269,1017,1014,4994,953,79,2774,434,1587,14661,113
2020-02-01,8,15137,548,1303,1080,1084,5218,1026,79,2894,462,1670,15365,228
2020-02-01,9,15812,567,1359,1116,1118,5484,1091,79,3015,491,1731,16051,239
2020-02-01,10,16276,595,1372,1145,1112,5699,1133,74,3110,518,1708,16465,189
2020-02-01,11,16452,608,1361,1123,1067,5906,1142,77,3139,527,1721,16670,217
2020-02-01,12,16357,577,1355,1114,944,6065,1132,78,3096,531,1754,16647,291
2020-02-01,13,16289,587,1387,1107,915,6083,1121,76,3079,530,1761,16646,357
2020-02-01,14,16302,554,1362,1111,926,6019,1091,70,3086,521,1721,16461,159
2020-02-01,15,16059,537,1363,1101,959,5966,1067,71,3070,511,1678,16321,262
2020-02-01,16,16150,536,1357,1113,999,5944,1085,72,3093,520,1727,16444,294
2020-02-01,17,16742,556,1375,1155,1103,6024,1157,74,3179,533,1775,16931,189
2020-02-01,18,17522,557,1401,1250,1201,6276,1244,77,3342,555,1747,17649,127
2020-02-01,19,17687,568,1405,1248,1199,6391,1253,77,3334,550,1717,17742,55
2020-02-01,20,17070,562,1383,1205,1171,6250,1202,75,3242,534,1649,17273,203
2020-02-01,21,16634,557,1387,1161,1133,6092,1154,74,3155,514,1615,16842,207
2020-02-01,22,16069,561,1350,1123,1075,5866,1098,68,3049,487,1553,16230,161
2020-02-01,23,15353,577,1352,1043,1016,5613,1028,67,2940,467,1487,15588,235
2020-02-01,24,14925,587,1338,998,951,5308,954,64,2788,437,1437,14862,-63
2020-02-02,1,14209,585,1319,957,911,5036,902,66,2703,420,1396,14295,86
2020-02-02,2,13732,574,1299,918,902,4835,868,63,2581,406,1366,13812,79
2020-02-02,3,13464,575,1299,916,894,4677,837,63,2525,399,1337,13521,57
2020-02-02,4,13259,565,1265,918,885,4590,830,62,2496,396,1338,13346,87
2020-02-02,5,13239,564,1287,891,882,4560,832,64,2539,396,1335,13350,111
2020-02-02,6,13409,561,1258,916,911,4613,842,65,2593,409,1325,13492,83
2020-02-02,7,13590,561,1264,930,941,4738,880,70,2650,419,1360,13814,223
2020-02-02,8,14127,580,1280,977,983,4907,937,74,2770,436,1416,14361,234
2020-02-02,9,14840,594,1320,1035,1035,5138,1001,77,2899,458,1461,15017,177
2020-02-02,10,15409,582,1328,1071,1047,5453,1060,75,3049,480,1495,15639,230
2020-02-02,11,15947,581,1347,1091,1032,5742,1085,77,3140,492,1491,16077,131
2020-02-02,12,16182,601,1331,1091,985,5909,1080,79,3178,513,1451,16218,37
2020-02-02,13,16265,600,1336,1092,943,5978,1054,82,3159,522,1418,16184,-81
2020-02-02,14,16157,599,1341,1098,923,5954,1059,84,3184,528,1417,16186,29
2020-02-02,15,16194,602,1332,1094,947,5932,1048,84,3179,532,1430,16179,-15
2020-02-02,16,16400,598,1341,1100,992,5954,1073,82,3202,533,1501,16377,-23
2020-02-02,17,16767,599,1371,1151,1082,6066,1142,83,3283,544,1605,16926,159
2020-02-02,18,17463,609,1399,1246,1185,6299,1221,80,3425,553,1636,17655,192
2020-02-02,19,17696,617,1398,1232,1169,6363,1213,81,3377,543,1627,17619,-77
2020-02-02,20,16990,613,1386,1181,1130,6195,1161,79,3304,523,1572,17143,153
2020-02-02,21,16442,609,1384,1135,1086,6010,1107,74,3204,496,1503,16608,165
2020-02-02,22,15865,601,1352,1077,1038,5791,1045,69,3079,475,1478,16005,139
2020-02-02,23,15048,576,1330,1005,977,5492,963,59,2935,452,1444,15233,185
2020-02-02,24,14245,553,1319,937,916,5137,882,53,2797,425,1405,14425,179
2020-02-03,1,13607,533,1306,877,874,4887,829,50,2661,412,1387,13815,208
2020-02-03,2,13249,523,1285,851,846,4727,802,51,2545,399,1392,13422,173
2020-02-03,3,13174,515,1307,841,833,4638,801,53,2501,393,1416,13297,123
2020-02-03,4,13173,511,1278,846,830,4596,807,56,2555,399,1430,13308,135
2020-02-03,5,13325,522,1268,861,835,4664,823,59,2597,403,1448,13479,154
2020-02-03,6,13934,519,1239,915,877,4894,876,63,2724,424,1524,14055,121
2020-02-03,7,15304,540,1284,1034,963,5427,966,69,3015,456,1673,15427,123
2020-02-03,8,16651,559,1318,1107,1034,5921,1069,73,3336,499,1823,16739,88
2020-02-03,9,16849,579,1347,1099,1008,6066,1079,78,3385,515,1814,16970,121
2020-02-03,10,16643,581,1328,1085,972,6150,1047,80,3286,509,1764,16803,160
2020-02-03,11,16635,573,1320,1099,928,6192,995,77,3261,492,1709,16646,11
2020-02-03,12,16414,564,1306,1082,882,6246,936,68,3286,488,1662,16521,106
2020-02-03,13,16085,545,1292,1058,831,6184,884,69,3157,484,1643,16148,63
2020-02-03,14,15846,535,1273,1063,796,6151,827,76,3223,496,1555,15994,148
2020-02-03,15,15889,528,1318,1047,763,6156,801,115,3203,486,1586,16003,114
2020-02-03,16,16213,539,1322,1061,789,6179,868,137,3267,501,1617,16282,68
2020-02-03,17,16849,551,1370,1127,986,6253,1012,131,3357,523,1720,17030,180
2020-02-03,18,17741,571,1396,1213,1132,6514,1158,137,3544,539,1752,17955,214
2020-02-03,19,18137,600,1390,1212,1146,6660,1203,137,3630,546,1761,18284,147
2020-02-03,20,17922,647,1379,1187,1138,6595,1196,134,3594,541,1734,18145,224
2020-02-03,21,17606,650,1377,1158,1111,6448,1174,132,3484,524,1707,17765,160
2020-02-03,22,16878,646,1346,1108,1057,6183,1113,129,3357,500,1648,17087,209
2020-02-03,23,15877,633,1312,1022,979,5765,1026,127,3169,461,1581,16075,198
2020-02-03,24,14796,618,1273,942,903,5337,945,124,2967,437,1530,15077,280
2020-02-04,1,14274,610,1240,896,861,5026,892,120,2843,417,1513,14418,143
2020-02-04,2,13907,602,1236,876,841,4827,858,118,2781,406,1484,14028,121
2020-02-04,3,13654,598,1235,858,833,4715,840,119,2739,395,1471,13804,150
2020-02-04,4,13542,594,1236,877,821,4669,836,121,2723,399,1466,13742,200
2020-02-04,5,13720,562,1241,882,826,4685,853,120,2755,402,1479,13805,84
2020-02-04,6,14133,517,1248,936,877,4888,900,125,2867,419,1498,14275,142
2020-02-04,7,15290,531,1299,1063,964,5388,993,128,3119,449,1595,15529,239
2020-02-04,8,16510,551,1344,1144,1044,5964,1091,132,3393,499,1723,16885,375
2020-02-04,9,17072,576,1351,1140,1048,6194,1096,130,3436,518,1745,17235,163
2020-02-04,10,17174,582,1324,1125,1012,6322,1060,131,3496,525,1776,17354,180
2020-02-04,11,17187,565,1327,1092,964,6363,1023,129,3499,535,1785,17283,96
2020-02-04,12,17052,541,1305,1055,907,6426,975,127,3488,537,1806,17168,116
2020-02-04,13,16878,526,1289,1074,797,6449,943,120,3484,529,1803,17015,137
2020-02-04,14,16617,517,1285,1074,708,6468,925,118,3478,537,1799,16908,292
2020-02-04,15,16649,513,1294,1048,722,6438,952,116,3442,532,1804,16860,212
2020-02-04,16,17023,526,1316,1098,904,6447,1010,121,3445,533,1803,17203,180
2020-02-04,17,17504,552,1363,1156,1031,6526,1106,124,3511,550,1830,17749,246
2020-02-04,18,18154,571,1403,1247,1143,6716,1205,128,3643,559,1804,18418,263
2020-02-04,19,18373,607,1429,1235,1146,6790,1240,122,3645,554,1783,18551,178
2020-02-04,20,18188,667,1431,1220,1138,6680,1229,118,3626,539,1766,18414,226
2020-02-04,21,17851,698,1436,1177,1103,6526,1203,118,3559,528,1754,18102,251
2020-02-04,22,17253,706,1402,1128,1044,6262,1151,116,3410,505,1685,17408,155
2020-02-04,23,16247,684,1374,1041,964,5898,1068,116,3254,470,1595,16463,216
2020-02-04,24,15307,669,1330,959,900,5498,992,116,3121,435,1501,15521,214
2020-02-05,1,14740,653,1308,920,859,5200,949,114,3021,420,1444,14887,147
2020-02-05,2,14317,652,1279,890,844,5061,919,117,2914,407,1418,14500,184
2020-02-05,3,14155,659,1287,873,848,4953,906,116,2873,405,1411,14330,175
2020-02-05,4,14082,655,1281,903,856,4921,906,120,2835,407,1412,14296,214
2020-02-05,5,14338,657,1324,910,865,5002,936,128,2908,412,1451,14593,255
2020-02-05,6,14999,657,1313,979,920,5237,995,130,3048,435,1531,15242,243
2020-02-05,7,16454,665,1363,1117,1038,5763,1111,138,3343,473,1663,16673,219
2020-02-05,8,18047,643,1418,1176,1098,6345,1211,142,3604,523,1839,18000,-47
2020-02-05,9,17900,647,1443,1163,925,6456,1156,142,3571,538,1870,17912,12
2020-02-05,10,17052,632,1429,1093,715,6468,1023,140,3487,534,1812,17333,281
2020-02-05,11,16627,602,1412,1095,601,6460,952,136,3407,542,1772,16979,352
2020-02-05,12,16509,574,1388,1074,562,6439,905,137,3350,543,1743,16714,205
2020-02-05,13,16326,569,1345,1080,570,6440,905,135,3346,530,1720,16641,315
2020-02-05,14,16309,559,1310,1063,605,6441,869,134,3306,515,1692,16496,187
2020-02-05,15,16270,553,1323,1055,610,6397,882,134,3316,509,1753,16532,262
2020-02-05,16,16761,545,1341,1077,762,6441,991,136,3414,522,1840,17069,308
2020-02-05,17,17734,550,1405,1168,1055,6592,1125,141,3537,550,1873,17996,262
2020-02-05,18,18626,588,1431,1290,1233,6830,1277,148,3693,572,1834,18896,270
2020-02-05,19,19198,627,1456,1284,1260,6952,1329,148,3757,575,1832,19220,21
2020-02-05,20,18945,644,1460,1276,1243,6858,1324,145,3714,564,1807,19035,90
2020-02-05,21,18509,633,1481,1247,1219,6710,1294,100,3622,547,1808,18659,151
2020-02-05,22,17712,628,1399,1187,1165,6419,1228,91,3485,525,1750,17877,165
2020-02-05,23,16647,604,1336,1097,1079,6044,1128,87,3279,486,1645,16785,138
2020-02-05,24,15586,575,1297,1028,997,5612,1034,85,3127,455,1562,15771,186
2020-02-06,1,14922,561,1288,972,955,5320,977,82,3026,428,1511,15121,198
2020-02-06,2,14536,556,1263,938,946,5116,947,77,2904,412,1459,14619,83
2020-02-06,3,14298,551,1272,917,949,5016,929,77,2840,408,1463,14421,123
2020-02-06,4,14252,554,1264,939,952,4992,923,75,2830,411,1477,14418,166
2020-02-06,5,14529,558,1281,941,970,5018,944,77,2849,415,1502,14554,25
2020-02-06,6,15019,556,1273,1013,1023,5233,994,80,2955,441,1560,15128,109
2020-02-06,7,16176,564,1316,1142,1099,5732,1085,89,3136,476,1679,16317,141
2020-02-06,8,17629,587,1426,1208,1162,6243,1181,92,3431,519,1817,17665,36
2020-02-06,9,17990,598,1447,1220,1185,6439,1202,90,3452,536,1864,18034,45
2020-02-06,10,18047,601,1448,1239,1177,6570,1200,90,3487,549,1869,18230,183
2020-02-06,11,18195,586,1424,1205,1158,6681,1199,90,3573,554,1877,18345,149
2020-02-06,12,18307,578,1377,1210,1168,6776,1202,86,3603,562,1894,18454,147
2020-02-06,13,18296,572,1374,1215,1165,6773,1194,84,3622,562,1869,18430,134
2020-02-06,14,18257,579,1359,1206,1153,6746,1181,82,3642,562,1856,18367,111
2020-02-06,15,18189,583,1361,1201,1145,6685,1179,79,3610,558,1855,18255,66
2020-02-06,16,18172,587,1339,1234,1172,6668,1182,80,3577,557,1877,18273,101
2020-02-06,17,18552,593,1407,1263,1223,6727,1222,88,3645,565,1906,18639,87
2020-02-06,18,19051,596,1417,1314,1275,6885,1299,90,3761,575,1887,19098,47
2020-02-06,19,19211,617,1447,1296,1272,6941,1322,89,3825,572,1876,19257,46
2020-02-06,20,18971,632,1446,1280,1268,6845,1317,89,3752,586,1850,19067,96
2020-02-06,21,18587,639,1444,1221,1273,6738,1290,83,3686,562,1834,18772,185
2020-02-06,22,17801,633,1403,1148,1197,6518,1220,79,3508,559,1775,18040,239
2020-02-06,23,16830,630,1315,1073,1119,6179,1128,75,3306,521,1702,17049,219
2020-02-06,24,15929,606,1268,1012,1035,5760,1038,75,3071,494,1616,15973,45
2020-02-07,1,15095,595,1251,960,982,5420,980,71,2946,460,1596,15260,166
2020-02-07,2,14610,588,1248,930,954,5196,955,70,2857,437,1585,14820,210
2020-02-07,3,14473,585,1247,916,946,5061,934,69,2809,430,1571,14568,95
2020-02-07,4,14349,585,1244,927,965,5014,926,70,2790,434,1554,14508,158
2020-02-07,5,14474,589,1263,924,970,5052,943,71,2829,439,1534,14613,140
2020-02-07,6,15075,581,1283,983,997,5247,980,69,2930,463,1565,15097,22
2020-02-07,7,16277,610,1329,1101,1072,5700,1076,73,3165,513,1671,16310,33
2020-02-07,8,17465,632,1371,1169,1135,6213,1173,78,3477,539,1782,17569,104
2020-02-07,9,17902,653,1399,1191,1163,6428,1203,78,3541,550,1839,18046,144
2020-02-07,10,18100,607,1377,1213,1167,6606,1221,80,3602,558,1836,18268,167
2020-02-07,11,18177,560,1380,1204,1163,6739,1216,80,3616,567,1816,18341,165
2020-02-07,12,18142,557,1363,1231,1169,6816,1193,80,3560,574,1762,18306,164
2020-02-07,13,18050,547,1393,1242,1162,6809,1172,79,3515,569,1689,18177,126
2020-02-07,14,17910,567,1382,1229,1136,6753,1145,81,3508,561,1645,18008,98
2020-02-07,15,17764,561,1393,1234,1125,6697,1129,80,3434,563,1601,17818,54
2020-02-07,16,17627,553,1380,1236,1136,6637,1124,82,3390,563,1664,17765,139
2020-02-07,17,18024,559,1432,1255,1185,6644,1173,86,3463,560,1714,18072,48
2020-02-07,18,18658,586,1494,1311,1248,6828,1279,88,3565,570,1775,18745,87
2020-02-07,19,19435,616,1504,1320,1271,6969,1342,82,3708,581,1832,19223,-212
2020-02-07,20,19061,665,1516,1282,1270,6880,1344,79,3677,574,1817,19104,43
2020-02-07,21,18715,677,1518,1276,1253,6738,1328,79,3638,559,1792,18857,142
2020-02-07,22,18193,674,1478,1215,1214,6513,1286,76,3531,538,1736,18259,66
2020-02-07,23,17262,664,1468,1163,1154,6153,1203,77,3365,500,1641,17387,125
2020-02-07,24,16236,654,1453,1093,1096,5781,1123,81,3109,462,1562,16416,180
2020-02-08,1,15673,642,1448,1039,1060,5460,1068,79,2982,443,1528,15747,75
2020-02-08,2,15270,638,1425,1019,1049,5248,1042,81,2877,432,1506,15317,47
2020-02-08,3,15022,630,1420,1016,1042,5132,1034,83,2819,427,1503,15108,86
2020-02-08,4,14890,636,1351,995,1036,5067,1040,84,2825,423,1500,14956,66
2020-02-08,5,14918,637,1329,1011,1055,5090,1058,85,2845,425,1504,15040,122
2020-02-08,6,15201,631,1323,1038,1088,5174,1088,87,2873,442,1530,15274,73
2020-02-08,7,15720,629,1355,1092,1142,5370,1159,91,3029,462,1587,15916,196
2020-02-08,8,16422,643,1448,1139,1197,5621,1240,95,3145,490,1678,16696,274
2020-02-08,9,17245,657,1477,1186,1227,5870,1291,97,3296,517,1731,17349,104
2020-02-08,10,17669,669,1473,1206,1221,6145,1293,99,3375,542,1769,17792,123
2020-02-08,11,17963,678,1449,1229,1197,6275,1271,96,3415,550,1760,17919,-44
2020-02-08,12,17874,680,1433,1239,1131,6312,1232,96,3415,556,1694,17788,-86
2020-02-08,13,17500,675,1394,1227,1065,6280,1190,94,3396,553,1647,17520,20
2020-02-08,14,17246,665,1373,1217,1013,6199,1142,93,3320,547,1674,17243,-2
2020-02-08,15,16925,654,1368,1197,1009,6099,1111,103,3264,540,1681,17026,100
2020-02-08,16,16910,645,1376,1194,1040,6059,1125,105,3270,529,1717,17061,151
2020-02-08,17,17393,644,1432,1241,1151,6148,1204,107,3354,544,1765,17591,198
2020-02-08,18,18369,642,1492,1344,1293,6363,1332,110,3511,562,1777,18425,56
2020-02-08,19,18890,660,1525,1370,1332,6578,1392,110,3601,575,1778,18921,31
2020-02-08,20,18364,646,1507,1328,1305,6490,1369,99,3507,558,1728,18536,172
2020-02-08,21,17774,626,1498,1277,1274,6352,1323,93,3417,541,1690,18091,317
2020-02-08,22,17272,623,1479,1243,1237,6147,1267,94,3297,524,1639,17550,278
2020-02-08,23,16784,623,1463,1187,1190,5907,1208,91,3188,499,1571,16927,143
2020-02-08,24,16010,613,1421,1136,1145,5593,1142,81,3047,470,1517,16165,155
2020-02-09,1,15490,607,1397,1081,1116,5342,1103,76,2918,451,1523,15613,123
2020-02-09,2,15035,573,1363,1068,1098,5154,1072,76,2829,432,1510,15174,140
2020-02-09,3,14756,543,1364,1055,1097,5011,1054,75,2809,424,1501,14934,178
2020-02-09,4,14665,521,1359,1054,1103,4918,1052,74,2772,420,1503,14776,111
2020-02-09,5,14746,539,1381,1059,1122,4893,1055,74,2766,424,1491,14803,57
2020-02-09,6,14889,546,1377,1090,1146,4904,1060,74,2790,433,1496,14916,27
2020-02-09,7,15188,552,1402,1107,1198,5013,1089,77,2906,446,1521,15309,120
2020-02-09,8,15704,563,1419,1143,1250,5203,1137,84,3026,469,1553,15846,142
2020-02-09,9,16330,576,1440,1184,1282,5435,1188,87,3117,491,1588,16386,56
2020-02-09,10,16641,586,1458,1198,1227,5671,1191,83,3181,502,1577,16675,33
2020-02-09,11,16671,591,1466,1205,1172,5841,1175,83,3205,507,1515,16762,92
2020-02-09,12,16784,582,1443,1201,1178,6009,1164,83,3276,518,1453,16908,124
2020-02-09,13,16734,566,1431,1185,1165,6082,1141,80,3251,509,1506,16917,183
2020-02-09,14,16564,591,1406,1174,1133,6033,1114,78,3186,501,1575,16792,228
2020-02-09,15,16621,576,1398,1177,1156,6019,1126,81,3197,495,1645,16870,250
2020-02-09,16,16853,579,1423,1193,1188,6042,1162,79,3223,508,1670,17068,215
2020-02-09,17,17487,592,1461,1234,1259,6173,1231,80,3344,524,1716,17613,126
2020-02-09,18,17928,612,1474,1323,1319,6409,1299,79,3450,542,1673,18180,252
2020-02-09,19,18122,634,1484,1338,1304,6510,1303,77,3475,540,1626,18291,169
2020-02-09,20,17764,642,1464,1293,1255,6453,1267,79,3440,527,1601,18021,258
2020-02-09,21,17483,641,1450,1238,1207,6343,1213,79,3370,513,1587,17640,157
2020-02-09,22,16849,630,1422,1173,1137,6056,1148,80,3226,491,1541,16905,56
2020-02-09,23,16047,618,1386,1094,1077,5793,1060,76,3084,464,1487,16139,92
2020-02-09,24,15180,603,1344,1027,1037,5461,974,70,2932,434,1453,15335,156
2020-02-10,1,14718,587,1324,967,1009,5189,916,64,2820,417,1467,14760,42
2020-02-10,2,14309,583,1290,934,987,4972,894,65,2733,409,1452,14319,10
2020-02-10,3,14124,580,1289,924,977,4863,891,67,2677,446,1466,14179,55
2020-02-10,4,14110,563,1273,921,967,4793,889,67,2716,456,1469,14114,3
2020-02-10,5,14221,550,1312,928,965,4856,895,69,2770,457,1486,14287,66
2020-02-10,6,14626,548,1278,978,985,5060,942,75,2819,418,1554,14657,31
2020-02-10,7,15949,575,1308,1088,1052,5550,1030,78,3172,457,1680,15989,40
2020-02-10,8,17341,602,1371,1172,1119,6129,1130,87,3447,511,1830,17398,56
2020-02-10,9,17728,609,1370,1178,1125,6292,1146,89,3535,524,1872,17739,11
2020-02-10,10,17745,592,1351,1178,1109,6364,1135,88,3504,564,1828,17714,-32
2020-02-10,11,17451,573,1344,1164,1058,6400,1122,87,3448,572,1808,17573,122
2020-02-10,12,17239,563,1354,1180,986,6402,1113,75,3401,561,1744,17379,140
2020-02-10,13,16978,571,1339,1134,906,6392,1106,76,3382,541,1726,17174,196
2020-02-10,14,16910,562,1321,1099,868,6427,1084,85,3358,535,1719,17060,150
2020-02-10,15,16929,567,1305,1054,846,6370,1076,88,3399,531,1725,16960,31
2020-02-10,16,16897,559,1281,1088,882,6385,1088,90,3405,554,1751,17083,186
2020-02-10,17,17507,562,1366,1167,1025,6496,1143,94,3454,572,1824,17704,198
2020-02-10,18,18301,571,1423,1263,1169,6687,1229,97,3551,578,1872,18441,140
2020-02-10,19,18731,593,1443,1270,1184,6860,1277,96,3634,594,1880,18830,99
2020-02-10,20,18459,600,1440,1255,1179,6766,1269,94,3593,606,1861,18661,202
2020-02-10,21,18037,585,1433,1219,1137,6600,1238,91,3512,589,1831,18234,197
2020-02-10,22,17307,597,1391,1157,1079,6302,1165,88,3366,581,1761,17486,179
2020-02-10,23,16331,584,1370,1083,1002,5931,1076,84,3176,540,1678,16523,192
2020-02-10,24,15258,570,1313,1002,931,5491,983,80,2986,505,1601,15464,206
2020-02-11,1,14602,552,1288,946,891,5184,932,78,2834,474,1577,14756,154
2020-02-11,2,14174,545,1265,905,861,4970,900,77,2775,466,1550,14314,141
2020-02-11,3,13917,543,1293,894,855,4862,882,73,2710,447,1536,14095,178
2020-02-11,4,13758,540,1290,880,847,4812,870,74,2667,442,1539,13960,203
2020-02-11,5,13892,540,1294,896,857,4821,887,74,2725,443,1556,14094,202
2020-02-11,6,14393,529,1251,951,906,5054,937,78,2823,486,1610,14624,231
2020-02-11,7,15654,544,1297,1090,994,5579,1037,87,3072,510,1726,15937,283
2020-02-11,8,17087,580,1363,1173,1069,6047,1129,91,3337,574,1868,17229,142
2020-02-11,9,17417,603,1398,1194,1061,6233,1146,87,3421,563,1878,17585,168
2020-02-11,10,17470,597,1390,1195,1008,6351,1127,86,3396,573,1843,17565,95
2020-02-11,11,17210,575,1389,1169,955,6382,1073,77,3336,564,1730,17248,38
2020-02-11,12,16630,556,1355,1161,913,6395,985,76,3277,553,1565,16834,204
2020-02-11,13,16230,543,1344,1138,862,6366,927,78,3169,522,1515,16464,234
2020-02-11,14,16121,540,1351,1121,828,6343,925,107,3128,525,1570,16438,316
2020-02-11,15,16185,528,1375,1104,864,6335,959,95,3217,520,1604,16601,416
2020-02-11,16,16682,535,1357,1144,939,6388,1042,80,3257,530,1691,16963,281
2020-02-11,17,17324,556,1409,1172,1049,6459,1128,80,3349,551,1765,17518,194
2020-02-11,18,18016,583,1412,1240,1149,6708,1217,80,3473,567,1799,18227,211
2020-02-11,19,18354,601,1425,1236,1165,6801,1252,77,3541,571,1782,18451,97
2020-02-11,20,18143,634,1423,1213,1145,6741,1245,74,3502,568,1750,18295,152
2020-02-11,21,17711,631,1432,1177,1111,6577,1225,73,3455,583,1705,17969,258
2020-02-11,22,17072,618,1401,1118,1052,6319,1161,71,3335,554,1678,17307,235
2020-02-11,23,16057,553,1371,1006,968,5932,1066,68,3137,523,1636,16260,203
2020-02-11,24,15084,525,1332,936,908,5519,980,69,2955,476,1565,15266,182
2020-02-12,1,14510,555,1304,887,866,5195,922,68,2807,478,1557,14638,128
2020-02-12,2,14139,564,1279,865,840,5009,892,63,2746,453,1544,14254,115
2020-02-12,3,13857,564,1267,850,834,4851,873,63,2710,453,1545,14011,154
2020-02-12,4,13799,572,1262,854,843,4804,872,65,2729,451,1529,13981,182
2020-02-12,5,14064,588,1311,887,858,4843,889,69,2776,447,1539,14207,143
2020-02-12,6,14657,585,1280,944,906,5079,941,70,2868,475,1602,14750,93
2020-02-12,7,15898,598,1317,1045,1006,5614,1046,77,3112,518,1733,16067,169
2020-02-12,8,17108,598,1358,1111,1038,6149,1148,82,3359,549,1857,17249,141
2020-02-12,9,17052,613,1381,1083,917,6271,1095,85,3412,559,1837,17253,201
2020-02-12,10,16633,607,1359,1082,784,6332,971,87,3304,546,1750,16822,189
2020-02-12,11,16215,600,1346,1056,674,6303,933,76,3252,540,1669,16449,234
2020-02-12,12,15849,584,1316,1039,601,6300,875,75,3140,539,1677,16145,296
2020-02-12,13,15718,593,1292,1038,572,6283,876,71,3187,538,1687,16136,418
2020-02-12,14,15977,580,1298,1013,624,6310,903,71,3220,537,1725,16281,304
2020-02-12,15,16167,582,1299,1027,727,6313,947,73,3175,544,1731,16418,251
2020-02-12,16,16610,563,1308,1093,859,6356,1024,78,3215,546,1767,16809,199
2020-02-12,17,17381,575,1366,1143,1008,6457,1107,77,3325,558,1859,17476,96
2020-02-12,18,18154,606,1395,1233,1114,6640,1225,80,3461,579,1896,18230,77
2020-02-12,19,18598,633,1438,1250,1147,6783,1279,79,3561,584,1865,18618,19
2020-02-12,20,18401,692,1434,1237,1134,6681,1266,77,3522,599,1852,18495,95
2020-02-12,21,17995,674,1439,1203,1102,6533,1233,79,3447,582,1840,18133,139
2020-02-12,22,17270,669,1392,1139,1035,6258,1159,76,3375,554,1746,17403,133
2020-02-12,23,16203,668,1386,1043,968,5861,1069,73,3160,493,1658,16378,175
2020-02-12,24,15237,677,1354,958,897,5433,979,75,2935,472,1566,15346,109
2020-02-13,1,14743,667,1335,896,855,5121,935,75,2850,457,1556,14746,3
2020-02-13,2,14373,659,1326,870,832,5010,912,78,2773,445,1530,14435,62
2020-02-13,3,14097,654,1312,870,836,4924,896,80,2739,453,1520,14284,186
2020-02-13,4,13951,654,1267,864,831,4881,893,80,2705,432,1503,14109,158
2020-02-13,5,14062,652,1270,886,856,4939,908,76,2720,457,1514,14278,216
2020-02-13,6,14847,652,1274,980,954,5157,961,82,2858,463,1572,14952,106
2020-02-13,7,16212,648,1373,1085,1025,5649,1073,88,3134,522,1712,16309,97
2020-02-13,8,17411,642,1420,1145,1075,6167,1173,91,3393,554,1842,17503,92
2020-02-13,9,17772,662,1463,1153,1085,6390,1203,90,3448,560,1889,17943,172
2020-02-13,10,17883,659,1441,1175,1061,6528,1200,86,3434,566,1882,18032,149
2020-02-13,11,17690,631,1436,1183,999,6570,1193,86,3433,568,1870,17970,280
2020-02-13,12,17554,622,1367,1174,931,6642,1184,84,3438,569,1854,17863,309
2020-02-13,13,17560,608,1352,1174,946,6669,1162,85,3436,562,1819,17813,253
2020-02-13,14,17469,598,1359,1185,950,6684,1168,86,3468,562,1773,17832,364
2020-02-13,15,17551,588,1362,1190,993,6655,1185,89,3449,564,1748,17825,275
2020-02-13,16,17653,588,1353,1232,1061,6701,1198,91,3385,572,1752,17935,282
2020-02-13,17,18055,578,1438,1266,1141,6756,1245,94,3437,581,1810,18346,290
2020-02-13,18,18767,594,1462,1338,1213,6916,1341,98,3537,595,1834,18927,159
2020-02-13,19,19232,623,1487,1352,1250,7146,1410,95,3614,611,1834,19420,188
2020-02-13,20,19216,676,1497,1333,1263,7100,1417,94,3659,631,1828,19498,282
2020-02-13,21,19163,682,1497,1314,1250,7000,1421,93,3655,612,1828,19352,188
2020-02-13,22,18994,684,1489,1267,1202,6742,1379,91,3559,606,1790,18807,-187
2020-02-13,23,17689,685,1447,1184,1138,6391,1299,90,3381,563,1675,17852,163
2020-02-13,24,16714,682,1356,1118,1075,6007,1218,89,3176,536,1587,16842,128
2020-02-14,1,16182,662,1354,1067,1026,5727,1170,87,3085,513,1584,16276,93
2020-02-14,2,15743,655,1383,1044,1027,5540,1146,84,3009,513,1563,15965,222
2020-02-14,3,15735,659,1397,1038,1036,5431,1141,84,3015,493,1579,15873,138
2020-02-14,4,15895,663,1386,1034,1051,5403,1149,88,3003,491,1595,15864,-31
2020-02-14,5,16069,661,1415,1065,1077,5457,1171,91,3055,487,1609,16088,19
2020-02-14,6,16610,668,1400,1138,1142,5653,1219,95,3187,515,1654,16672,62
2020-02-14,7,17912,704,1454,1261,1249,6111,1332,101,3460,550,1765,17986,73
2020-02-14,8,19291,692,1548,1344,1312,6608,1427,103,3703,593,1921,19249,-42
2020-02-14,9,19278,697,1609,1301,1235,6788,1426,104,3723,613,1937,19432,153
2020-02-14,10,19040,670,1599,1284,1120,6883,1369,102,3667,626,1885,19206,166
2020-02-14,11,18582,629,1550,1241,1004,6918,1318,103,3607,623,1792,18784,202
2020-02-14,12,18115,612,1479,1211,885,6913,1268,100,3593,619,1699,18380,265
2020-02-14,13,17724,615,1455,1198,794,6850,1224,98,3524,603,1629,17989,265
2020-02-14,14,17484,608,1411,1214,753,6793,1217,96,3518,597,1634,17842,358
2020-02-14,15,17526,619,1419,1198,774,6742,1230,96,3515,587,1653,17833,307
2020-02-14,16,17890,617,1395,1221,881,6759,1269,94,3506,584,1696,18021,131
2020-02-14,17,18302,619,1462,1265,1089,6807,1334,92,3595,584,1807,18654,352
2020-02-14,18,19152,623,1516,1354,1282,6908,1413,96,3718,608,1886,19404,252
2020-02-14,19,19630,639,1528,1374,1331,7052,1455,137,3762,632,1904,19813,183
2020-02-14,20,19393,652,1517,1367,1319,6966,1439,140,3731,626,1875,19634,240
2020-02-14,21,18903,653,1515,1349,1285,6777,1409,137,3692,614,1845,19276,374
2020-02-14,22,18256,658,1507,1283,1234,6560,1359,126,3503,590,1773,18595,339
2020-02-14,23,17365,668,1458,1205,1171,6217,1270,123,3308,556,1688,17663,299
2020-02-14,24,16267,653,1434,1143,1096,5814,1172,122,3117,518,1569,16639,372
2020-02-15,1,15553,640,1428,1073,1052,5500,1097,118,2930,488,1541,15868,315
2020-02-15,2,15119,618,1400,1077,1025,5304,1059,119,2793,468,1517,15379,259
2020-02-15,3,14757,592,1414,1033,1024,5214,1041,108,2727,457,1506,15116,359
2020-02-15,4,14752,587,1400,1027,1031,5156,1034,105,2705,451,1490,14985,234
2020-02-15,5,14744,580,1389,1051,1034,5142,1036,113,2729,450,1474,14998,254
2020-02-15,6,14976,572,1385,1045,1056,5204,1056,113,2821,457,1484,15193,217
2020-02-15,7,15451,576,1407,1091,1089,5386,1104,120,2847,480,1546,15647,196
2020-02-15,8,16005,589,1385,1124,1130,5569,1169,124,2991,506,1616,16202,197
2020-02-15,9,16434,604,1441,1192,1127,5809,1180,125,3099,530,1596,16704,270
2020-02-15,10,16610,620,1465,1181,1039,5986,1149,126,3131,541,1591,16829,219
2020-02-15,11,16533,638,1495,1158,941,6160,1102,123,3136,543,1481,16778,245
2020-02-15,12,16427,623,1476,1141,898,6200,1055,119,3122,544,1413,16590,163
2020-02-15,13,16193,623,1469,1131,819,6172,1003,117,3058,533,1482,16407,214
2020-02-15,14,16000,611,1468,1117,751,6058,971,115,3028,524,1573,16217,217
2020-02-15,15,15997,596,1463,1119,787,6007,1061,116,3126,520,1539,16334,337
2020-02-15,16,16592,587,1431,1148,883,6108,1196,117,3135,543,1550,16698,106
2020-02-15,17,17102,594,1448,1180,1029,6210,1263,118,3184,560,1623,17209,107
2020-02-15,18,17783,597,1442,1270,1201,6354,1332,119,3312,564,1669,17860,78
2020-02-15,19,18050,631,1470,1276,1217,6460,1356,118,3335,569,1637,18069,19
2020-02-15,20,17485,642,1456,1235,1169,6310,1311,117,3248,551,1598,17638,153
2020-02-15,21,16972,641,1443,1185,1116,6146,1259,115,3195,528,1546,17175,203
2020-02-15,22,16384,644,1410,1150,1065,5940,1198,112,3107,505,1488,16620,236
2020-02-15,23,15691,641,1400,1102,1005,5675,1116,112,2927,487,1431,15896,205
2020-02-15,24,14935,631,1385,1040,952,5409,1031,109,2752,460,1364,15134,199
2020-02-16,1,14266,624,1364,988,913,5139,968,105,2637,438,1354,14532,266
2020-02-16,2,13791,613,1343,933,873,4913,932,107,2528,423,1357,14021,230
2020-02-16,3,13636,619,1344,931,858,4781,906,107,2520,435,1366,13869,233
2020-02-16,4,13625,618,1333,929,860,4694,890,108,2507,419,1374,13733,108
2020-02-16,5,13612,617,1333,919,871,4689,896,110,2500,409,1387,13731,120
2020-02-16,6,13704,612,1322,913,886,4734,913,109,2552,419,1415,13873,168
2020-02-16,7,14156,624,1351,927,923,4819,947,113,2638,439,1475,14256,100
2020-02-16,8,14613,635,1331,959,973,4949,1006,117,2729,457,1547,14702,89
2020-02-16,9,15078,642,1364,990,996,5126,1051,120,2821,485,1591,15186,108
2020-02-16,10,15329,626,1313,1013,959,5394,1057,120,2823,501,1590,15394,65
2020-02-16,11,15178,586,1332,965,863,5474,1020,118,2806,520,1521,15205,26
2020-02-16,12,14821,575,1326,955,773,5490,970,118,2822,518,1438,14984,163
2020-02-16,13,14612,565,1328,984,757,5502,952,118,2775,500,1384,14866,255
2020-02-16,14,14407,557,1324,972,738,5440,937,124,2708,490,1345,14636,229
2020-02-16,15,14410,556,1330,986,733,5442,948,126,2688,486,1320,14614,204
2020-02-16,16,14586,515,1331,999,803,5453,1027,128,2761,487,1377,14880,294
2020-02-16,17,15347,515,1389,1045,922,5572,1131,129,2917,505,1518,15642,295
2020-02-16,18,16399,542,1400,1135,1073,5817,1238,132,3112,526,1615,16590,192
2020-02-16,19,17061,574,1435,1153,1107,6064,1291,131,3226,550,1615,17145,85
2020-02-16,20,16743,583,1415,1120,1080,5980,1254,129,3157,536,1594,16848,105
2020-02-16,21,16416,575,1416,1084,1046,5886,1211,127,3109,522,1566,16541,125
2020-02-16,22,15912,581,1402,1045,1008,5709,1161,124,3047,512,1537,16125,213
2020-02-16,23,15265,574,1369,981,950,5453,1088,119,2923,494,1493,15445,180
2020-02-16,24,14506,596,1328,927,895,5201,1013,117,2786,465,1435,14763,258
2020-02-17,1,14085,604,1317,884,873,4955,956,120,2711,453,1437,14311,226
2020-02-17,2,13862,594,1313,852,861,4818,929,119,2612,433,1452,13983,121
2020-02-17,3,13658,585,1335,845,858,4714,917,120,2595,432,1444,13846,188
2020-02-17,4,13648,593,1355,855,870,4671,913,122,2582,429,1446,13835,187
2020-02-17,5,13791,596,1352,877,884,4680,923,119,2612,432,1457,13934,142
2020-02-17,6,14085,592,1335,914,903,4775,953,87,2686,438,1471,14155,70
2020-02-17,7,14512,600,1335,992,952,4952,1007,91,2792,467,1544,14732,220
2020-02-17,8,14925,582,1339,1021,959,5073,1062,95,2892,487,1624,15134,210
2020-02-17,9,15043,582,1346,1031,818,5199,1090,97,2914,509,1610,15194,152
2020-02-17,10,14870,590,1345,1037,662,5323,1050,97,2920,506,1549,15080,210
2020-02-17,11,14694,591,1355,1019,557,5435,941,94,2943,510,1467,14912,218
2020-02-17,12,14599,589,1322,1023,518,5538,884,94,2975,516,1424,14882,284
2020-02-17,13,14514,586,1319,1023,502,5571,855,92,2955,506,1406,14816,302
2020-02-17,14,14497,594,1298,1004,472,5514,824,88,2890,487,1480,14651,154
2020-02-17,15,14491,596,1289,1009,480,5445,813,88,2878,493,1544,14635,144
2020-02-17,16,14896,597,1293,1049,608,5471,861,89,2884,494,1634,14979,83
2020-02-17,17,15846,601,1373,1141,872,5628,1007,93,3067,531,1719,16032,186
2020-02-17,18,17072,613,1431,1258,1108,5963,1199,95,3216,564,1759,17207,135
2020-02-17,19,17684,622,1473,1283,1156,6232,1258,93,3278,574,1712,17681,-2
2020-02-17,20,17346,634,1472,1252,1144,6187,1237,93,3278,564,1665,17525,179
2020-02-17,21,16939,634,1451,1226,1115,6065,1211,85,3216,548,1622,17174,234
2020-02-17,22,16291,631,1422,1157,1056,5860,1148,77,3068,533,1539,16490,199
2020-02-17,23,15419,618,1379,1095,986,5508,1057,73,2920,492,1449,15578,159
2020-02-17,24,14560,607,1325,1016,919,5166,973,68,2779,468,1366,14688,128
2020-02-18,1,13888,579,1321,973,883,4892,918,64,2684,455,1347,14118,230
2020-02-18,2,13529,570,1301,962,878,4776,885,58,2609,440,1348,13826,297
2020-02-18,3,13537,575,1301,955,875,4756,875,59,2596,459,1354,13805,268
2020-02-18,4,13571,574,1308,951,875,4743,879,61,2593,465,1362,13809,238
2020-02-18,5,13785,571,1332,964,905,4797,899,60,2623,466,1405,14024,240
2020-02-18,6,14413,569,1330,1030,949,5025,954,61,2722,455,1471,14564,150
2020-02-18,7,15828,559,1387,1150,1038,5519,1063,70,3009,484,1565,15844,17
2020-02-18,8,16930,577,1402,1255,1110,6099,1160,76,3310,528,1613,17130,200
2020-02-18,9,17452,592,1421,1253,1114,6303,1225,76,3327,542,1642,17495,43
2020-02-18,10,17588,600,1408,1268,1104,6423,1250,72,3306,551,1677,17658,70
2020-02-18,11,17693,590,1423,1261,1100,6561,1218,72,3267,557,1679,17730,37
2020-02-18,12,17684,574,1418,1280,1093,6640,1204,62,3261,557,1623,17712,28
2020-02-18,13,17400,565,1422,1284,1073,6551,1186,61,3257,556,1630,17585,185
2020-02-18,14,17170,556,1407,1263,1041,6524,1167,61,3262,543,1594,17419,249
2020-02-18,15,17025,552,1435,1265,1021,6496,1151,71,3272,534,1571,17368,343
2020-02-18,16,17159,541,1409,1258,1026,6530,1184,71,3339,546,1587,17490,331
2020-02-18,17,17560,550,1441,1269,1083,6620,1239,72,3369,570,1648,17861,301
2020-02-18,18,18257,565,1446,1301,1151,6708,1302,74,3473,581,1717,18317,60
2020-02-18,19,18565,591,1456,1273,1165,6780,1328,74,3523,581,1751,18520,-45
2020-02-18,20,18372,649,1454,1243,1146,6695,1322,76,3495,576,1757,18415,43
2020-02-18,21,18010,655,1489,1180,1108,6555,1287,79,3387,587,1743,18071,60
2020-02-18,22,17230,660,1452,1118,1039,6281,1225,75,3254,557,1675,17336,106
2020-02-18,23,16147,626,1405,1033,959,5915,1143,71,3060,532,1596,16340,193
2020-02-18,24,15198,625,1340,974,892,5478,1060,68,2918,489,1510,15356,158
2020-02-19,1,14438,614,1282,925,855,5157,1006,67,2732,463,1484,14584,145
2020-02-19,2,13973,609,1255,889,838,4971,973,67,2651,489,1481,14222,250
2020-02-19,3,13997,606,1256,876,835,4862,957,64,2644,457,1516,14074,77
2020-02-19,4,14031,611,1245,882,840,4841,954,63,2657,462,1512,14067,36
2020-02-19,5,14142,603,1271,906,857,4904,984,62,2662,449,1499,14196,54
2020-02-19,6,14685,605,1289,973,907,5146,1039,68,2733,467,1520,14746,61
2020-02-19,7,15947,625,1344,1091,1006,5642,1144,76,3069,504,1638,16137,190
2020-02-19,8,17510,621,1423,1179,1024,6202,1247,84,3356,550,1775,17460,-50
2020-02-19,9,17408,650,1422,1156,870,6355,1191,88,3361,580,1727,17398,-10
2020-02-19,10,16872,638,1400,1100,619,6418,1095,91,3332,579,1618,16891,18
2020-02-19,11,16428,613,1387,1078,514,6463,1074,78,3315,580,1549,16651,223
2020-02-19,12,16322,591,1319,1108,499,6530,1016,76,3318,570,1515,16542,220
2020-02-19,13,16322,585,1329,1097,479,6469,986,77,3315,566,1502,16404,82
2020-02-19,14,16014,578,1315,1071,455,6435,1004,82,3293,567,1489,16289,276
2020-02-19,15,16102,571,1333,1075,499,6485,1039,87,3269,563,1487,16410,308
2020-02-19,16,16649,557,1303,1089,644,6567,1117,90,3307,570,1534,16779,130
2020-02-19,17,17587,569,1342,1178,908,6683,1238,93,3440,588,1673,17712,125
2020-02-19,18,18611,584,1379,1287,1164,6835,1353,91,3565,601,1824,18684,73
2020-02-19,19,19279,623,1460,1309,1236,7002,1417,89,3701,620,1868,19325,46
2020-02-19,20,19170,652,1479,1295,1238,6927,1415,87,3675,640,1877,19286,115
2020-02-19,21,18772,658,1482,1252,1211,6785,1393,83,3623,614,1849,18950,177
2020-02-19,22,18087,660,1457,1197,1151,6526,1331,77,3535,592,1773,18300,213
2020-02-19,23,17043,637,1428,1115,1065,6113,1239,74,3329,555,1674,17230,188
2020-02-19,24,15970,660,1377,1036,999,5698,1146,75,3071,501,1564,16127,158
2020-02-20,1,15190,659,1297,978,966,5380,1084,79,2898,491,1549,15379,189
2020-02-20,2,14797,650,1294,966,952,5195,1064,76,2784,476,1534,14990,193
2020-02-20,3,14648,649,1285,956,958,5083,1056,76,2828,464,1530,14884,236
2020-02-20,4,14773,649,1272,961,966,5040,1055,74,2856,482,1542,14898,125
2020-02-20,5,14932,642,1281,979,981,5070,1075,77,2886,478,1567,15038,106
2020-02-20,6,15563,636,1309,1053,1038,5315,1130,83,3012,490,1628,15696,133
2020-02-20,7,16951,655,1362,1177,1141,5814,1235,93,3251,529,1739,16998,47
2020-02-20,8,18091,655,1422,1237,1162,6329,1341,101,3459,575,1869,18149,58
2020-02-20,9,17944,650,1444,1176,987,6472,1339,103,3509,572,1816,18068,123
2020-02-20,10,17318,622,1414,1118,740,6508,1307,101,3438,567,1676,17490,172
2020-02-20,11,16854,594,1403,1122,607,6499,1246,101,3401,570,1628,17170,316
2020-02-20,12,16680,578,1376,1111,581,6474,1189,99,3377,575,1589,16950,270
2020-02-20,13,16665,569,1393,1120,580,6476,1139,97,3341,585,1571,16871,206
2020-02-20,14,16791,560,1368,1100,559,6559,1119,89,3407,575,1569,16904,113
2020-02-20,15,16831,556,1353,1104,584,6535,1104,86,3429,568,1615,16935,104
2020-02-20,16,17183,559,1349,1136,705,6597,1136,89,3451,542,1673,17236,54
2020-02-20,17,17810,547,1403,1214,960,6690,1229,96,3509,559,1774,17981,171
2020-02-20,18,18653,567,1442,1325,1216,6779,1353,98,3639,570,1873,18862,208
2020-02-20,19,19498,601,1500,1353,1283,7078,1436,99,3780,584,1909,19623,125
2020-02-20,20,19610,638,1527,1330,1289,7028,1463,97,3762,612,1915,19663,53
2020-02-20,21,19184,634,1518,1305,1279,6880,1437,92,3715,595,1891,19346,162
2020-02-20,22,18571,640,1505,1234,1221,6642,1382,86,3589,593,1813,18706,135
2020-02-20,23,17509,627,1454,1157,1147,6247,1294,84,3399,538,1738,17685,175
2020-02-20,24,16303,578,1390,1090,1087,5842,1201,77,3112,524,1654,16555,252
2020-02-21,1,15749,569,1371,1046,1056,5586,1145,71,3006,485,1657,15992,243
2020-02-21,2,15378,577,1349,1020,1044,5352,1117,68,2916,481,1622,15545,167
2020-02-21,3,15085,549,1338,1018,1033,5260,1099,68,2858,460,1600,15284,199
2020-02-21,4,14856,517,1283,1011,1033,5192,1094,72,2832,454,1599,15088,233
2020-02-21,5,14979,517,1289,1043,1054,5244,1102,75,2844,450,1616,15235,256
2020-02-21,6,15638,512,1282,1073,1094,5442,1146,79,2975,475,1651,15731,93
2020-02-21,7,16713,529,1354,1197,1175,5891,1237,82,3190,505,1733,16892,179
2020-02-21,8,17577,576,1399,1261,1178,6286,1305,83,3334,543,1826,17791,215
2020-02-21,9,17345,578,1393,1222,986,6450,1276,82,3384,535,1795,17700,356
2020-02-21,10,16956,551,1362,1157,794,6513,1207,76,3361,523,1681,17225,269
2020-02-21,11,16417,524,1355,1112,633,6495,1133,76,3274,515,1569,16686,269
2020-02-21,12,16001,489,1325,1107,597,6502,1059,76,3209,515,1472,16351,350
2020-02-21,13,15790,490,1333,1108,568,6463,1009,70,3170,506,1405,16122,332
2020-02-21,14,15597,474,1297,1098,535,6416,966,67,3126,509,1388,15877,280
2020-02-21,15,15394,493,1310,1065,543,6342,945,70,3086,504,1380,15740,346
2020-02-21,16,15543,481,1312,1084,652,6305,974,70,3088,504,1400,15870,327
2020-02-21,17,16216,509,1343,1142,885,6355,1088,72,3169,518,1498,16578,362
2020-02-21,18,17198,528,1368,1234,1125,6502,1243,70,3318,537,1626,17552,354
2020-02-21,19,18018,558,1411,1260,1194,6708,1273,69,3483,561,1676,18194,177
2020-02-21,20,18020,614,1420,1235,1184,6711,1279,70,3496,565,1663,18237,218
2020-02-21,21,17718,586,1428,1208,1152,6578,1262,70,3449,545,1638,17916,198
2020-02-21,22,17131,572,1392,1133,1097,6372,1209,70,3346,525,1570,17285,155
2020-02-21,23,16187,571,1365,1053,1035,5985,1127,69,3179,501,1491,16375,188
2020-02-21,24,15075,559,1332,992,978,5583,1035,65,2957,467,1391,15359,284
