"Year","Month","Day","Hour","Toronto","Ottawa","Bruce","Difference","Holiday & Weekends","
"
"2020","1","1","1","4718","914","64","200"
"2020","1","1","2","4571","887","60","187"
"2020","1","1","3","4443","865","60","214"
"2020","1","1","4","4356","852","59","231"
"2020","1","1","5","4317","852","60","232"
"2020","1","1","6","4343","870","64","226"
"2020","1","1","7","4437","902","66","283"
"2020","1","1","8","4519","921","68","94"
"2020","1","1","9","4563","940","72","151"
"2020","1","1","10","4705","975","75","145"
"2020","1","1","11","4899","1001","74","181"
"2020","1","1","12","5074","1023","71","125"
"2020","1","1","13","5222","1043","72","67"
"2020","1","1","14","5263","1041","73","95"
"2020","1","1","15","5242","1033","70","19"
"2020","1","1","16","5224","1025","72","142"
"2020","1","1","17","5360","1096","76","152"
"2020","1","1","18","5768","1158","76","200"
"2020","1","1","19","5787","1127","69","178"
"2020","1","1","20","5691","1096","63","134"
"2020","1","1","21","5583","1068","62","179"
"2020","1","1","22","5419","1043","57","57"
"2020","1","1","23","5182","989","57","203"
"2020","1","1","24","4889","925","58","114"
"2020","1","2","1","4641","879","55","180"
"2020","1","2","2","4464","852","54","177"
"2020","1","2","3","4348","839","53","171"
"2020","1","2","4","4301","836","53","214"
"2020","1","2","5","4326","854","53","235"
"2020","1","2","6","4511","897","54","208"
"2020","1","2","7","4891","982","58","102"
"2020","1","2","8","5341","1047","62","95"
"2020","1","2","9","5571","1078","64","204"
"2020","1","2","10","5689","1094","66","157"
"2020","1","2","11","5750","1096","63","86"
"2020","1","2","12","5924","1098","64","35"
"2020","1","2","13","5942","1085","65","221"
"2020","1","2","14","5960","1066","59","84"
"2020","1","2","15","5917","1074","60","97"
"2020","1","2","16","5891","1103","62","241"
"2020","1","2","17","6071","1166","63","124"
"2020","1","2","18","6327","1229","64","29"
"2020","1","2","19","6258","1198","61","130"
"2020","1","2","20","6137","1169","59","93"
"2020","1","2","21","5993","1133","59","39"
"2020","1","2","22","5758","1108","58","177"
"2020","1","2","23","5417","1028","57","176"
"2020","1","2","24","5039","942","58","159"
"2020","1","3","1","4729","885","55","188"
"2020","1","3","2","4516","847","52","93"
"2020","1","3","3","4381","844","55","226"
"2020","1","3","4","4316","834","55","207"
"2020","1","3","5","4339","834","59","214"
"2020","1","3","6","4513","884","61","-5"
"2020","1","3","7","4873","942","68","-84"
"2020","1","3","8","5302","1012","76","-30"
"2020","1","3","9","5555","1070","79","-11"
"2020","1","3","10","5704","1065","80","151"
"2020","1","3","11","5834","1063","81","63"
"2020","1","3","12","5919","1076","81","172"
"2020","1","3","13","5967","1088","79","-50"
"2020","1","3","14","5975","1085","79","-79"
"2020","1","3","15","5908","1092","81","104"
"2020","1","3","16","5877","1102","82","165"
"2020","1","3","17","6008","1154","83","96"
"2020","1","3","18","6228","1188","86","-4"
"2020","1","3","19","6163","1173","84","201"
"2020","1","3","20","6047","1146","82","237"
"2020","1","3","21","5926","1103","82","145"
"2020","1","3","22","5723","1053","103","143"
"2020","1","3","23","5427","1001","78","183"
"2020","1","3","24","5057","939","76","192"
"2020","1","4","1","4755","885","70","126"
"2020","1","4","2","4547","851","69","84"
"2020","1","4","3","4405","825","69","130"
"2020","1","4","4","4338","802","69","112"
"2020","1","4","5","4357","819","69","164"
"2020","1","4","6","4463","845","73","197"
"2020","1","4","7","4662","888","78","111"
"2020","1","4","8","4898","936","82","127"
"2020","1","4","9","5095","989","83","174"
"2020","1","4","10","5332","1038","82","186"
"2020","1","4","11","5529","1073","78","98"
"2020","1","4","12","5693","1077","77","111"
"2020","1","4","13","5759","1063","77","158"
"2020","1","4","14","5758","1064","71","149"
"2020","1","4","15","5717","1060","71","99"
"2020","1","4","16","5725","1101","74","166"
"2020","1","4","17","5854","1143","76","147"
"2020","1","4","18","6074","1186","78","109"
"2020","1","4","19","6032","1159","77","248"
"2020","1","4","20","5908","1125","70","207"
"2020","1","4","21","5777","1088","69","138"
"2020","1","4","22","5604","1050","66","89"
"2020","1","4","23","5348","992","65","167"
"2020","1","4","24","5055","929","61","189"
"2020","1","5","1","4788","880","55","72"
"2020","1","5","2","4577","861","53","116"
"2020","1","5","3","4436","842","55","160"
"2020","1","5","4","4353","848","52","136"
"2020","1","5","5","4331","851","58","106"
"2020","1","5","6","4372","872","63","95"
"2020","1","5","7","4516","900","74","99"
"2020","1","5","8","4696","945","75","88"
"2020","1","5","9","4854","1002","76","143"
"2020","1","5","10","5059","1042","82","114"
"2020","1","5","11","5206","1071","84","131"
"2020","1","5","12","5364","1084","78","247"
"2020","1","5","13","5535","1083","73","239"
"2020","1","5","14","5603","1070","77","240"
"2020","1","5","15","5654","1075","82","95"
"2020","1","5","16","5706","1113","81","143"
"2020","1","5","17","5954","1207","83","218"
"2020","1","5","18","6246","1294","86","60"
"2020","1","5","19","6251","1271","79","131"
"2020","1","5","20","6172","1242","72","137"
"2020","1","5","21","6028","1224","66","130"
"2020","1","5","22","5806","1170","66","120"
"2020","1","5","23","5496","1091","67","118"
"2020","1","5","24","5147","1027","59","218"
"2020","1","6","1","4853","991","52","155"
"2020","1","6","2","4665","959","51","130"
"2020","1","6","3","4549","955","51","76"
"2020","1","6","4","4519","967","50","69"
"2020","1","6","5","4589","990","51","71"
"2020","1","6","6","4853","1052","54","55"
"2020","1","6","7","5330","1169","61","-5"
"2020","1","6","8","5981","1264","64","-36"
"2020","1","6","9","6080","1288","66","55"
"2020","1","6","10","6220","1270","65","78"
"2020","1","6","11","6312","1271","65","180"
"2020","1","6","12","6363","1263","54","142"
"2020","1","6","13","6382","1228","51","103"
"2020","1","6","14","6372","1241","59","184"
"2020","1","6","15","6298","1223","66","223"
"2020","1","6","16","6319","1237","69","213"
"2020","1","6","17","6513","1308","68","81"
"2020","1","6","18","6789","1387","70","-2"
"2020","1","6","19","6789","1346","69","172"
"2020","1","6","20","6687","1323","68","110"
"2020","1","6","21","6484","1288","65","87"
"2020","1","6","22","6214","1226","64","127"
"2020","1","6","23","5815","1129","60","139"
"2020","1","6","24","5376","1050","62","231"
"2020","1","7","1","5065","977","60","90"
"2020","1","7","2","4889","960","60","80"
"2020","1","7","3","4796","928","63","107"
"2020","1","7","4","4755","935","67","85"
"2020","1","7","5","4819","948","70","8"
"2020","1","7","6","5052","1000","72","22"
"2020","1","7","7","5555","1121","76","5"
"2020","1","7","8","6136","1211","79","51"
"2020","1","7","9","6307","1196","79","123"
"2020","1","7","10","6404","1166","76","169"
"2020","1","7","11","6439","1106","76","165"
"2020","1","7","12","6416","1079","76","143"
"2020","1","7","13","6346","1065","64","134"
"2020","1","7","14","6308","1094","72","238"
"2020","1","7","15","6285","1124","76","272"
"2020","1","7","16","6236","1141","83","227"
"2020","1","7","17","6363","1234","79","246"
"2020","1","7","18","6717","1310","70","248"
"2020","1","7","19","6683","1243","63","212"
"2020","1","7","20","6571","1257","60","243"
"2020","1","7","21","6409","1217","57","158"
"2020","1","7","22","6151","1153","56","189"
"2020","1","7","23","5767","1067","58","122"
"2020","1","7","24","5349","982","52","162"
"2020","1","8","1","5034","936","51","181"
"2020","1","8","2","4870","884","55","182"
"2020","1","8","3","4765","895","57","181"
"2020","1","8","4","4791","895","50","131"
"2020","1","8","5","4847","935","51","125"
"2020","1","8","6","5071","966","55","101"
"2020","1","8","7","5582","1079","63","78"
"2020","1","8","8","6148","1166","66","6"
"2020","1","8","9","6310","1151","68","90"
"2020","1","8","10","6367","1157","70","89"
"2020","1","8","11","6491","1155","71","200"
"2020","1","8","12","6527","1143","71","199"
"2020","1","8","13","6482","1130","70","201"
"2020","1","8","14","6515","1151","69","286"
"2020","1","8","15","6520","1155","75","257"
"2020","1","8","16","6604","1208","71","240"
"2020","1","8","17","6770","1281","73","253"
"2020","1","8","18","7083","1393","75","116"
"2020","1","8","19","7107","1367","74","-27"
"2020","1","8","20","7016","1335","75","-27"
"2020","1","8","21","6846","1289","79","-229"
"2020","1","8","22","6559","1229","81","-93"
"2020","1","8","23","6177","1155","82","54"
"2020","1","8","24","5751","1096","80","122"
"2020","1","9","1","5431","1051","77","164"
"2020","1","9","2","5223","1026","73","102"
"2020","1","9","3","5112","1021","74","171"
"2020","1","9","4","5077","1031","71","205"
"2020","1","9","5","5122","1057","74","139"
"2020","1","9","6","5325","1116","77","207"
"2020","1","9","7","5830","1233","80","228"
"2020","1","9","8","6411","1334","79","216"
"2020","1","9","9","6570","1314","79","174"
"2020","1","9","10","6686","1246","74","290"
"2020","1","9","11","6780","1213","69","310"
"2020","1","9","12","6792","1179","66","307"
"2020","1","9","13","6725","1187","64","312"
"2020","1","9","14","6690","1220","64","115"
"2020","1","9","15","6632","1223","65","187"
"2020","1","9","16","6652","1263","67","48"
"2020","1","9","17","6796","1354","67","93"
"2020","1","9","18","7101","1424","69","-41"
"2020","1","9","19","7055","1389","66","-76"
"2020","1","9","20","6882","1387","64","-53"
"2020","1","9","21","6698","1369","61","-40"
"2020","1","9","22","6413","1318","59","17"
"2020","1","9","23","5985","1189","54","65"
"2020","1","9","24","5564","1118","53","159"
"2020","1","10","1","5199","1045","49","28"
"2020","1","10","2","4968","1009","49","41"
"2020","1","10","3","4830","998","48","181"
"2020","1","10","4","4775","1006","49","173"
"2020","1","10","5","4800","1020","49","88"
"2020","1","10","6","4980","1056","49","114"
"2020","1","10","7","5456","1174","55","52"
"2020","1","10","8","6044","1268","59","90"
"2020","1","10","9","6256","1269","59","34"
"2020","1","10","10","6353","1265","59","231"
"2020","1","10","11","6456","1257","59","199"
"2020","1","10","12","6507","1242","64","139"
"2020","1","10","13","6478","1221","70","161"
"2020","1","10","14","6469","1197","72","20"
"2020","1","10","15","6407","1187","77","46"
"2020","1","10","16","6352","1183","85","-78"
"2020","1","10","17","6451","1222","90","-79"
"2020","1","10","18","6567","1251","92","-162"
"2020","1","10","19","6478","1225","88","130"
"2020","1","10","20","6343","1206","85","222"
"2020","1","10","21","6163","1171","84","233"
"2020","1","10","22","5925","1117","81","166"
"2020","1","10","23","5563","1037","78","96"
"2020","1","10","24","5196","976","75","249"
"2020","1","11","1","4864","916","68","175"
"2020","1","11","2","4654","885","66","182"
"2020","1","11","3","4509","875","64","143"
"2020","1","11","4","4406","880","62","234"
"2020","1","11","5","4402","857","58","210"
"2020","1","11","6","4436","879","54","136"
"2020","1","11","7","4576","926","69","-54"
"2020","1","11","8","4807","966","72","-24"
"2020","1","11","9","4997","1038","63","148"
"2020","1","11","10","5329","1112","66","185"
"2020","1","11","11","5622","1132","72","16"
"2020","1","11","12","5747","1146","78","31"
"2020","1","11","13","5868","1178","79","38"
"2020","1","11","14","6016","1166","82","-105"
"2020","1","11","15","5987","1160","83","-202"
"2020","1","11","16","5943","1181","84","-27"
"2020","1","11","17","6086","1215","85","1"
"2020","1","11","18","6257","1246","87","-32"
"2020","1","11","19","6192","1205","83","114"
"2020","1","11","20","6025","1154","80","125"
"2020","1","11","21","5886","1117","80","16"
"2020","1","11","22","5672","1071","79","37"
"2020","1","11","23","5429","1019","76","104"
"2020","1","11","24","5144","964","73","218"
"2020","1","12","1","4918","919","72","189"
"2020","1","12","2","4724","882","68","170"
"2020","1","12","3","4601","877","68","185"
"2020","1","12","4","4532","878","69","128"
"2020","1","12","5","4529","883","72","155"
"2020","1","12","6","4603","903","78","117"
"2020","1","12","7","4786","944","85","28"
"2020","1","12","8","5015","993","99","44"
"2020","1","12","9","5186","1044","104","15"
"2020","1","12","10","5488","1087","107","71"
"2020","1","12","11","5712","1125","109","-86"
"2020","1","12","12","5830","1157","107","-88"
"2020","1","12","13","5902","1171","106","-87"
"2020","1","12","14","5906","1157","105","-3"
"2020","1","12","15","5909","1167","106","6"
"2020","1","12","16","5948","1175","108","4"
"2020","1","12","17","6109","1244","111","-15"
"2020","1","12","18","6473","1337","116","-128"
"2020","1","12","19","6475","1316","111","25"
"2020","1","12","20","6333","1272","108","155"
"2020","1","12","21","6181","1231","108","203"
"2020","1","12","22","6010","1167","105","201"
"2020","1","12","23","5704","1082","103","196"
"2020","1","12","24","5342","1002","101","59"
"2020","1","13","1","5058","954","99","90"
"2020","1","13","2","4920","933","98","174"
"2020","1","13","3","4835","925","98","63"
"2020","1","13","4","4801","923","97","-184"
"2020","1","13","5","4813","946","96","-15"
"2020","1","13","6","5107","996","100","-14"
"2020","1","13","7","5635","1116","107","-106"
"2020","1","13","8","6257","1225","112","-25"
"2020","1","13","9","6433","1252","114","-23"
"2020","1","13","10","6537","1248","111","-47"
"2020","1","13","11","6608","1251","110","-8"
"2020","1","13","12","6637","1261","99","82"
"2020","1","13","13","6603","1256","99","84"
"2020","1","13","14","6584","1261","106","142"
"2020","1","13","15","6559","1261","104","133"
"2020","1","13","16","6593","1266","104","105"
"2020","1","13","17","6690","1325","109","31"
"2020","1","13","18","6909","1381","111","29"
"2020","1","13","19","6860","1368","109","107"
"2020","1","13","20","6729","1333","108","133"
"2020","1","13","21","6515","1291","106","156"
"2020","1","13","22","6285","1200","102","129"
"2020","1","13","23","5897","1106","101","213"
"2020","1","13","24","5486","1036","98","278"
"2020","1","14","1","5110","965","95","164"
"2020","1","14","2","4865","943","94","312"
"2020","1","14","3","4750","914","94","274"
"2020","1","14","4","4726","931","93","284"
"2020","1","14","5","4793","954","94","133"
"2020","1","14","6","5034","1011","95","95"
"2020","1","14","7","5512","1120","105","189"
"2020","1","14","8","6110","1223","111","131"
"2020","1","14","9","6288","1211","110","95"
"2020","1","14","10","6443","1229","106","243"
"2020","1","14","11","6540","1246","104","59"
"2020","1","14","12","6589","1220","104","34"
"2020","1","14","13","6586","1217","110","116"
"2020","1","14","14","6576","1238","105","182"
"2020","1","14","15","6532","1207","82","181"
"2020","1","14","16","6532","1235","84","117"
"2020","1","14","17","6673","1312","79","165"
"2020","1","14","18","6838","1372","80","-7"
"2020","1","14","19","6779","1343","75","121"
"2020","1","14","20","6661","1302","70","210"
"2020","1","14","21","6502","1264","65","213"
"2020","1","14","22","6247","1194","61","127"
"2020","1","14","23","5831","1111","60","52"
"2020","1","14","24","5415","1019","57","249"
"2020","1","15","1","5101","983","57","307"
"2020","1","15","2","4885","950","55","176"
"2020","1","15","3","4772","921","55","56"
"2020","1","15","4","4718","939","58","129"
"2020","1","15","5","4763","936","66","113"
"2020","1","15","6","4979","996","71","-11"
"2020","1","15","7","5423","1100","79","-59"
"2020","1","15","8","6030","1191","84","22"
"2020","1","15","9","6165","1209","84","137"
"2020","1","15","10","6247","1188","84","154"
"2020","1","15","11","6343","1194","82","116"
"2020","1","15","12","6434","1167","84","210"
"2020","1","15","13","6434","1164","83","79"
"2020","1","15","14","6369","1173","86","185"
"2020","1","15","15","6382","1176","84","239"
"2020","1","15","16","6392","1177","85","64"
"2020","1","15","17","6503","1234","85","86"
"2020","1","15","18","6750","1286","87","153"
"2020","1","15","19","6735","1248","83","-16"
"2020","1","15","20","6624","1222","82","119"
"2020","1","15","21","6472","1182","82","64"
"2020","1","15","22","6190","1128","79","96"
"2020","1","15","23","5783","1046","75","123"
"2020","1","15","24","5354","962","73","118"
"2020","1","16","1","5036","937","70","204"
"2020","1","16","2","4868","908","66","221"
"2020","1","16","3","4787","910","63","163"
"2020","1","16","4","4753","918","63","105"
"2020","1","16","5","4750","937","58","69"
"2020","1","16","6","4974","1006","58","113"
"2020","1","16","7","5468","1099","65","111"
"2020","1","16","8","6063","1172","68","78"
"2020","1","16","9","6220","1195","67","83"
"2020","1","16","10","6276","1186","68","193"
"2020","1","16","11","6279","1182","69","217"
"2020","1","16","12","6347","1181","73","183"
"2020","1","16","13","6371","1180","70","234"
"2020","1","16","14","6366","1172","70","188"
"2020","1","16","15","6360","1181","69","266"
"2020","1","16","16","6399","1198","67","207"
"2020","1","16","17","6525","1275","68","188"
"2020","1","16","18","6840","1385","71","236"
"2020","1","16","19","6917","1360","69","137"
"2020","1","16","20","6856","1329","71","194"
"2020","1","16","21","6765","1294","69","182"
"2020","1","16","22","6552","1221","72","192"
"2020","1","16","23","6142","1160","68","160"
"2020","1","16","24","5715","1086","66","160"
"2020","1","17","1","5422","1081","66","97"
"2020","1","17","2","5239","1059","65","-9"
"2020","1","17","3","5138","1047","67","-45"
"2020","1","17","4","5147","1030","69","-43"
"2020","1","17","5","5222","1032","72","-55"
"2020","1","17","6","5444","1097","77","-81"
"2020","1","17","7","5898","1236","86","17"
"2020","1","17","8","6478","1367","92","11"
"2020","1","17","9","6670","1351","91","-10"
"2020","1","17","10","6681","1275","92","54"
"2020","1","17","11","6710","1257","90","170"
"2020","1","17","12","6699","1295","86","171"
"2020","1","17","13","6641","1269","85","131"
"2020","1","17","14","6596","1251","89","191"
"2020","1","17","15","6564","1249","86","286"
"2020","1","17","16","6607","1264","88","267"
"2020","1","17","17","6737","1340","132","220"
"2020","1","17","18","7022","1433","142","61"
"2020","1","17","19","7013","1383","140","152"
"2020","1","17","20","6845","1358","140","46"
"2020","1","17","21","6742","1333","139","4"
"2020","1","17","22","6522","1289","136","180"
"2020","1","17","23","6190","1215","133","94"
"2020","1","17","24","5737","1142","123","324"
"2020","1","18","1","5416","1078","120","258"
"2020","1","18","2","5198","1068","117","228"
"2020","1","18","3","5076","1040","114","261"
"2020","1","18","4","5009","1055","113","231"
"2020","1","18","5","4972","1054","110","166"
"2020","1","18","6","5080","1083","110","183"
"2020","1","18","7","5202","1108","117","-4"
"2020","1","18","8","5441","1188","120","161"
"2020","1","18","9","5691","1238","123","-31"
"2020","1","18","10","6040","1277","119","19"
"2020","1","18","11","6321","1302","120","9"
"2020","1","18","12","6534","1326","115","36"
"2020","1","18","13","6603","1323","115","-82"
"2020","1","18","14","6594","1351","113","-34"
"2020","1","18","15","6528","1355","112","9"
"2020","1","18","16","6460","1372","112","-46"
"2020","1","18","17","6528","1428","114","-91"
"2020","1","18","18","6719","1504","117","-101"
"2020","1","18","19","6666","1454","110","-74"
"2020","1","18","20","6465","1405","113","19"
"2020","1","18","21","6238","1359","111","-8"
"2020","1","18","22","6010","1297","110","84"
"2020","1","18","23","5710","1244","108","94"
"2020","1","18","24","5410","1165","106","178"
"2020","1","19","1","5112","1107","104","186"
"2020","1","19","2","4915","1089","104","240"
"2020","1","19","3","4782","1072","103","122"
"2020","1","19","4","4686","1047","102","109"
"2020","1","19","5","4676","1021","106","275"
"2020","1","19","6","4717","1007","107","117"
"2020","1","19","7","4852","1038","114","51"
"2020","1","19","8","5046","1082","119","122"
"2020","1","19","9","5280","1127","126","44"
"2020","1","19","10","5555","1162","129","-34"
"2020","1","19","11","5781","1174","131","21"
"2020","1","19","12","5950","1184","130","110"
"2020","1","19","13","6063","1216","124","98"
"2020","1","19","14","6071","1205","126","145"
"2020","1","19","15","6065","1197","129","211"
"2020","1","19","16","6093","1211","129","210"
"2020","1","19","17","6264","1279","131","247"
"2020","1","19","18","6635","1367","136","118"
"2020","1","19","19","6779","1345","131","164"
"2020","1","19","20","6680","1309","127","171"
"2020","1","19","21","6528","1278","124","19"
"2020","1","19","22","6277","1206","124","-18"
"2020","1","19","23","5938","1128","125","141"
"2020","1","19","24","5610","1053","125","252"
"2020","1","20","1","5331","1006","124","208"
"2020","1","20","2","5202","985","125","84"
"2020","1","20","3","5087","978","125","175"
"2020","1","20","4","5061","985","126","213"
"2020","1","20","5","5130","1018","128","162"
"2020","1","20","6","5391","1079","132","115"
"2020","1","20","7","5920","1193","139","214"
"2020","1","20","8","6504","1281","143","183"
"2020","1","20","9","6677","1292","143","177"
"2020","1","20","10","6768","1264","142","8"
"2020","1","20","11","6821","1249","140","-14"
"2020","1","20","12","6878","1241","125","93"
"2020","1","20","13","6835","1223","124","116"
"2020","1","20","14","6797","1213","129","208"
"2020","1","20","15","6724","1205","130","329"
"2020","1","20","16","6707","1232","132","339"
"2020","1","20","17","6798","1311","133","332"
"2020","1","20","18","7098","1412","130","349"
"2020","1","20","19","7183","1410","123","226"
"2020","1","20","20","7098","1374","120","247"
"2020","1","20","21","6954","1325","122","224"
"2020","1","20","22","6695","1258","124","248"
"2020","1","20","23","6277","1175","119","238"
"2020","1","20","24","5836","1099","117","213"
"2020","1","21","1","5503","1057","117","200"
"2020","1","21","2","5297","1035","118","245"
"2020","1","21","3","5191","1004","118","202"
"2020","1","21","4","5173","1003","119","222"
"2020","1","21","5","5188","1048","119","188"
"2020","1","21","6","5359","1120","121","268"
"2020","1","21","7","5882","1247","128","201"
"2020","1","21","8","6504","1325","133","188"
"2020","1","21","9","6688","1330","133","218"
"2020","1","21","10","6776","1304","132","194"
"2020","1","21","11","6865","1263","124","145"
"2020","1","21","12","6918","1241","118","256"
"2020","1","21","13","6891","1215","130","154"
"2020","1","21","14","6843","1241","171","130"
"2020","1","21","15","6816","1248","170","164"
"2020","1","21","16","6741","1275","172","-19"
"2020","1","21","17","6650","1311","173","219"
"2020","1","21","18","6931","1393","175","432"
"2020","1","21","19","6958","1334","173","291"
"2020","1","21","20","6874","1305","173","352"
"2020","1","21","21","6816","1290","172","390"
"2020","1","21","22","6587","1224","166","206"
"2020","1","21","23","6186","1121","163","254"
"2020","1","21","24","5764","1035","159","205"
"2020","1","22","1","5441","994","158","244"
"2020","1","22","2","5256","953","157","231"
"2020","1","22","3","5141","957","158","221"
"2020","1","22","4","5100","955","162","220"
"2020","1","22","5","5115","961","164","195"
"2020","1","22","6","5339","1030","165","175"
"2020","1","22","7","5830","1132","171","94"
"2020","1","22","8","6435","1223","172","124"
"2020","1","22","9","6567","1223","174","215"
"2020","1","22","10","6629","1210","171","201"
"2020","1","22","11","6683","1180","166","124"
"2020","1","22","12","6660","1146","169","148"
"2020","1","22","13","6608","1122","166","222"
"2020","1","22","14","6593","1081","170","293"
"2020","1","22","15","6564","1102","167","204"
"2020","1","22","16","6581","1136","172","65"
"2020","1","22","17","6702","1221","174","46"
"2020","1","22","18","6973","1315","174","91"
"2020","1","22","19","7022","1295","175","47"
"2020","1","22","20","6895","1274","174","27"
"2020","1","22","21","6748","1242","171","-17"
"2020","1","22","22","6482","1182","143","-149"
"2020","1","22","23","6062","1092","119","-98"
"2020","1","22","24","5584","1012","116","13"
"2020","1","23","1","5285","949","110","271"
"2020","1","23","2","5085","925","111","186"
"2020","1","23","3","4972","892","113","271"
"2020","1","23","4","4923","908","115","270"
"2020","1","23","5","4960","922","117","-39"
"2020","1","23","6","5178","992","119","86"
"2020","1","23","7","5685","1105","127","168"
"2020","1","23","8","6252","1182","133","193"
"2020","1","23","9","6388","1169","132","165"
"2020","1","23","10","6473","1158","131","232"
"2020","1","23","11","6521","1125","132","132"
"2020","1","23","12","6526","1107","134","17"
"2020","1","23","13","6469","1086","132","98"
"2020","1","23","14","6487","1094","131","130"
"2020","1","23","15","6453","1115","127","82"
"2020","1","23","16","6405","1138","124","78"
"2020","1","23","17","6526","1204","126","83"
"2020","1","23","18","6796","1260","128","135"
"2020","1","23","19","6824","1248","130","150"
"2020","1","23","20","6725","1233","133","164"
"2020","1","23","21","6620","1202","131","198"
"2020","1","23","22","6339","1135","126","91"
"2020","1","23","23","5958","1043","118","165"
"2020","1","23","24","5527","966","115","179"
"2020","1","24","1","5212","917","115","268"
"2020","1","24","2","5006","893","113","227"
"2020","1","24","3","4873","894","111","198"
"2020","1","24","4","4824","885","110","147"
"2020","1","24","5","4861","904","111","217"
"2020","1","24","6","5072","954","114","193"
"2020","1","24","7","5524","1068","120","167"
"2020","1","24","8","6126","1133","127","154"
"2020","1","24","9","6294","1170","125","236"
"2020","1","24","10","6325","1155","163","181"
"2020","1","24","11","6381","1130","169","183"
"2020","1","24","12","6376","1108","158","149"
"2020","1","24","13","6322","1110","166","187"
"2020","1","24","14","6374","1091","123","331"
"2020","1","24","15","6364","1054","112","281"
"2020","1","24","16","6317","1082","112","312"
"2020","1","24","17","6425","1166","115","261"
"2020","1","24","18","6650","1236","115","325"
"2020","1","24","19","6646","1212","113","219"
"2020","1","24","20","6592","1189","111","232"
"2020","1","24","21","6487","1155","108","161"
"2020","1","24","22","6247","1128","105","93"
"2020","1","24","23","5885","1057","104","163"
"2020","1","24","24","5450","993","102","208"
"2020","1","25","1","5136","951","97","-1"
"2020","1","25","2","4921","914","95","34"
"2020","1","25","3","4770","905","96","88"
"2020","1","25","4","4695","889","98","112"
"2020","1","25","5","4686","896","100","88"
"2020","1","25","6","4788","906","105","-23"
"2020","1","25","7","4950","953","111","97"
"2020","1","25","8","5202","1014","114","173"
"2020","1","25","9","5478","1047","117","117"
"2020","1","25","10","5779","1076","118","174"
"2020","1","25","11","6000","1063","119","103"
"2020","1","25","12","6112","1079","121","111"
"2020","1","25","13","6154","1113","125","112"
"2020","1","25","14","6111","1155","124","123"
"2020","1","25","15","6041","1176","123","138"
"2020","1","25","16","5955","1198","123","87"
"2020","1","25","17","6054","1218","126","86"
"2020","1","25","18","6234","1234","129","89"
"2020","1","25","19","6202","1200","128","99"
"2020","1","25","20","6034","1159","124","161"
"2020","1","25","21","5850","1116","122","118"
"2020","1","25","22","5654","1051","120","129"
"2020","1","25","23","5401","992","117","192"
"2020","1","25","24","5109","936","115","183"
"2020","1","26","1","4836","890","112","135"
"2020","1","26","2","4646","853","111","83"
"2020","1","26","3","4503","839","113","198"
"2020","1","26","4","4439","828","114","112"
"2020","1","26","5","4409","825","111","96"
"2020","1","26","6","4461","853","112","95"
"2020","1","26","7","4542","896","114","106"
"2020","1","26","8","4808","932","117","123"
"2020","1","26","9","5010","978","119","102"
"2020","1","26","10","5339","1012","121","146"
"2020","1","26","11","5567","1037","121","135"
"2020","1","26","12","5704","1064","122","181"
"2020","1","26","13","5794","1077","123","148"
"2020","1","26","14","5828","1078","122","193"
"2020","1","26","15","5802","1075","122","145"
"2020","1","26","16","5826","1087","124","94"
"2020","1","26","17","5995","1141","127","100"
"2020","1","26","18","6286","1223","126","73"
"2020","1","26","19","6319","1201","120","14"
"2020","1","26","20","6254","1164","118","125"
"2020","1","26","21","6090","1126","116","93"
"2020","1","26","22","5879","1069","114","99"
"2020","1","26","23","5564","985","111","7"
"2020","1","26","24","5239","912","109","29"
"2020","1","27","1","4970","857","112","-5"
"2020","1","27","2","4798","827","114","93"
"2020","1","27","3","4687","814","112","46"
"2020","1","27","4","4661","819","114","47"
"2020","1","27","5","4667","838","117","29"
"2020","1","27","6","4882","896","119","62"
"2020","1","27","7","5397","1002","126","173"
"2020","1","27","8","6025","1075","129","105"
"2020","1","27","9","6231","1094","131","150"
"2020","1","27","10","6335","1094","134","143"
"2020","1","27","11","6448","1072","134","133"
"2020","1","27","12","6508","1089","134","139"
"2020","1","27","13","6495","1083","124","143"
"2020","1","27","14","6471","1080","121","194"
"2020","1","27","15","6439","1091","132","265"
"2020","1","27","16","6477","1128","133","194"
"2020","1","27","17","6542","1180","135","112"
"2020","1","27","18","6771","1268","136","95"
"2020","1","27","19","6828","1238","133","48"
"2020","1","27","20","6752","1204","132","26"
"2020","1","27","21","6586","1182","131","133"
"2020","1","27","22","6320","1130","129","93"
"2020","1","27","23","5927","1029","123","143"
"2020","1","27","24","5426","935","120","27"
"2020","1","28","1","5133","883","119","131"
"2020","1","28","2","4928","862","116","158"
"2020","1","28","3","4770","861","116","198"
"2020","1","28","4","4733","862","115","184"
"2020","1","28","5","4816","875","118","172"
"2020","1","28","6","5055","933","122","143"
"2020","1","28","7","5609","1054","129","172"
"2020","1","28","8","6120","1132","132","-35"
"2020","1","28","9","6274","1130","132","80"
"2020","1","28","10","6363","1131","133","169"
"2020","1","28","11","6443","1102","134","136"
"2020","1","28","12","6499","1125","131","232"
"2020","1","28","13","6480","1151","128","223"
"2020","1","28","14","6517","1159","129","228"
"2020","1","28","15","6476","1140","130","256"
"2020","1","28","16","6479","1154","130","154"
"2020","1","28","17","6579","1203","136","184"
"2020","1","28","18","6797","1306","136","252"
"2020","1","28","19","6845","1250","134","137"
"2020","1","28","20","6739","1238","134","172"
"2020","1","28","21","6582","1192","134","121"
"2020","1","28","22","6330","1155","133","153"
"2020","1","28","23","6002","1064","130","175"
"2020","1","28","24","5501","992","128","55"
"2020","1","29","1","5228","954","125","212"
"2020","1","29","2","5061","926","125","105"
"2020","1","29","3","4962","926","124","132"
"2020","1","29","4","4932","919","123","7"
"2020","1","29","5","5009","962","127","63"
"2020","1","29","6","5255","1019","131","31"
"2020","1","29","7","5768","1139","138","129"
"2020","1","29","8","6352","1236","141","209"
"2020","1","29","9","6537","1185","141","57"
"2020","1","29","10","6604","1110","140","156"
"2020","1","29","11","6575","1093","138","148"
"2020","1","29","12","6550","1077","131","215"
"2020","1","29","13","6482","1082","135","192"
"2020","1","29","14","6458","1065","135","202"
"2020","1","29","15","6397","1080","134","210"
"2020","1","29","16","6395","1096","134","133"
"2020","1","29","17","6541","1204","135","343"
"2020","1","29","18","6818","1319","138","287"
"2020","1","29","19","6994","1321","137","30"
"2020","1","29","20","6912","1293","135","69"
"2020","1","29","21","6776","1257","136","90"
"2020","1","29","22","6495","1197","131","195"
"2020","1","29","23","6103","1109","127","177"
"2020","1","29","24","5697","1039","127","186"
"2020","1","30","1","5356","967","127","147"
"2020","1","30","2","5161","948","126","117"
"2020","1","30","3","5046","964","126","101"
"2020","1","30","4","5016","973","126","101"
"2020","1","30","5","5051","991","126","74"
"2020","1","30","6","5268","1047","129","110"
"2020","1","30","7","5745","1184","134","146"
"2020","1","30","8","6319","1270","135","137"
"2020","1","30","9","6477","1220","137","72"
"2020","1","30","10","6600","1158","137","108"
"2020","1","30","11","6691","1134","137","98"
"2020","1","30","12","6755","1110","135","43"
"2020","1","30","13","6721","1073","134","93"
"2020","1","30","14","6689","1090","136","161"
"2020","1","30","15","6613","1109","135","169"
"2020","1","30","16","6588","1176","136","151"
"2020","1","30","17","6638","1244","130","159"
"2020","1","30","18","6849","1324","101","235"
"2020","1","30","19","6916","1319","98","101"
"2020","1","30","20","6835","1298","96","204"
"2020","1","30","21","6724","1268","95","201"
"2020","1","30","22","6451","1215","91","172"
"2020","1","30","23","6054","1121","88","178"
"2020","1","30","24","5627","1059","86","182"
"2020","1","31","1","5311","1014","78","242"
"2020","1","31","2","5111","985","77","183"
"2020","1","31","3","4973","977","76","203"
"2020","1","31","4","4924","968","76","188"
"2020","1","31","5","4967","986","77","218"
"2020","1","31","6","5193","1072","79","144"
"2020","1","31","7","5680","1161","85","132"
"2020","1","31","8","6228","1253","90","78"
"2020","1","31","9","6419","1242","92","126"
"2020","1","31","10","6504","1192","91","95"
"2020","1","31","11","6573","1196","89","150"
"2020","1","31","12","6672","1172","88","86"
"2020","1","31","13","6651","1201","86","125"
"2020","1","31","14","6647","1201","86","99"
"2020","1","31","15","6604","1195","90","22"
"2020","1","31","16","6553","1211","88","95"
"2020","1","31","17","6604","1235","89","61"
"2020","1","31","18","6794","1305","91","121"
"2020","1","31","19","6837","1297","90","22"
"2020","1","31","20","6741","1266","87","98"
"2020","1","31","21","6594","1233","85","166"
"2020","1","31","22","6344","1186","82","103"
"2020","1","31","23","5975","1104","79","156"
"2020","1","31","24","5529","1030","76","142"
"2020","2","1","1","5195","987","73","132"
"2020","2","1","2","4996","942","71","161"
"2020","2","1","3","4851","950","71","206"
"2020","2","1","4","4755","943","71","171"
"2020","2","1","5","4739","946","72","135"
"2020","2","1","6","4818","985","74","59"
"2020","2","1","7","4994","1017","79","113"
"2020","2","1","8","5218","1080","79","228"
"2020","2","1","9","5484","1116","79","239"
"2020","2","1","10","5699","1145","74","189"
"2020","2","1","11","5906","1123","77","217"
"2020","2","1","12","6065","1114","78","291"
"2020","2","1","13","6083","1107","76","357"
"2020","2","1","14","6019","1111","70","159"
"2020","2","1","15","5966","1101","71","262"
"2020","2","1","16","5944","1113","72","294"
"2020","2","1","17","6024","1155","74","189"
"2020","2","1","18","6276","1250","77","127"
"2020","2","1","19","6391","1248","77","55"
"2020","2","1","20","6250","1205","75","203"
"2020","2","1","21","6092","1161","74","207"
"2020","2","1","22","5866","1123","68","161"
"2020","2","1","23","5613","1043","67","235"
"2020","2","1","24","5308","998","64","-63"
"2020","2","2","1","5036","957","66","86"
"2020","2","2","2","4835","918","63","79"
"2020","2","2","3","4677","916","63","57"
"2020","2","2","4","4590","918","62","87"
"2020","2","2","5","4560","891","64","111"
"2020","2","2","6","4613","916","65","83"
"2020","2","2","7","4738","930","70","223"
"2020","2","2","8","4907","977","74","234"
"2020","2","2","9","5138","1035","77","177"
"2020","2","2","10","5453","1071","75","230"
"2020","2","2","11","5742","1091","77","131"
"2020","2","2","12","5909","1091","79","37"
"2020","2","2","13","5978","1092","82","-81"
"2020","2","2","14","5954","1098","84","29"
"2020","2","2","15","5932","1094","84","-15"
"2020","2","2","16","5954","1100","82","-23"
"2020","2","2","17","6066","1151","83","159"
"2020","2","2","18","6299","1246","80","192"
"2020","2","2","19","6363","1232","81","-77"
"2020","2","2","20","6195","1181","79","153"
"2020","2","2","21","6010","1135","74","165"
"2020","2","2","22","5791","1077","69","139"
"2020","2","2","23","5492","1005","59","185"
"2020","2","2","24","5137","937","53","179"
"2020","2","3","1","4887","877","50","208"
"2020","2","3","2","4727","851","51","173"
"2020","2","3","3","4638","841","53","123"
"2020","2","3","4","4596","846","56","135"
"2020","2","3","5","4664","861","59","154"
"2020","2","3","6","4894","915","63","121"
"2020","2","3","7","5427","1034","69","123"
"2020","2","3","8","5921","1107","73","88"
"2020","2","3","9","6066","1099","78","121"
"2020","2","3","10","6150","1085","80","160"
"2020","2","3","11","6192","1099","77","11"
"2020","2","3","12","6246","1082","68","106"
"2020","2","3","13","6184","1058","69","63"
"2020","2","3","14","6151","1063","76","148"
"2020","2","3","15","6156","1047","115","114"
"2020","2","3","16","6179","1061","137","68"
"2020","2","3","17","6253","1127","131","180"
"2020","2","3","18","6514","1213","137","214"
"2020","2","3","19","6660","1212","137","147"
"2020","2","3","20","6595","1187","134","224"
"2020","2","3","21","6448","1158","132","160"
"2020","2","3","22","6183","1108","129","209"
"2020","2","3","23","5765","1022","127","198"
"2020","2","3","24","5337","942","124","280"
"2020","2","4","1","5026","896","120","143"
"2020","2","4","2","4827","876","118","121"
"2020","2","4","3","4715","858","119","150"
"2020","2","4","4","4669","877","121","200"
"2020","2","4","5","4685","882","120","84"
"2020","2","4","6","4888","936","125","142"
"2020","2","4","7","5388","1063","128","239"
"2020","2","4","8","5964","1144","132","375"
"2020","2","4","9","6194","1140","130","163"
"2020","2","4","10","6322","1125","131","180"
"2020","2","4","11","6363","1092","129","96"
"2020","2","4","12","6426","1055","127","116"
"2020","2","4","13","6449","1074","120","137"
"2020","2","4","14","6468","1074","118","292"
"2020","2","4","15","6438","1048","116","212"
"2020","2","4","16","6447","1098","121","180"
"2020","2","4","17","6526","1156","124","246"
"2020","2","4","18","6716","1247","128","263"
"2020","2","4","19","6790","1235","122","178"
"2020","2","4","20","6680","1220","118","226"
"2020","2","4","21","6526","1177","118","251"
"2020","2","4","22","6262","1128","116","155"
"2020","2","4","23","5898","1041","116","216"
"2020","2","4","24","5498","959","116","214"
"2020","2","5","1","5200","920","114","147"
"2020","2","5","2","5061","890","117","184"
"2020","2","5","3","4953","873","116","175"
"2020","2","5","4","4921","903","120","214"
"2020","2","5","5","5002","910","128","255"
"2020","2","5","6","5237","979","130","243"
"2020","2","5","7","5763","1117","138","219"
"2020","2","5","8","6345","1176","142","-47"
"2020","2","5","9","6456","1163","142","12"
"2020","2","5","10","6468","1093","140","281"
"2020","2","5","11","6460","1095","136","352"
"2020","2","5","12","6439","1074","137","205"
"2020","2","5","13","6440","1080","135","315"
"2020","2","5","14","6441","1063","134","187"
"2020","2","5","15","6397","1055","134","262"
"2020","2","5","16","6441","1077","136","308"
"2020","2","5","17","6592","1168","141","262"
"2020","2","5","18","6830","1290","148","270"
"2020","2","5","19","6952","1284","148","21"
"2020","2","5","20","6858","1276","145","90"
"2020","2","5","21","6710","1247","100","151"
"2020","2","5","22","6419","1187","91","165"
"2020","2","5","23","6044","1097","87","138"
"2020","2","5","24","5612","1028","85","186"
"2020","2","6","1","5320","972","82","198"
"2020","2","6","2","5116","938","77","83"
"2020","2","6","3","5016","917","77","123"
"2020","2","6","4","4992","939","75","166"
"2020","2","6","5","5018","941","77","25"
"2020","2","6","6","5233","1013","80","109"
"2020","2","6","7","5732","1142","89","141"
"2020","2","6","8","6243","1208","92","36"
"2020","2","6","9","6439","1220","90","45"
"2020","2","6","10","6570","1239","90","183"
"2020","2","6","11","6681","1205","90","149"
"2020","2","6","12","6776","1210","86","147"
"2020","2","6","13","6773","1215","84","134"
"2020","2","6","14","6746","1206","82","111"
"2020","2","6","15","6685","1201","79","66"
"2020","2","6","16","6668","1234","80","101"
"2020","2","6","17","6727","1263","88","87"
"2020","2","6","18","6885","1314","90","47"
"2020","2","6","19","6941","1296","89","46"
"2020","2","6","20","6845","1280","89","96"
"2020","2","6","21","6738","1221","83","185"
"2020","2","6","22","6518","1148","79","239"
"2020","2","6","23","6179","1073","75","219"
"2020","2","6","24","5760","1012","75","45"
"2020","2","7","1","5420","960","71","166"
"2020","2","7","2","5196","930","70","210"
"2020","2","7","3","5061","916","69","95"
"2020","2","7","4","5014","927","70","158"
"2020","2","7","5","5052","924","71","140"
"2020","2","7","6","5247","983","69","22"
"2020","2","7","7","5700","1101","73","33"
"2020","2","7","8","6213","1169","78","104"
"2020","2","7","9","6428","1191","78","144"
"2020","2","7","10","6606","1213","80","167"
"2020","2","7","11","6739","1204","80","165"
"2020","2","7","12","6816","1231","80","164"
"2020","2","7","13","6809","1242","79","126"
"2020","2","7","14","6753","1229","81","98"
"2020","2","7","15","6697","1234","80","54"
"2020","2","7","16","6637","1236","82","139"
"2020","2","7","17","6644","1255","86","48"
"2020","2","7","18","6828","1311","88","87"
"2020","2","7","19","6969","1320","82","-212"
"2020","2","7","20","6880","1282","79","43"
"2020","2","7","21","6738","1276","79","142"
"2020","2","7","22","6513","1215","76","66"
"2020","2","7","23","6153","1163","77","125"
"2020","2","7","24","5781","1093","81","180"
"2020","2","8","1","5460","1039","79","75"
"2020","2","8","2","5248","1019","81","47"
"2020","2","8","3","5132","1016","83","86"
"2020","2","8","4","5067","995","84","66"
"2020","2","8","5","5090","1011","85","122"
"2020","2","8","6","5174","1038","87","73"
"2020","2","8","7","5370","1092","91","196"
"2020","2","8","8","5621","1139","95","274"
"2020","2","8","9","5870","1186","97","104"
"2020","2","8","10","6145","1206","99","123"
"2020","2","8","11","6275","1229","96","-44"
"2020","2","8","12","6312","1239","96","-86"
"2020","2","8","13","6280","1227","94","20"
"2020","2","8","14","6199","1217","93","-2"
"2020","2","8","15","6099","1197","103","100"
"2020","2","8","16","6059","1194","105","151"
"2020","2","8","17","6148","1241","107","198"
"2020","2","8","18","6363","1344","110","56"
"2020","2","8","19","6578","1370","110","31"
"2020","2","8","20","6490","1328","99","172"
"2020","2","8","21","6352","1277","93","317"
"2020","2","8","22","6147","1243","94","278"
"2020","2","8","23","5907","1187","91","143"
"2020","2","8","24","5593","1136","81","155"
"2020","2","9","1","5342","1081","76","123"
"2020","2","9","2","5154","1068","76","140"
"2020","2","9","3","5011","1055","75","178"
"2020","2","9","4","4918","1054","74","111"
"2020","2","9","5","4893","1059","74","57"
"2020","2","9","6","4904","1090","74","27"
"2020","2","9","7","5013","1107","77","120"
"2020","2","9","8","5203","1143","84","142"
"2020","2","9","9","5435","1184","87","56"
"2020","2","9","10","5671","1198","83","33"
"2020","2","9","11","5841","1205","83","92"
"2020","2","9","12","6009","1201","83","124"
"2020","2","9","13","6082","1185","80","183"
"2020","2","9","14","6033","1174","78","228"
"2020","2","9","15","6019","1177","81","250"
"2020","2","9","16","6042","1193","79","215"
"2020","2","9","17","6173","1234","80","126"
"2020","2","9","18","6409","1323","79","252"
"2020","2","9","19","6510","1338","77","169"
"2020","2","9","20","6453","1293","79","258"
"2020","2","9","21","6343","1238","79","157"
"2020","2","9","22","6056","1173","80","56"
"2020","2","9","23","5793","1094","76","92"
"2020","2","9","24","5461","1027","70","156"
"2020","2","10","1","5189","967","64","42"
"2020","2","10","2","4972","934","65","10"
"2020","2","10","3","4863","924","67","55"
"2020","2","10","4","4793","921","67","3"
"2020","2","10","5","4856","928","69","66"
"2020","2","10","6","5060","978","75","31"
"2020","2","10","7","5550","1088","78","40"
"2020","2","10","8","6129","1172","87","56"
"2020","2","10","9","6292","1178","89","11"
"2020","2","10","10","6364","1178","88","-32"
"2020","2","10","11","6400","1164","87","122"
"2020","2","10","12","6402","1180","75","140"
"2020","2","10","13","6392","1134","76","196"
"2020","2","10","14","6427","1099","85","150"
"2020","2","10","15","6370","1054","88","31"
"2020","2","10","16","6385","1088","90","186"
"2020","2","10","17","6496","1167","94","198"
"2020","2","10","18","6687","1263","97","140"
"2020","2","10","19","6860","1270","96","99"
"2020","2","10","20","6766","1255","94","202"
"2020","2","10","21","6600","1219","91","197"
"2020","2","10","22","6302","1157","88","179"
"2020","2","10","23","5931","1083","84","192"
"2020","2","10","24","5491","1002","80","206"
"2020","2","11","1","5184","946","78","154"
"2020","2","11","2","4970","905","77","141"
"2020","2","11","3","4862","894","73","178"
"2020","2","11","4","4812","880","74","203"
"2020","2","11","5","4821","896","74","202"
"2020","2","11","6","5054","951","78","231"
"2020","2","11","7","5579","1090","87","283"
"2020","2","11","8","6047","1173","91","142"
"2020","2","11","9","6233","1194","87","168"
"2020","2","11","10","6351","1195","86","95"
"2020","2","11","11","6382","1169","77","38"
"2020","2","11","12","6395","1161","76","204"
"2020","2","11","13","6366","1138","78","234"
"2020","2","11","14","6343","1121","107","316"
"2020","2","11","15","6335","1104","95","416"
"2020","2","11","16","6388","1144","80","281"
"2020","2","11","17","6459","1172","80","194"
"2020","2","11","18","6708","1240","80","211"
"2020","2","11","19","6801","1236","77","97"
"2020","2","11","20","6741","1213","74","152"
"2020","2","11","21","6577","1177","73","258"
"2020","2","11","22","6319","1118","71","235"
"2020","2","11","23","5932","1006","68","203"
"2020","2","11","24","5519","936","69","182"
"2020","2","12","1","5195","887","68","128"
"2020","2","12","2","5009","865","63","115"
"2020","2","12","3","4851","850","63","154"
"2020","2","12","4","4804","854","65","182"
"2020","2","12","5","4843","887","69","143"
"2020","2","12","6","5079","944","70","93"
"2020","2","12","7","5614","1045","77","169"
"2020","2","12","8","6149","1111","82","141"
"2020","2","12","9","6271","1083","85","201"
"2020","2","12","10","6332","1082","87","189"
"2020","2","12","11","6303","1056","76","234"
"2020","2","12","12","6300","1039","75","296"
"2020","2","12","13","6283","1038","71","418"
"2020","2","12","14","6310","1013","71","304"
"2020","2","12","15","6313","1027","73","251"
"2020","2","12","16","6356","1093","78","199"
"2020","2","12","17","6457","1143","77","96"
"2020","2","12","18","6640","1233","80","77"
"2020","2","12","19","6783","1250","79","19"
"2020","2","12","20","6681","1237","77","95"
"2020","2","12","21","6533","1203","79","139"
"2020","2","12","22","6258","1139","76","133"
"2020","2","12","23","5861","1043","73","175"
"2020","2","12","24","5433","958","75","109"
"2020","2","13","1","5121","896","75","3"
"2020","2","13","2","5010","870","78","62"
"2020","2","13","3","4924","870","80","186"
"2020","2","13","4","4881","864","80","158"
"2020","2","13","5","4939","886","76","216"
"2020","2","13","6","5157","980","82","106"
"2020","2","13","7","5649","1085","88","97"
"2020","2","13","8","6167","1145","91","92"
"2020","2","13","9","6390","1153","90","172"
"2020","2","13","10","6528","1175","86","149"
"2020","2","13","11","6570","1183","86","280"
"2020","2","13","12","6642","1174","84","309"
"2020","2","13","13","6669","1174","85","253"
"2020","2","13","14","6684","1185","86","364"
"2020","2","13","15","6655","1190","89","275"
"2020","2","13","16","6701","1232","91","282"
"2020","2","13","17","6756","1266","94","290"
"2020","2","13","18","6916","1338","98","159"
"2020","2","13","19","7146","1352","95","188"
"2020","2","13","20","7100","1333","94","282"
"2020","2","13","21","7000","1314","93","188"
"2020","2","13","22","6742","1267","91","-187"
"2020","2","13","23","6391","1184","90","163"
"2020","2","13","24","6007","1118","89","128"
"2020","2","14","1","5727","1067","87","93"
"2020","2","14","2","5540","1044","84","222"
"2020","2","14","3","5431","1038","84","138"
"2020","2","14","4","5403","1034","88","-31"
"2020","2","14","5","5457","1065","91","19"
"2020","2","14","6","5653","1138","95","62"
"2020","2","14","7","6111","1261","101","73"
"2020","2","14","8","6608","1344","103","-42"
"2020","2","14","9","6788","1301","104","153"
"2020","2","14","10","6883","1284","102","166"
"2020","2","14","11","6918","1241","103","202"
"2020","2","14","12","6913","1211","100","265"
"2020","2","14","13","6850","1198","98","265"
"2020","2","14","14","6793","1214","96","358"
"2020","2","14","15","6742","1198","96","307"
"2020","2","14","16","6759","1221","94","131"
"2020","2","14","17","6807","1265","92","352"
"2020","2","14","18","6908","1354","96","252"
"2020","2","14","19","7052","1374","137","183"
"2020","2","14","20","6966","1367","140","240"
"2020","2","14","21","6777","1349","137","374"
"2020","2","14","22","6560","1283","126","339"
"2020","2","14","23","6217","1205","123","299"
"2020","2","14","24","5814","1143","122","372"
"2020","2","15","1","5500","1073","118","315"
"2020","2","15","2","5304","1077","119","259"
"2020","2","15","3","5214","1033","108","359"
"2020","2","15","4","5156","1027","105","234"
"2020","2","15","5","5142","1051","113","254"
"2020","2","15","6","5204","1045","113","217"
"2020","2","15","7","5386","1091","120","196"
"2020","2","15","8","5569","1124","124","197"
"2020","2","15","9","5809","1192","125","270"
"2020","2","15","10","5986","1181","126","219"
"2020","2","15","11","6160","1158","123","245"
"2020","2","15","12","6200","1141","119","163"
"2020","2","15","13","6172","1131","117","214"
"2020","2","15","14","6058","1117","115","217"
"2020","2","15","15","6007","1119","116","337"
"2020","2","15","16","6108","1148","117","106"
"2020","2","15","17","6210","1180","118","107"
"2020","2","15","18","6354","1270","119","78"
"2020","2","15","19","6460","1276","118","19"
"2020","2","15","20","6310","1235","117","153"
"2020","2","15","21","6146","1185","115","203"
"2020","2","15","22","5940","1150","112","236"
"2020","2","15","23","5675","1102","112","205"
"2020","2","15","24","5409","1040","109","199"
"2020","2","16","1","5139","988","105","266"
"2020","2","16","2","4913","933","107","230"
"2020","2","16","3","4781","931","107","233"
"2020","2","16","4","4694","929","108","108"
"2020","2","16","5","4689","919","110","120"
"2020","2","16","6","4734","913","109","168"
"2020","2","16","7","4819","927","113","100"
"2020","2","16","8","4949","959","117","89"
"2020","2","16","9","5126","990","120","108"
"2020","2","16","10","5394","1013","120","65"
"2020","2","16","11","5474","965","118","26"
"2020","2","16","12","5490","955","118","163"
"2020","2","16","13","5502","984","118","255"
"2020","2","16","14","5440","972","124","229"
"2020","2","16","15","5442","986","126","204"
"2020","2","16","16","5453","999","128","294"
"2020","2","16","17","5572","1045","129","295"
"2020","2","16","18","5817","1135","132","192"
"2020","2","16","19","6064","1153","131","85"
"2020","2","16","20","5980","1120","129","105"
"2020","2","16","21","5886","1084","127","125"
"2020","2","16","22","5709","1045","124","213"
"2020","2","16","23","5453","981","119","180"
"2020","2","16","24","5201","927","117","258"
"2020","2","17","1","4955","884","120","226"
"2020","2","17","2","4818","852","119","121"
"2020","2","17","3","4714","845","120","188"
"2020","2","17","4","4671","855","122","187"
"2020","2","17","5","4680","877","119","142"
"2020","2","17","6","4775","914","87","70"
"2020","2","17","7","4952","992","91","220"
"2020","2","17","8","5073","1021","95","210"
"2020","2","17","9","5199","1031","97","152"
"2020","2","17","10","5323","1037","97","210"
"2020","2","17","11","5435","1019","94","218"
"2020","2","17","12","5538","1023","94","284"
"2020","2","17","13","5571","1023","92","302"
"2020","2","17","14","5514","1004","88","154"
"2020","2","17","15","5445","1009","88","144"
"2020","2","17","16","5471","1049","89","83"
"2020","2","17","17","5628","1141","93","186"
"2020","2","17","18","5963","1258","95","135"
"2020","2","17","19","6232","1283","93","-2"
"2020","2","17","20","6187","1252","93","179"
"2020","2","17","21","6065","1226","85","234"
"2020","2","17","22","5860","1157","77","199"
"2020","2","17","23","5508","1095","73","159"
"2020","2","17","24","5166","1016","68","128"
"2020","2","18","1","4892","973","64","230"
"2020","2","18","2","4776","962","58","297"
"2020","2","18","3","4756","955","59","268"
"2020","2","18","4","4743","951","61","238"
"2020","2","18","5","4797","964","60","240"
"2020","2","18","6","5025","1030","61","150"
"2020","2","18","7","5519","1150","70","17"
"2020","2","18","8","6099","1255","76","200"
"2020","2","18","9","6303","1253","76","43"
"2020","2","18","10","6423","1268","72","70"
"2020","2","18","11","6561","1261","72","37"
"2020","2","18","12","6640","1280","62","28"
"2020","2","18","13","6551","1284","61","185"
"2020","2","18","14","6524","1263","61","249"
"2020","2","18","15","6496","1265","71","343"
"2020","2","18","16","6530","1258","71","331"
"2020","2","18","17","6620","1269","72","301"
"2020","2","18","18","6708","1301","74","60"
"2020","2","18","19","6780","1273","74","-45"
"2020","2","18","20","6695","1243","76","43"
"2020","2","18","21","6555","1180","79","60"
"2020","2","18","22","6281","1118","75","106"
"2020","2","18","23","5915","1033","71","193"
"2020","2","18","24","5478","974","68","158"
"2020","2","19","1","5157","925","67","145"
"2020","2","19","2","4971","889","67","250"
"2020","2","19","3","4862","876","64","77"
"2020","2","19","4","4841","882","63","36"
"2020","2","19","5","4904","906","62","54"
"2020","2","19","6","5146","973","68","61"
"2020","2","19","7","5642","1091","76","190"
"2020","2","19","8","6202","1179","84","-50"
"2020","2","19","9","6355","1156","88","-10"
"2020","2","19","10","6418","1100","91","18"
"2020","2","19","11","6463","1078","78","223"
"2020","2","19","12","6530","1108","76","220"
"2020","2","19","13","6469","1097","77","82"
"2020","2","19","14","6435","1071","82","276"
"2020","2","19","15","6485","1075","87","308"
"2020","2","19","16","6567","1089","90","130"
"2020","2","19","17","6683","1178","93","125"
"2020","2","19","18","6835","1287","91","73"
"2020","2","19","19","7002","1309","89","46"
"2020","2","19","20","6927","1295","87","115"
"2020","2","19","21","6785","1252","83","177"
"2020","2","19","22","6526","1197","77","213"
"2020","2","19","23","6113","1115","74","188"
"2020","2","19","24","5698","1036","75","158"
"2020","2","20","1","5380","978","79","189"
"2020","2","20","2","5195","966","76","193"
"2020","2","20","3","5083","956","76","236"
"2020","2","20","4","5040","961","74","125"
"2020","2","20","5","5070","979","77","106"
"2020","2","20","6","5315","1053","83","133"
"2020","2","20","7","5814","1177","93","47"
"2020","2","20","8","6329","1237","101","58"
"2020","2","20","9","6472","1176","103","123"
"2020","2","20","10","6508","1118","101","172"
"2020","2","20","11","6499","1122","101","316"
"2020","2","20","12","6474","1111","99","270"
"2020","2","20","13","6476","1120","97","206"
"2020","2","20","14","6559","1100","89","113"
"2020","2","20","15","6535","1104","86","104"
"2020","2","20","16","6597","1136","89","54"
"2020","2","20","17","6690","1214","96","171"
"2020","2","20","18","6779","1325","98","208"
"2020","2","20","19","7078","1353","99","125"
"2020","2","20","20","7028","1330","97","53"
"2020","2","20","21","6880","1305","92","162"
"2020","2","20","22","6642","1234","86","135"
"2020","2","20","23","6247","1157","84","175"
"2020","2","20","24","5842","1090","77","252"
"2020","2","21","1","5586","1046","71","243"
"2020","2","21","2","5352","1020","68","167"
"2020","2","21","3","5260","1018","68","199"
"2020","2","21","4","5192","1011","72","233"
"2020","2","21","5","5244","1043","75","256"
"2020","2","21","6","5442","1073","79","93"
"2020","2","21","7","5891","1197","82","179"
"2020","2","21","8","6286","1261","83","215"
"2020","2","21","9","6450","1222","82","356"
"2020","2","21","10","6513","1157","76","269"
"2020","2","21","11","6495","1112","76","269"
"2020","2","21","12","6502","1107","76","350"
"2020","2","21","13","6463","1108","70","332"
"2020","2","21","14","6416","1098","67","280"
"2020","2","21","15","6342","1065","70","346"
"2020","2","21","16","6305","1084","70","327"
"2020","2","21","17","6355","1142","72","362"
"2020","2","21","18","6502","1234","70","354"
"2020","2","21","19","6708","1260","69","177"
"2020","2","21","20","6711","1235","70","218"
"2020","2","21","21","6578","1208","70","198"
"2020","2","21","22","6372","1133","70","155"
"2020","2","21","23","5985","1053","69","188"
"2020","2","21","24","5583","992","65","284"
